model,repeat,window_row,latency_us
TFLite FP32,0,53928,264.312
TFLite FP32,0,71243,164.549
TFLite FP32,0,19044,76.493
TFLite FP32,0,20264,52.469
TFLite FP32,0,19420,39.762
TFLite FP32,0,35537,39.016
TFLite FP32,0,30559,37.998
TFLite FP32,0,20415,37.446
TFLite FP32,0,63213,70.914
TFLite FP32,0,69387,40.44
TFLite FP32,0,47254,36.226
TFLite FP32,0,7900,37.196
TFLite FP32,0,29263,37.054
TFLite FP32,0,68545,36.308
TFLite FP32,0,28197,37.851
TFLite FP32,0,8133,37.337
TFLite FP32,0,29110,36.381
TFLite FP32,0,21704,36.062
TFLite FP32,0,44388,37.495
TFLite FP32,0,54388,83.543
TFLite FP32,0,63226,56.612
TFLite FP32,0,68631,66.375
TFLite FP32,0,44424,43.933
TFLite FP32,0,55429,39.285
TFLite FP32,0,35544,37.232
TFLite FP32,0,25468,32.925
TFLite FP32,0,18908,32.561
TFLite FP32,0,31764,32.52
TFLite FP32,0,57691,31.91
TFLite FP32,0,19505,52.089
TFLite FP32,0,72656,44.741
TFLite FP32,0,21685,35.163
TFLite FP32,0,72767,34.403
TFLite FP32,0,48325,32.139
TFLite FP32,0,649,32.229
TFLite FP32,0,60619,64.586
TFLite FP32,0,56811,37.77
TFLite FP32,0,46411,33.432
TFLite FP32,0,32161,32.868
TFLite FP32,0,29377,33.449
TFLite FP32,0,58265,33.684
TFLite FP32,0,53869,33.825
TFLite FP32,0,68648,35.607
TFLite FP32,0,14512,33.502
TFLite FP32,0,42369,34.514
TFLite FP32,0,73736,54.125
TFLite FP32,0,70708,39.108
TFLite FP32,0,144,38.404
TFLite FP32,0,29199,37.738
TFLite FP32,0,54358,37.427
TFLite FP32,0,10975,40.859
TFLite FP32,0,52535,40.563
TFLite FP32,0,7503,38.925
TFLite FP32,0,60324,67.262
TFLite FP32,0,46418,44.179
TFLite FP32,0,11355,42.892
TFLite FP32,0,39268,39.931
TFLite FP32,0,44339,38.752
TFLite FP32,0,939,40.297
TFLite FP32,0,33983,38.332
TFLite FP32,0,68569,38.716
TFLite FP32,0,69409,40.008
TFLite FP32,0,73780,39.937
TFLite FP32,0,35451,39.677
TFLite FP32,0,69358,37.061
TFLite FP32,0,24610,46.05
TFLite FP32,0,48338,52.954
TFLite FP32,0,34353,49.004
TFLite FP32,0,33190,39.084
TFLite FP32,0,9236,38.825
TFLite FP32,0,24345,40.055
TFLite FP32,0,70954,41.12
TFLite FP32,0,28758,40.087
TFLite FP32,0,5914,36.203
TFLite FP32,0,68614,31.013
TFLite FP32,0,41316,61.632
TFLite FP32,0,8365,33.71
TFLite FP32,0,29637,30.184
TFLite FP32,0,9223,32.337
TFLite FP32,0,59405,30.593
TFLite FP32,0,53906,31.717
TFLite FP32,0,6129,30.679
TFLite FP32,0,52168,30.4
TFLite FP32,0,942,33.474
TFLite FP32,0,58297,33.115
TFLite FP32,0,63243,32.598
TFLite FP32,0,15981,33.02
TFLite FP32,0,29191,32.516
TFLite FP32,0,73740,30.86
TFLite FP32,0,55947,32.054
TFLite FP32,0,50571,32.701
TFLite FP32,0,68629,34.627
TFLite FP32,0,34342,54.136
TFLite FP32,0,23484,41.959
TFLite FP32,0,8345,38.276
TFLite FP32,0,70933,39.009
TFLite FP32,0,49928,53.095
TFLite FP32,0,652,43.262
TFLite FP32,0,9235,38.75
TFLite FP32,0,21430,40.881
TFLite FP32,0,18285,72.207
TFLite FP32,0,13969,43.843
TFLite FP32,0,511,39.016
TFLite FP32,0,68971,38.778
TFLite FP32,0,11312,40.087
TFLite FP32,0,29647,39.247
TFLite FP32,0,34025,40.527
TFLite FP32,0,34009,38.695
TFLite FP32,0,70975,41.486
TFLite FP32,0,24872,41.741
TFLite FP32,0,56507,41.219
TFLite FP32,0,72665,39.071
TFLite FP32,0,24584,39.632
TFLite FP32,0,21448,55.185
TFLite FP32,0,15722,48.69
TFLite FP32,0,2953,39.21
TFLite FP32,0,64335,40.041
TFLite FP32,0,52618,41.725
TFLite FP32,0,44404,40.249
TFLite FP32,0,28155,40.312
TFLite FP32,0,14500,33.846
TFLite FP32,0,54387,55.407
TFLite FP32,0,11989,40.223
TFLite FP32,0,66034,35.012
TFLite FP32,0,59632,33.271
TFLite FP32,0,4460,34.562
TFLite FP32,0,8360,35.071
TFLite FP32,0,1139,32.803
TFLite FP32,0,19370,34.851
TFLite FP32,0,69327,32.882
TFLite FP32,0,69025,31.939
TFLite FP32,0,131,29.917
TFLite FP32,0,20225,32.141
TFLite FP32,0,28406,32.724
TFLite FP32,0,55030,33.815
TFLite FP32,0,53918,35.106
TFLite FP32,0,6701,36.887
TFLite FP32,0,65600,37.863
TFLite FP32,0,28237,56.566
TFLite FP32,0,29133,32.634
TFLite FP32,0,48547,30.42
TFLite FP32,0,25820,32.474
TFLite FP32,0,56376,31.432
TFLite FP32,0,702,31.911
TFLite FP32,0,24660,33.45
TFLite FP32,0,32565,31.667
TFLite FP32,0,35468,33.512
TFLite FP32,0,8115,35.098
TFLite FP32,0,66165,45.816
TFLite FP32,0,18173,36.225
TFLite FP32,0,66045,34.341
TFLite FP32,0,61871,34.459
TFLite FP32,0,55065,36.733
TFLite FP32,0,6661,37.626
TFLite FP32,0,66150,35.782
TFLite FP32,0,11973,32.911
TFLite FP32,0,72644,32.268
TFLite FP32,0,70994,31.667
TFLite FP32,0,29847,32.662
TFLite FP32,0,24346,35.41
TFLite FP32,0,73763,34.925
TFLite FP32,0,37188,36.185
TFLite FP32,0,12627,35.89
TFLite FP32,0,14905,51.132
TFLite FP32,0,69223,42.609
TFLite FP32,0,72641,35.491
TFLite FP32,0,19650,35.343
TFLite FP32,0,68129,35.164
TFLite FP32,0,34483,33.392
TFLite FP32,0,46254,33.45
TFLite FP32,0,23118,32.709
TFLite FP32,0,46838,31.372
TFLite FP32,0,69429,32.279
TFLite FP32,0,16201,82.787
TFLite FP32,0,24684,34.345
TFLite FP32,0,70938,33.592
TFLite FP32,0,59161,31.157
TFLite FP32,0,32001,32.742
TFLite FP32,0,60300,32.839
TFLite FP32,0,24601,32.908
TFLite FP32,0,28221,33.47
TFLite FP32,0,39239,35.127
TFLite FP32,0,41230,34.629
TFLite FP32,0,72848,31.92
TFLite FP32,0,2671,31.102
TFLite FP32,0,19182,32.733
TFLite FP32,0,18916,33.91
TFLite FP32,0,71198,32.96
TFLite FP32,0,68583,32.068
TFLite FP32,0,45410,51.64
TFLite FP32,0,7795,35.245
TFLite FP32,0,24901,33.839
TFLite FP32,0,56375,33.06
TFLite FP32,0,69282,33.194
TFLite FP32,0,53563,32.756
TFLite FP32,0,53888,31.262
TFLite FP32,0,48612,31.28
TFLite FP32,0,19421,33.47
TFLite FP32,0,21480,33.076
TFLite FP32,0,8155,61.034
TFLite FP32,0,49934,35.208
TFLite FP32,0,49715,36.152
TFLite FP32,0,7807,37.904
TFLite FP32,0,24676,35.187
TFLite FP32,0,41233,34.109
TFLite FP32,0,24400,34.929
TFLite FP32,0,10996,35.085
TFLite FP32,0,39206,35.714
TFLite FP32,0,66876,35.429
TFLite FP32,0,186,36.548
TFLite FP32,0,60285,35.96
TFLite FP32,0,28147,36.876
TFLite FP32,0,697,38.513
TFLite FP32,0,21698,36.699
TFLite FP32,0,30032,56.687
TFLite FP32,0,62871,45.086
TFLite FP32,0,35526,36.941
TFLite FP32,0,39237,36.274
TFLite FP32,0,25501,37.894
TFLite FP32,0,70728,37.387
TFLite FP32,0,20390,37.704
TFLite FP32,0,59243,37.288
TFLite FP32,0,33086,56.972
TFLite FP32,0,39207,50.865
TFLite FP32,0,41605,38.125
TFLite FP32,0,12594,38.069
TFLite FP32,0,69302,36.856
TFLite FP32,0,30115,36.825
TFLite FP32,0,33967,35.179
TFLite FP32,0,73657,33.247
TFLite FP32,0,33920,35.128
TFLite FP32,0,21426,37.033
TFLite FP32,0,6122,36.376
TFLite FP32,0,4436,36.803
TFLite FP32,0,57688,35.657
TFLite FP32,0,32737,36.329
TFLite FP32,0,33872,37.471
TFLite FP32,0,73754,50.142
TFLite FP32,0,70944,43.864
TFLite FP32,0,11986,37.479
TFLite FP32,0,712,36.34
TFLite FP32,0,23507,37.196
TFLite FP32,0,44378,36.489
TFLite FP32,0,45417,36.662
TFLite FP32,0,27318,197.144
TFLite FP32,0,30917,96.662
TFLite FP32,0,72861,54.709
TFLite FP32,0,72702,42.192
TFLite FP32,0,68997,36.566
TFLite FP32,0,24387,33.937
TFLite FP32,0,13857,34.684
TFLite FP32,0,58305,32.825
TFLite FP32,0,44345,30.443
TFLite FP32,0,14423,33.882
TFLite FP32,0,7495,33.135
TFLite FP32,0,50075,33.177
TFLite FP32,0,11341,45.14
TFLite FP32,0,49045,39.529
TFLite FP32,0,25494,35.675
TFLite FP32,0,15402,35.65
TFLite FP32,0,34022,35.42
TFLite FP32,0,14908,35.129
TFLite FP32,0,2922,35.845
TFLite FP32,0,57995,34.965
TFLite FP32,0,29251,34.702
TFLite FP32,0,55978,35.536
TFLite FP32,0,6146,47.595
TFLite FP32,0,46648,38.859
TFLite FP32,0,48259,40.17
TFLite FP32,0,6991,35.747
TFLite FP32,0,42362,34.18
TFLite FP32,0,11292,34.585
TFLite FP32,0,46634,34.965
TFLite FP32,0,24615,34.475
TFLite FP32,0,29862,34.934
TFLite FP32,0,49732,34.756
TFLite FP32,0,53384,35.708
TFLite FP32,0,34016,37.243
TFLite FP32,0,56160,34.302
TFLite FP32,0,674,36.704
TFLite FP32,0,63320,38.72
TFLite FP32,0,32525,53.804
TFLite FP32,0,14499,41.707
TFLite FP32,0,39296,37.258
TFLite FP32,0,42312,36.547
TFLite FP32,0,59308,37.078
TFLite FP32,0,24586,74.29
TFLite FP32,0,53567,57.703
TFLite FP32,0,16345,110.911
TFLite FP32,0,52214,65.416
TFLite FP32,0,32003,43.286
TFLite FP32,0,9210,39.226
TFLite FP32,0,68207,34.257
TFLite FP32,0,31342,35.987
TFLite FP32,0,7013,35.751
TFLite FP32,0,5913,37.456
TFLite FP32,0,21401,38.831
TFLite FP32,0,55034,36.68
TFLite FP32,0,31617,36.903
TFLite FP32,0,73769,37.3
TFLite FP32,0,53343,52.069
TFLite FP32,0,20254,48.196
TFLite FP32,0,57694,37.301
TFLite FP32,0,20283,37.614
TFLite FP32,0,71241,37.361
TFLite FP32,0,56501,35.355
TFLite FP32,0,20399,37.935
TFLite FP32,0,32168,37.269
TFLite FP32,0,52067,38.131
TFLite FP32,0,34059,65.686
TFLite FP32,0,68607,42.624
TFLite FP32,0,28214,39.12
TFLite FP32,0,71162,39.227
TFLite FP32,0,26087,38.396
TFLite FP32,0,8158,37.628
TFLite FP32,0,26132,37.082
TFLite FP32,0,6277,37.414
TFLite FP32,0,71140,38.388
TFLite FP32,0,28163,38.048
TFLite FP32,0,45401,35.414
TFLite FP32,0,46961,31.949
TFLite FP32,0,50702,34.153
TFLite FP32,0,24544,32.31
TFLite FP32,0,19391,31.662
TFLite FP32,0,28660,47.729
TFLite FP32,0,13707,38.016
TFLite FP32,0,31346,35.311
TFLite FP32,0,34333,32.532
TFLite FP32,0,51889,31.537
TFLite FP32,0,34354,29.611
TFLite FP32,0,12009,29.257
TFLite FP32,0,69403,30.522
TFLite FP32,0,34400,30.848
TFLite FP32,0,68220,31.375
TFLite FP32,0,12615,56.593
TFLite FP32,0,53497,36.514
TFLite FP32,0,32563,52.826
TFLite FP32,0,51928,35.151
TFLite FP32,0,53897,32.646
TFLite FP32,0,56922,32.658
TFLite FP32,0,6668,31.758
TFLite FP32,0,7792,32.516
TFLite FP32,0,713,32.611
TFLite FP32,0,25872,32.504
TFLite FP32,0,73778,34.877
TFLite FP32,0,25419,35.729
TFLite FP32,0,59612,34.064
TFLite FP32,0,29341,33.194
TFLite FP32,0,29173,37.511
TFLite FP32,0,73675,37.609
TFLite FP32,0,49940,51.486
TFLite FP32,0,72882,39.96
TFLite FP32,0,73707,37.888
TFLite FP32,0,34458,38.46
TFLite FP32,0,41504,37.788
TFLite FP32,0,9202,37.723
TFLite FP32,0,49874,38.769
TFLite FP32,0,30040,38.341
TFLite FP32,0,24343,38.074
TFLite FP32,0,69010,50.799
TFLite FP32,0,21702,39.405
TFLite FP32,0,64323,39.693
TFLite FP32,0,3911,38.451
TFLite FP32,0,60594,38.224
TFLite FP32,0,19194,36.812
TFLite FP32,0,2204,34.517
TFLite FP32,0,64300,34.173
TFLite FP32,0,72857,36.219
TFLite FP32,0,29207,35.934
TFLite FP32,0,21472,35.513
TFLite FP32,0,17725,37.769
TFLite FP32,0,72741,32.685
TFLite FP32,0,30125,30.701
TFLite FP32,0,27370,30.906
TFLite FP32,0,1134,171.479
TFLite FP32,0,45383,45.311
TFLite FP32,0,24590,34.667
TFLite FP32,0,59163,33.317
TFLite FP32,0,73785,33.36
TFLite FP32,0,6678,34.098
TFLite FP32,0,41325,63.857
TFLite FP32,0,41619,40.652
TFLite FP32,0,47491,38.576
TFLite FP32,0,42314,38.713
TFLite FP32,0,56847,37.927
TFLite FP32,0,5920,38.194
TFLite FP32,0,41620,38.407
TFLite FP32,0,64338,38.294
TFLite FP32,0,33136,38.528
TFLite FP32,0,49099,38.945
TFLite FP32,0,50055,35.847
TFLite FP32,0,30562,34.981
TFLite FP32,0,8126,37.351
TFLite FP32,0,19535,36.144
TFLite FP32,0,11305,46.11
TFLite FP32,0,2677,43.807
TFLite FP32,0,42251,38.795
TFLite FP32,0,35439,37.836
TFLite FP32,0,32528,37.439
TFLite FP32,0,41512,36.679
TFLite FP32,0,73712,38.12
TFLite FP32,0,21488,40.072
TFLite FP32,0,52862,40.312
TFLite FP32,0,33149,67.813
TFLite FP32,0,50021,39.261
TFLite FP32,0,58270,38.163
TFLite FP32,0,58748,36.678
TFLite FP32,0,59264,32.487
TFLite FP32,0,157,33.183
TFLite FP32,0,59424,33.997
TFLite FP32,0,16340,33.921
TFLite FP32,0,62389,32.529
TFLite FP32,0,11307,31.463
TFLite FP32,0,47798,32.321
TFLite FP32,0,51146,30.925
TFLite FP32,0,19470,32.26
TFLite FP32,0,23481,36.338
TFLite FP32,0,68577,35.923
TFLite FP32,0,28774,36.599
TFLite FP32,0,63259,50.02
TFLite FP32,0,59431,33.786
TFLite FP32,0,30179,33.104
TFLite FP32,0,62393,35.634
TFLite FP32,0,57657,35.266
TFLite FP32,0,24876,36.946
TFLite FP32,0,7286,38.375
TFLite FP32,0,52483,38.804
TFLite FP32,0,47259,34.417
TFLite FP32,0,62846,64.751
TFLite FP32,0,12623,33.556
TFLite FP32,0,30206,30.034
TFLite FP32,0,70909,31.456
TFLite FP32,0,50311,30.098
TFLite FP32,0,42221,33.416
TFLite FP32,0,18934,37.976
TFLite FP32,0,25853,35.848
TFLite FP32,0,33889,37.67
TFLite FP32,0,51698,39.979
TFLite FP32,0,10904,37.862
TFLite FP32,0,33062,33.656
TFLite FP32,0,15536,34.465
TFLite FP32,0,59277,33.972
TFLite FP32,0,33143,30.151
TFLite FP32,0,5457,32.031
TFLite FP32,0,28409,64.989
TFLite FP32,0,68692,34.166
TFLite FP32,0,25507,31.335
TFLite FP32,0,29267,33.744
TFLite FP32,0,72633,32.412
TFLite FP32,0,28365,54.131
TFLite FP32,0,55965,32.154
TFLite FP32,0,69328,32.164
TFLite FP32,0,51570,32.017
TFLite FP32,0,55950,56.289
TFLite FP32,0,12550,34.716
TFLite FP32,0,41282,32.505
TFLite FP32,0,2957,33.088
TFLite FP32,0,34423,32.013
TFLite FP32,0,33116,31.187
TFLite FP32,0,28240,33.582
TFLite FP32,0,16070,33.189
TFLite FP32,0,56844,32.558
TFLite FP32,0,58290,33.855
TFLite FP32,0,51065,32.679
TFLite FP32,0,68560,31.67
TFLite FP32,0,31735,31.359
TFLite FP32,0,72689,30.366
TFLite FP32,0,5056,29.565
TFLite FP32,0,27950,28.82
TFLite FP32,0,52853,30.0
TFLite FP32,0,56829,40.078
TFLite FP32,0,13719,33.692
TFLite FP32,0,47605,31.084
TFLite FP32,0,21677,30.898
TFLite FP32,0,62380,30.437
TFLite FP32,0,65561,30.981
TFLite FP32,0,4438,30.902
TFLite FP32,0,68196,29.927
TFLite FP32,0,41543,30.296
TFLite FP32,0,6980,30.638
TFLite FP32,0,19043,29.725
TFLite FP32,0,32163,49.816
TFLite FP32,0,31627,32.004
TFLite FP32,0,41283,125.737
TFLite FP32,0,61875,31.202
TFLite FP32,0,29180,21.452
TFLite FP32,0,48615,20.538
TFLite FP32,0,58747,20.476
TFLite FP32,0,69413,20.098
TFLite FP32,0,15332,20.181
TFLite FP32,0,28430,20.169
TFLite FP32,0,34471,20.443
TFLite FP32,0,32167,20.11
TFLite FP32,0,63298,20.124
TFLite FP32,0,10889,20.163
TFLite FP32,0,37124,20.292
TFLite FP32,0,59151,20.034
TFLite FP32,0,54207,20.117
TFLite FP32,0,56918,20.172
TFLite FP32,0,55494,20.471
TFLite FP32,0,72782,19.855
TFLite FP32,0,38956,20.072
TFLite FP32,0,7006,20.16
TFLite FP32,0,17048,23.337
TFLite FP32,0,52623,20.56
TFLite FP32,0,6273,20.148
TFLite FP32,0,65591,20.1
TFLite FP32,0,30189,20.068
TFLite FP32,0,31186,20.267
TFLite FP32,0,49927,20.061
TFLite FP32,0,58274,20.31
TFLite FP32,0,6674,20.126
TFLite INT8,0,53928,121.696
TFLite INT8,0,71243,29.108
TFLite INT8,0,19044,52.959
TFLite INT8,0,20264,1214.604
TFLite INT8,0,19420,156.217
TFLite INT8,0,35537,50.293
TFLite INT8,0,30559,31.436
TFLite INT8,0,20415,30.844
TFLite INT8,0,63213,30.83
TFLite INT8,0,69387,35.934
TFLite INT8,0,47254,33.564
TFLite INT8,0,7900,33.825
TFLite INT8,0,29263,35.08
TFLite INT8,0,68545,33.03
TFLite INT8,0,28197,28.84
TFLite INT8,0,8133,30.598
TFLite INT8,0,29110,31.973
TFLite INT8,0,21704,32.253
TFLite INT8,0,44388,33.005
TFLite INT8,0,54388,36.464
TFLite INT8,0,63226,70.942
TFLite INT8,0,68631,46.156
TFLite INT8,0,44424,47.851
TFLite INT8,0,55429,31.19
TFLite INT8,0,35544,30.229
TFLite INT8,0,25468,30.615
TFLite INT8,0,18908,30.236
TFLite INT8,0,31764,29.509
TFLite INT8,0,57691,33.636
TFLite INT8,0,19505,30.851
TFLite INT8,0,72656,30.175
TFLite INT8,0,21685,29.632
TFLite INT8,0,72767,31.323
TFLite INT8,0,48325,30.733
TFLite INT8,0,649,32.032
TFLite INT8,0,60619,32.384
TFLite INT8,0,56811,31.149
TFLite INT8,0,46411,31.113
TFLite INT8,0,32161,32.165
TFLite INT8,0,29377,32.983
TFLite INT8,0,58265,31.884
TFLite INT8,0,53869,30.548
TFLite INT8,0,68648,27.73
TFLite INT8,0,14512,30.379
TFLite INT8,0,42369,31.261
TFLite INT8,0,73736,31.756
TFLite INT8,0,70708,30.605
TFLite INT8,0,144,31.302
TFLite INT8,0,29199,58.868
TFLite INT8,0,54358,35.138
TFLite INT8,0,10975,30.676
TFLite INT8,0,52535,45.704
TFLite INT8,0,7503,47.268
TFLite INT8,0,60324,34.244
TFLite INT8,0,46418,31.923
TFLite INT8,0,11355,32.202
TFLite INT8,0,39268,33.075
TFLite INT8,0,44339,32.114
TFLite INT8,0,939,34.715
TFLite INT8,0,33983,33.511
TFLite INT8,0,68569,33.868
TFLite INT8,0,69409,35.57
TFLite INT8,0,73780,34.876
TFLite INT8,0,35451,36.144
TFLite INT8,0,69358,39.174
TFLite INT8,0,24610,35.933
TFLite INT8,0,48338,32.409
TFLite INT8,0,34353,32.92
TFLite INT8,0,33190,33.236
TFLite INT8,0,9236,49.92
TFLite INT8,0,24345,34.387
TFLite INT8,0,70954,30.288
TFLite INT8,0,28758,34.603
TFLite INT8,0,5914,61.259
TFLite INT8,0,68614,57.435
TFLite INT8,0,41316,51.097
TFLite INT8,0,8365,38.576
TFLite INT8,0,29637,35.586
TFLite INT8,0,9223,34.516
TFLite INT8,0,59405,33.559
TFLite INT8,0,53906,44.661
TFLite INT8,0,6129,33.793
TFLite INT8,0,52168,33.045
TFLite INT8,0,942,33.146
TFLite INT8,0,58297,34.246
TFLite INT8,0,63243,31.959
TFLite INT8,0,15981,29.792
TFLite INT8,0,29191,28.457
TFLite INT8,0,73740,29.596
TFLite INT8,0,55947,29.062
TFLite INT8,0,50571,30.186
TFLite INT8,0,68629,30.321
TFLite INT8,0,34342,32.049
TFLite INT8,0,23484,29.355
TFLite INT8,0,8345,29.217
TFLite INT8,0,70933,30.268
TFLite INT8,0,49928,31.522
TFLite INT8,0,652,32.57
TFLite INT8,0,9235,33.425
TFLite INT8,0,21430,53.592
TFLite INT8,0,18285,35.448
TFLite INT8,0,13969,30.243
TFLite INT8,0,511,42.988
TFLite INT8,0,68971,31.746
TFLite INT8,0,11312,30.881
TFLite INT8,0,29647,31.495
TFLite INT8,0,34025,30.343
TFLite INT8,0,34009,31.062
TFLite INT8,0,70975,30.171
TFLite INT8,0,24872,32.855
TFLite INT8,0,56507,32.38
TFLite INT8,0,72665,30.637
TFLite INT8,0,24584,31.676
TFLite INT8,0,21448,31.252
TFLite INT8,0,15722,32.168
TFLite INT8,0,2953,30.971
TFLite INT8,0,64335,30.975
TFLite INT8,0,52618,32.803
TFLite INT8,0,44404,31.858
TFLite INT8,0,28155,32.43
TFLite INT8,0,14500,31.83
TFLite INT8,0,54387,31.16
TFLite INT8,0,11989,32.799
TFLite INT8,0,66034,31.415
TFLite INT8,0,59632,33.901
TFLite INT8,0,4460,32.015
TFLite INT8,0,8360,32.299
TFLite INT8,0,1139,50.35
TFLite INT8,0,19370,37.791
TFLite INT8,0,69327,34.828
TFLite INT8,0,69025,47.948
TFLite INT8,0,131,38.029
TFLite INT8,0,20225,33.487
TFLite INT8,0,28406,33.355
TFLite INT8,0,55030,34.256
TFLite INT8,0,53918,34.949
TFLite INT8,0,6701,34.003
TFLite INT8,0,65600,33.423
TFLite INT8,0,28237,32.219
TFLite INT8,0,29133,34.218
TFLite INT8,0,48547,35.04
TFLite INT8,0,25820,33.263
TFLite INT8,0,56376,33.961
TFLite INT8,0,702,34.54
TFLite INT8,0,24660,35.495
TFLite INT8,0,32565,34.299
TFLite INT8,0,35468,34.001
TFLite INT8,0,8115,34.407
TFLite INT8,0,66165,34.333
TFLite INT8,0,18173,36.046
TFLite INT8,0,66045,33.97
TFLite INT8,0,61871,33.099
TFLite INT8,0,55065,33.538
TFLite INT8,0,6661,56.942
TFLite INT8,0,66150,39.607
TFLite INT8,0,11973,35.312
TFLite INT8,0,72644,53.766
TFLite INT8,0,70994,36.715
TFLite INT8,0,29847,31.184
TFLite INT8,0,24346,32.514
TFLite INT8,0,73763,32.428
TFLite INT8,0,37188,34.314
TFLite INT8,0,12627,34.105
TFLite INT8,0,14905,32.133
TFLite INT8,0,69223,33.8
TFLite INT8,0,72641,35.121
TFLite INT8,0,19650,33.373
TFLite INT8,0,68129,35.129
TFLite INT8,0,34483,33.891
TFLite INT8,0,46254,34.896
TFLite INT8,0,23118,34.15
TFLite INT8,0,46838,34.19
TFLite INT8,0,69429,31.038
TFLite INT8,0,16201,34.082
TFLite INT8,0,24684,34.301
TFLite INT8,0,70938,36.289
TFLite INT8,0,59161,35.745
TFLite INT8,0,32001,33.096
TFLite INT8,0,60300,34.848
TFLite INT8,0,24601,74.775
TFLite INT8,0,28221,37.433
TFLite INT8,0,39239,47.193
TFLite INT8,0,41230,39.531
TFLite INT8,0,72848,35.188
TFLite INT8,0,2671,32.347
TFLite INT8,0,19182,29.745
TFLite INT8,0,18916,31.942
TFLite INT8,0,71198,32.301
TFLite INT8,0,68583,31.513
TFLite INT8,0,45410,30.919
TFLite INT8,0,7795,31.825
TFLite INT8,0,24901,31.981
TFLite INT8,0,56375,31.511
TFLite INT8,0,69282,33.225
TFLite INT8,0,53563,32.091
TFLite INT8,0,53888,31.483
TFLite INT8,0,48612,32.224
TFLite INT8,0,19421,33.694
TFLite INT8,0,21480,34.5
TFLite INT8,0,8155,32.652
TFLite INT8,0,49934,33.562
TFLite INT8,0,49715,32.425
TFLite INT8,0,7807,32.692
TFLite INT8,0,24676,32.835
TFLite INT8,0,41233,33.226
TFLite INT8,0,24400,56.714
TFLite INT8,0,10996,42.153
TFLite INT8,0,39206,36.317
TFLite INT8,0,66876,50.642
TFLite INT8,0,186,34.571
TFLite INT8,0,60285,30.793
TFLite INT8,0,28147,31.987
TFLite INT8,0,697,33.699
TFLite INT8,0,21698,48.453
TFLite INT8,0,30032,37.454
TFLite INT8,0,62871,34.201
TFLite INT8,0,35526,34.389
TFLite INT8,0,39237,34.197
TFLite INT8,0,25501,34.119
TFLite INT8,0,70728,34.873
TFLite INT8,0,20390,33.991
TFLite INT8,0,59243,34.891
TFLite INT8,0,33086,33.92
TFLite INT8,0,39207,33.685
TFLite INT8,0,41605,35.142
TFLite INT8,0,12594,34.314
TFLite INT8,0,69302,34.518
TFLite INT8,0,30115,34.465
TFLite INT8,0,33967,35.951
TFLite INT8,0,73657,33.89
TFLite INT8,0,33920,55.662
TFLite INT8,0,21426,42.108
TFLite INT8,0,6122,35.668
TFLite INT8,0,4436,54.591
TFLite INT8,0,57688,36.622
TFLite INT8,0,32737,35.129
TFLite INT8,0,33872,35.402
TFLite INT8,0,73754,46.248
TFLite INT8,0,70944,36.726
TFLite INT8,0,11986,34.31
TFLite INT8,0,712,34.609
TFLite INT8,0,23507,43.467
TFLite INT8,0,44378,39.699
TFLite INT8,0,45417,35.497
TFLite INT8,0,27318,36.061
TFLite INT8,0,30917,35.722
TFLite INT8,0,72861,35.826
TFLite INT8,0,72702,35.285
TFLite INT8,0,68997,35.094
TFLite INT8,0,24387,39.52
TFLite INT8,0,13857,35.454
TFLite INT8,0,58305,34.533
TFLite INT8,0,44345,34.992
TFLite INT8,0,14423,34.472
TFLite INT8,0,7495,62.316
TFLite INT8,0,50075,38.796
TFLite INT8,0,11341,32.188
TFLite INT8,0,49045,44.053
TFLite INT8,0,25494,31.219
TFLite INT8,0,15402,30.385
TFLite INT8,0,34022,31.362
TFLite INT8,0,14908,33.343
TFLite INT8,0,2922,34.182
TFLite INT8,0,57995,29.236
TFLite INT8,0,29251,29.356
TFLite INT8,0,55978,29.39
TFLite INT8,0,6146,30.837
TFLite INT8,0,46648,29.947
TFLite INT8,0,48259,30.023
TFLite INT8,0,6991,34.592
TFLite INT8,0,42362,43.543
TFLite INT8,0,11292,34.828
TFLite INT8,0,46634,33.006
TFLite INT8,0,24615,33.211
TFLite INT8,0,29862,30.209
TFLite INT8,0,49732,32.24
TFLite INT8,0,53384,33.553
TFLite INT8,0,34016,33.391
TFLite INT8,0,56160,31.626
TFLite INT8,0,674,32.764
TFLite INT8,0,63320,33.358
TFLite INT8,0,32525,57.736
TFLite INT8,0,14499,42.404
TFLite INT8,0,39296,35.779
TFLite INT8,0,42312,51.584
TFLite INT8,0,59308,37.756
TFLite INT8,0,24586,35.042
TFLite INT8,0,53567,36.402
TFLite INT8,0,16345,35.323
TFLite INT8,0,52214,35.861
TFLite INT8,0,32003,37.284
TFLite INT8,0,9210,36.281
TFLite INT8,0,68207,36.677
TFLite INT8,0,31342,36.077
TFLite INT8,0,7013,36.909
TFLite INT8,0,5913,36.729
TFLite INT8,0,21401,38.037
TFLite INT8,0,55034,36.697
TFLite INT8,0,31617,36.008
TFLite INT8,0,73769,37.784
TFLite INT8,0,53343,35.776
TFLite INT8,0,20254,34.872
TFLite INT8,0,57694,36.139
TFLite INT8,0,20283,35.885
TFLite INT8,0,71241,36.645
TFLite INT8,0,56501,61.64
TFLite INT8,0,20399,64.151
TFLite INT8,0,32168,49.768
TFLite INT8,0,52067,33.039
TFLite INT8,0,34059,29.851
TFLite INT8,0,68607,30.117
TFLite INT8,0,28214,32.185
TFLite INT8,0,71162,34.892
TFLite INT8,0,26087,35.194
TFLite INT8,0,8158,35.719
TFLite INT8,0,26132,35.433
TFLite INT8,0,6277,35.805
TFLite INT8,0,71140,36.343
TFLite INT8,0,28163,35.113
TFLite INT8,0,45401,36.995
TFLite INT8,0,46961,37.597
TFLite INT8,0,50702,36.835
TFLite INT8,0,24544,35.182
TFLite INT8,0,19391,35.672
TFLite INT8,0,28660,37.795
TFLite INT8,0,13707,38.16
TFLite INT8,0,31346,166.102
TFLite INT8,0,34333,57.153
TFLite INT8,0,51889,37.34
TFLite INT8,0,34354,32.902
TFLite INT8,0,12009,32.421
TFLite INT8,0,69403,32.69
TFLite INT8,0,34400,36.021
TFLite INT8,0,68220,34.352
TFLite INT8,0,12615,32.101
TFLite INT8,0,53497,30.666
TFLite INT8,0,32563,30.252
TFLite INT8,0,51928,30.88
TFLite INT8,0,53897,33.364
TFLite INT8,0,56922,34.386
TFLite INT8,0,6668,35.059
TFLite INT8,0,7792,34.107
TFLite INT8,0,713,34.144
TFLite INT8,0,25872,33.666
TFLite INT8,0,73778,33.027
TFLite INT8,0,25419,33.715
TFLite INT8,0,59612,32.739
TFLite INT8,0,29341,33.171
TFLite INT8,0,29173,32.218
TFLite INT8,0,73675,58.608
TFLite INT8,0,49940,36.279
TFLite INT8,0,72882,30.85
TFLite INT8,0,73707,42.47
TFLite INT8,0,34458,29.22
TFLite INT8,0,41504,39.945
TFLite INT8,0,9202,30.49
TFLite INT8,0,49874,30.348
TFLite INT8,0,30040,30.355
TFLite INT8,0,24343,29.772
TFLite INT8,0,69010,30.983
TFLite INT8,0,21702,29.843
TFLite INT8,0,64323,40.723
TFLite INT8,0,3911,31.462
TFLite INT8,0,60594,43.447
TFLite INT8,0,19194,32.943
TFLite INT8,0,2204,31.884
TFLite INT8,0,64300,32.745
TFLite INT8,0,72857,32.442
TFLite INT8,0,29207,34.827
TFLite INT8,0,21472,34.377
TFLite INT8,0,17725,34.135
TFLite INT8,0,72741,33.997
TFLite INT8,0,30125,36.257
TFLite INT8,0,27370,35.759
TFLite INT8,0,1134,33.993
TFLite INT8,0,45383,35.424
TFLite INT8,0,24590,64.793
TFLite INT8,0,59163,46.002
TFLite INT8,0,73785,50.065
TFLite INT8,0,6678,39.294
TFLite INT8,0,41325,37.491
TFLite INT8,0,41619,53.401
TFLite INT8,0,47491,36.887
TFLite INT8,0,42314,35.594
TFLite INT8,0,56847,37.032
TFLite INT8,0,5920,35.648
TFLite INT8,0,41620,35.297
TFLite INT8,0,64338,34.463
TFLite INT8,0,33136,33.749
TFLite INT8,0,49099,35.194
TFLite INT8,0,50055,36.768
TFLite INT8,0,30562,36.597
TFLite INT8,0,8126,35.388
TFLite INT8,0,19535,34.694
TFLite INT8,0,11305,30.745
TFLite INT8,0,2677,31.442
TFLite INT8,0,42251,30.679
TFLite INT8,0,35439,31.985
TFLite INT8,0,32528,32.669
TFLite INT8,0,41512,31.711
TFLite INT8,0,73712,55.348
TFLite INT8,0,21488,37.568
TFLite INT8,0,52862,34.654
TFLite INT8,0,33149,49.73
TFLite INT8,0,50021,39.011
TFLite INT8,0,58270,50.382
TFLite INT8,0,58748,38.943
TFLite INT8,0,59264,37.252
TFLite INT8,0,157,35.639
TFLite INT8,0,59424,36.475
TFLite INT8,0,16340,33.58
TFLite INT8,0,62389,33.195
TFLite INT8,0,11307,34.305
TFLite INT8,0,47798,34.133
TFLite INT8,0,51146,34.632
TFLite INT8,0,19470,50.035
TFLite INT8,0,23481,38.459
TFLite INT8,0,68577,36.106
TFLite INT8,0,28774,35.447
TFLite INT8,0,63259,36.43
TFLite INT8,0,59431,36.613
TFLite INT8,0,30179,35.723
TFLite INT8,0,62393,35.99
TFLite INT8,0,57657,35.464
TFLite INT8,0,24876,59.265
TFLite INT8,0,7286,42.227
TFLite INT8,0,52483,37.013
TFLite INT8,0,47259,41.208
TFLite INT8,0,62846,35.873
TFLite INT8,0,12623,31.063
TFLite INT8,0,30206,31.931
TFLite INT8,0,70909,30.402
TFLite INT8,0,50311,31.066
TFLite INT8,0,42221,31.348
TFLite INT8,0,18934,32.663
TFLite INT8,0,25853,31.54
TFLite INT8,0,33889,30.042
TFLite INT8,0,51698,31.887
TFLite INT8,0,10904,34.591
TFLite INT8,0,33062,35.154
TFLite INT8,0,15536,32.891
TFLite INT8,0,59277,31.142
TFLite INT8,0,33143,30.056
TFLite INT8,0,5457,32.558
TFLite INT8,0,28409,33.452
TFLite INT8,0,68692,35.453
TFLite INT8,0,25507,36.821
TFLite INT8,0,29267,36.395
TFLite INT8,0,72633,32.914
TFLite INT8,0,28365,34.648
TFLite INT8,0,55965,56.52
TFLite INT8,0,69328,42.403
TFLite INT8,0,51570,36.209
TFLite INT8,0,55950,54.076
TFLite INT8,0,12550,34.89
TFLite INT8,0,41282,32.529
TFLite INT8,0,2957,32.343
TFLite INT8,0,34423,31.464
TFLite INT8,0,33116,31.754
TFLite INT8,0,28240,33.154
TFLite INT8,0,16070,33.788
TFLite INT8,0,56844,35.913
TFLite INT8,0,58290,33.114
TFLite INT8,0,51065,31.073
TFLite INT8,0,68560,31.59
TFLite INT8,0,31735,32.704
TFLite INT8,0,72689,33.309
TFLite INT8,0,5056,36.209
TFLite INT8,0,27950,35.93
TFLite INT8,0,52853,34.846
TFLite INT8,0,56829,33.898
TFLite INT8,0,13719,32.607
TFLite INT8,0,47605,31.492
TFLite INT8,0,21677,31.172
TFLite INT8,0,62380,34.533
TFLite INT8,0,65561,33.001
TFLite INT8,0,4438,52.433
TFLite INT8,0,68196,36.514
TFLite INT8,0,41543,32.167
TFLite INT8,0,6980,205.753
TFLite INT8,0,19043,61.271
TFLite INT8,0,32163,33.793
TFLite INT8,0,31627,31.792
TFLite INT8,0,41283,31.474
TFLite INT8,0,61875,33.478
TFLite INT8,0,29180,32.715
TFLite INT8,0,48615,32.234
TFLite INT8,0,58747,32.311
TFLite INT8,0,69413,34.117
TFLite INT8,0,15332,31.694
TFLite INT8,0,28430,32.92
TFLite INT8,0,34471,32.684
TFLite INT8,0,32167,33.657
TFLite INT8,0,63298,33.347
TFLite INT8,0,10889,33.455
TFLite INT8,0,37124,33.924
TFLite INT8,0,59151,33.965
TFLite INT8,0,54207,34.415
TFLite INT8,0,56918,45.185
TFLite INT8,0,55494,36.883
TFLite INT8,0,72782,47.693
TFLite INT8,0,38956,37.899
TFLite INT8,0,7006,33.98
TFLite INT8,0,17048,33.088
TFLite INT8,0,52623,33.473
TFLite INT8,0,6273,30.956
TFLite INT8,0,65591,33.606
TFLite INT8,0,30189,34.638
TFLite INT8,0,31186,34.825
TFLite INT8,0,49927,33.579
TFLite INT8,0,58274,33.271
TFLite INT8,0,6674,33.718
TFLite INT8,1,53928,38.746
TFLite INT8,1,71243,35.372
TFLite INT8,1,19044,31.671
TFLite INT8,1,20264,31.403
TFLite INT8,1,19420,32.991
TFLite INT8,1,35537,31.401
TFLite INT8,1,30559,33.539
TFLite INT8,1,20415,31.685
TFLite INT8,1,63213,32.144
TFLite INT8,1,69387,31.213
TFLite INT8,1,47254,31.97
TFLite INT8,1,7900,54.573
TFLite INT8,1,29263,39.514
TFLite INT8,1,68545,32.836
TFLite INT8,1,28197,44.963
TFLite INT8,1,8133,33.09
TFLite INT8,1,29110,29.031
TFLite INT8,1,21704,28.103
TFLite INT8,1,44388,30.186
TFLite INT8,1,54388,31.775
TFLite INT8,1,63226,30.829
TFLite INT8,1,68631,31.423
TFLite INT8,1,44424,30.63
TFLite INT8,1,55429,28.303
TFLite INT8,1,35544,29.663
TFLite INT8,1,25468,31.015
TFLite INT8,1,18908,31.231
TFLite INT8,1,31764,32.815
TFLite INT8,1,57691,31.922
TFLite INT8,1,19505,33.638
TFLite INT8,1,72656,30.827
TFLite INT8,1,21685,29.965
TFLite INT8,1,72767,30.824
TFLite INT8,1,48325,29.675
TFLite INT8,1,649,29.674
TFLite INT8,1,60619,30.166
TFLite INT8,1,56811,31.963
TFLite INT8,1,46411,33.312
TFLite INT8,1,32161,32.832
TFLite INT8,1,29377,32.987
TFLite INT8,1,58265,57.38
TFLite INT8,1,53869,37.856
TFLite INT8,1,68648,51.945
TFLite INT8,1,14512,37.033
TFLite INT8,1,42369,32.679
TFLite INT8,1,73736,32.147
TFLite INT8,1,70708,34.114
TFLite INT8,1,144,34.764
TFLite INT8,1,29199,36.077
TFLite INT8,1,54358,34.75
TFLite INT8,1,10975,33.857
TFLite INT8,1,52535,36.371
TFLite INT8,1,7503,35.992
TFLite INT8,1,60324,36.159
TFLite INT8,1,46418,35.073
TFLite INT8,1,11355,35.131
TFLite INT8,1,39268,36.065
TFLite INT8,1,44339,36.589
TFLite INT8,1,939,35.901
TFLite INT8,1,33983,37.741
TFLite INT8,1,68569,35.397
TFLite INT8,1,69409,38.271
TFLite INT8,1,73780,36.177
TFLite INT8,1,35451,37.79
TFLite INT8,1,69358,59.987
TFLite INT8,1,24610,47.745
TFLite INT8,1,48338,37.828
TFLite INT8,1,34353,43.603
TFLite INT8,1,33190,36.896
TFLite INT8,1,9236,36.358
TFLite INT8,1,24345,36.59
TFLite INT8,1,70954,36.7
TFLite INT8,1,28758,35.591
TFLite INT8,1,5914,33.335
TFLite INT8,1,68614,31.295
TFLite INT8,1,41316,30.78
TFLite INT8,1,8365,33.206
TFLite INT8,1,29637,37.027
TFLite INT8,1,9223,33.733
TFLite INT8,1,59405,36.557
TFLite INT8,1,53906,35.816
TFLite INT8,1,6129,35.02
TFLite INT8,1,52168,33.688
TFLite INT8,1,942,32.808
TFLite INT8,1,58297,35.327
TFLite INT8,1,63243,36.022
TFLite INT8,1,15981,36.822
TFLite INT8,1,29191,33.044
TFLite INT8,1,73740,34.309
TFLite INT8,1,55947,61.736
TFLite INT8,1,50571,38.452
TFLite INT8,1,68629,49.805
TFLite INT8,1,34342,42.597
TFLite INT8,1,23484,37.278
TFLite INT8,1,8345,36.641
TFLite INT8,1,70933,37.764
TFLite INT8,1,49928,35.936
TFLite INT8,1,652,37.516
TFLite INT8,1,9235,37.65
TFLite INT8,1,21430,37.088
TFLite INT8,1,18285,35.726
TFLite INT8,1,13969,36.917
TFLite INT8,1,511,36.561
TFLite INT8,1,68971,35.912
TFLite INT8,1,11312,38.886
TFLite INT8,1,29647,36.737
TFLite INT8,1,34025,36.487
TFLite INT8,1,34009,36.876
TFLite INT8,1,70975,36.506
TFLite INT8,1,24872,34.376
TFLite INT8,1,56507,31.595
TFLite INT8,1,72665,31.476
TFLite INT8,1,24584,32.186
TFLite INT8,1,21448,58.068
TFLite INT8,1,15722,35.441
TFLite INT8,1,2953,32.948
TFLite INT8,1,64335,46.991
TFLite INT8,1,52618,33.977
TFLite INT8,1,44404,30.802
TFLite INT8,1,28155,30.422
TFLite INT8,1,14500,31.351
TFLite INT8,1,54387,31.989
TFLite INT8,1,11989,33.303
TFLite INT8,1,66034,44.581
TFLite INT8,1,59632,37.693
TFLite INT8,1,4460,30.822
TFLite INT8,1,8360,30.762
TFLite INT8,1,1139,30.329
TFLite INT8,1,19370,32.141
TFLite INT8,1,69327,29.95
TFLite INT8,1,69025,32.802
TFLite INT8,1,131,32.135
TFLite INT8,1,20225,30.124
TFLite INT8,1,28406,32.366
TFLite INT8,1,55030,35.103
TFLite INT8,1,53918,33.958
TFLite INT8,1,6701,34.648
TFLite INT8,1,65600,34.609
TFLite INT8,1,28237,32.066
TFLite INT8,1,29133,34.132
TFLite INT8,1,48547,60.292
TFLite INT8,1,25820,38.905
TFLite INT8,1,56376,56.287
TFLite INT8,1,702,39.863
TFLite INT8,1,24660,29.632
TFLite INT8,1,32565,29.89
TFLite INT8,1,35468,31.72
TFLite INT8,1,8115,33.104
TFLite INT8,1,66165,34.134
TFLite INT8,1,18173,35.214
TFLite INT8,1,66045,35.025
TFLite INT8,1,61871,34.392
TFLite INT8,1,55065,34.803
TFLite INT8,1,6661,33.013
TFLite INT8,1,66150,33.546
TFLite INT8,1,11973,33.516
TFLite INT8,1,72644,35.51
TFLite INT8,1,70994,32.345
TFLite INT8,1,29847,30.006
TFLite INT8,1,24346,32.72
TFLite INT8,1,73763,35.27
TFLite INT8,1,37188,35.845
TFLite INT8,1,12627,33.886
TFLite INT8,1,14905,32.592
TFLite INT8,1,69223,33.05
TFLite INT8,1,72641,34.73
TFLite INT8,1,19650,60.062
TFLite INT8,1,68129,33.54
TFLite INT8,1,34483,31.986
TFLite INT8,1,46254,37.9
TFLite INT8,1,23118,34.386
TFLite INT8,1,46838,32.572
TFLite INT8,1,69429,34.57
TFLite INT8,1,16201,32.817
TFLite INT8,1,24684,29.49
TFLite INT8,1,70938,28.125
TFLite INT8,1,59161,28.984
TFLite INT8,1,32001,30.198
TFLite INT8,1,60300,30.08
TFLite INT8,1,24601,31.159
TFLite INT8,1,28221,29.063
TFLite INT8,1,39239,29.981
TFLite INT8,1,41230,30.519
TFLite INT8,1,72848,31.477
TFLite INT8,1,2671,32.845
TFLite INT8,1,19182,34.235
TFLite INT8,1,18916,30.732
TFLite INT8,1,71198,30.764
TFLite INT8,1,68583,30.571
TFLite INT8,1,45410,31.742
TFLite INT8,1,7795,30.418
TFLite INT8,1,24901,30.847
TFLite INT8,1,56375,43.426
TFLite INT8,1,69282,57.182
TFLite INT8,1,53563,35.461
TFLite INT8,1,53888,45.183
TFLite INT8,1,48612,44.995
TFLite INT8,1,19421,30.998
TFLite INT8,1,21480,32.696
TFLite INT8,1,8155,32.578
TFLite INT8,1,49934,32.744
TFLite INT8,1,49715,31.299
TFLite INT8,1,7807,31.936
TFLite INT8,1,24676,33.605
TFLite INT8,1,41233,33.751
TFLite INT8,1,24400,34.457
TFLite INT8,1,10996,34.95
TFLite INT8,1,39206,34.148
TFLite INT8,1,66876,35.998
TFLite INT8,1,186,52.813
TFLite INT8,1,60285,43.303
TFLite INT8,1,28147,35.388
TFLite INT8,1,697,35.785
TFLite INT8,1,21698,36.136
TFLite INT8,1,30032,35.99
TFLite INT8,1,62871,36.993
TFLite INT8,1,35526,36.521
TFLite INT8,1,39237,37.678
TFLite INT8,1,25501,62.16
TFLite INT8,1,70728,41.008
TFLite INT8,1,20390,48.14
TFLite INT8,1,59243,42.823
TFLite INT8,1,33086,37.989
TFLite INT8,1,39207,36.672
TFLite INT8,1,41605,35.142
TFLite INT8,1,12594,35.652
TFLite INT8,1,69302,35.918
TFLite INT8,1,30115,36.827
TFLite INT8,1,33967,36.953
TFLite INT8,1,73657,36.65
TFLite INT8,1,33920,35.4
TFLite INT8,1,21426,31.067
TFLite INT8,1,6122,30.873
TFLite INT8,1,4436,32.474
TFLite INT8,1,57688,33.423
TFLite INT8,1,32737,34.276
TFLite INT8,1,33872,34.254
TFLite INT8,1,73754,36.865
TFLite INT8,1,70944,35.017
TFLite INT8,1,11986,36.352
TFLite INT8,1,712,36.452
TFLite INT8,1,23507,37.247
TFLite INT8,1,44378,60.223
TFLite INT8,1,45417,47.143
TFLite INT8,1,27318,36.83
TFLite INT8,1,30917,56.146
TFLite INT8,1,72861,37.234
TFLite INT8,1,72702,38.298
TFLite INT8,1,68997,35.998
TFLite INT8,1,24387,36.341
TFLite INT8,1,13857,37.975
TFLite INT8,1,58305,37.766
TFLite INT8,1,44345,37.166
TFLite INT8,1,14423,36.977
TFLite INT8,1,7495,36.343
TFLite INT8,1,50075,37.483
TFLite INT8,1,11341,36.58
TFLite INT8,1,49045,36.56
TFLite INT8,1,25494,35.941
TFLite INT8,1,15402,37.12
TFLite INT8,1,34022,36.384
TFLite INT8,1,14908,35.918
TFLite INT8,1,2922,34.924
TFLite INT8,1,57995,30.644
TFLite INT8,1,29251,29.743
TFLite INT8,1,55978,32.375
TFLite INT8,1,6146,54.549
TFLite INT8,1,46648,36.563
TFLite INT8,1,48259,51.14
TFLite INT8,1,6991,47.084
TFLite INT8,1,42362,32.345
TFLite INT8,1,11292,30.01
TFLite INT8,1,46634,31.53
TFLite INT8,1,24615,31.191
TFLite INT8,1,29862,32.052
TFLite INT8,1,49732,33.359
TFLite INT8,1,53384,35.861
TFLite INT8,1,34016,35.178
TFLite INT8,1,56160,32.775
TFLite INT8,1,674,29.969
TFLite INT8,1,63320,29.079
TFLite INT8,1,32525,31.445
TFLite INT8,1,14499,32.619
TFLite INT8,1,39296,32.977
TFLite INT8,1,42312,34.566
TFLite INT8,1,59308,31.014
TFLite INT8,1,24586,30.607
TFLite INT8,1,53567,40.374
TFLite INT8,1,16345,33.711
TFLite INT8,1,52214,33.437
TFLite INT8,1,32003,33.149
TFLite INT8,1,9210,33.73
TFLite INT8,1,68207,32.014
TFLite INT8,1,31342,60.158
TFLite INT8,1,7013,34.005
TFLite INT8,1,5913,47.713
TFLite INT8,1,21401,37.5
TFLite INT8,1,55034,35.167
TFLite INT8,1,31617,33.426
TFLite INT8,1,73769,33.864
TFLite INT8,1,53343,34.741
TFLite INT8,1,20254,34.845
TFLite INT8,1,57694,34.285
TFLite INT8,1,20283,32.782
TFLite INT8,1,71241,34.363
TFLite INT8,1,56501,32.572
TFLite INT8,1,20399,320.378
TFLite INT8,1,32168,88.288
TFLite INT8,1,52067,75.048
TFLite INT8,1,34059,48.087
TFLite INT8,1,68607,34.451
TFLite INT8,1,28214,33.507
TFLite INT8,1,71162,33.512
TFLite INT8,1,26087,36.198
TFLite INT8,1,8158,36.956
TFLite INT8,1,26132,35.375
TFLite INT8,1,6277,32.917
TFLite INT8,1,71140,31.396
TFLite INT8,1,28163,32.485
TFLite INT8,1,45401,32.339
TFLite INT8,1,46961,32.258
TFLite INT8,1,50702,32.222
TFLite INT8,1,24544,33.192
TFLite INT8,1,19391,32.685
TFLite INT8,1,28660,33.555
TFLite INT8,1,13707,33.125
TFLite INT8,1,31346,50.326
TFLite INT8,1,34333,34.12
TFLite INT8,1,51889,33.14
TFLite INT8,1,34354,34.487
TFLite INT8,1,12009,35.961
TFLite INT8,1,69403,35.144
TFLite INT8,1,34400,33.268
TFLite INT8,1,68220,34.912
TFLite INT8,1,12615,59.948
TFLite INT8,1,53497,36.367
TFLite INT8,1,32563,33.482
TFLite INT8,1,51928,30.268
TFLite INT8,1,53897,46.777
TFLite INT8,1,56922,35.136
TFLite INT8,1,6668,32.158
TFLite INT8,1,7792,32.617
TFLite INT8,1,713,33.855
TFLite INT8,1,25872,33.753
TFLite INT8,1,73778,35.096
TFLite INT8,1,25419,35.882
TFLite INT8,1,59612,37.024
TFLite INT8,1,29341,35.192
TFLite INT8,1,29173,34.352
TFLite INT8,1,73675,34.932
TFLite INT8,1,49940,37.546
TFLite INT8,1,72882,52.301
TFLite INT8,1,73707,44.535
TFLite INT8,1,34458,36.338
TFLite INT8,1,41504,36.333
TFLite INT8,1,9202,33.982
TFLite INT8,1,49874,34.349
TFLite INT8,1,30040,35.294
TFLite INT8,1,24343,36.564
TFLite INT8,1,69010,74.275
TFLite INT8,1,21702,41.061
TFLite INT8,1,64323,39.764
TFLite INT8,1,3911,37.266
TFLite INT8,1,60594,36.395
TFLite INT8,1,19194,36.052
TFLite INT8,1,2204,34.278
TFLite INT8,1,64300,39.332
TFLite INT8,1,72857,38.384
TFLite INT8,1,29207,36.877
TFLite INT8,1,21472,34.944
TFLite INT8,1,17725,35.91
TFLite INT8,1,72741,35.355
TFLite INT8,1,30125,34.766
TFLite INT8,1,27370,36.783
TFLite INT8,1,1134,36.192
TFLite INT8,1,45383,57.142
TFLite INT8,1,24590,45.005
TFLite INT8,1,59163,39.944
TFLite INT8,1,73785,36.776
TFLite INT8,1,6678,37.593
TFLite INT8,1,41325,39.564
TFLite INT8,1,41619,61.414
TFLite INT8,1,47491,46.334
TFLite INT8,1,42314,37.615
TFLite INT8,1,56847,36.616
TFLite INT8,1,5920,36.776
TFLite INT8,1,41620,38.262
TFLite INT8,1,64338,36.079
TFLite INT8,1,33136,35.28
TFLite INT8,1,49099,36.713
TFLite INT8,1,50055,37.33
TFLite INT8,1,30562,35.183
TFLite INT8,1,8126,36.824
TFLite INT8,1,19535,38.212
TFLite INT8,1,11305,35.978
TFLite INT8,1,2677,35.89
TFLite INT8,1,42251,35.379
TFLite INT8,1,35439,35.767
TFLite INT8,1,32528,58.901
TFLite INT8,1,41512,39.155
TFLite INT8,1,73712,36.615
TFLite INT8,1,21488,34.633
TFLite INT8,1,52862,34.871
TFLite INT8,1,33149,35.647
TFLite INT8,1,50021,37.229
TFLite INT8,1,58270,61.983
TFLite INT8,1,58748,65.061
TFLite INT8,1,59264,34.525
TFLite INT8,1,157,31.308
TFLite INT8,1,59424,30.635
TFLite INT8,1,16340,29.753
TFLite INT8,1,62389,30.766
TFLite INT8,1,11307,32.945
TFLite INT8,1,47798,33.44
TFLite INT8,1,51146,35.383
TFLite INT8,1,19470,32.873
TFLite INT8,1,23481,32.944
TFLite INT8,1,68577,28.99
TFLite INT8,1,28774,31.923
TFLite INT8,1,63259,31.968
TFLite INT8,1,59431,33.583
TFLite INT8,1,30179,36.472
TFLite INT8,1,62393,35.206
TFLite INT8,1,57657,51.671
TFLite INT8,1,24876,33.931
TFLite INT8,1,7286,32.101
TFLite INT8,1,52483,34.138
TFLite INT8,1,47259,34.431
TFLite INT8,1,62846,35.24
TFLite INT8,1,12623,32.14
TFLite INT8,1,30206,31.99
TFLite INT8,1,70909,61.401
TFLite INT8,1,50311,36.697
TFLite INT8,1,42221,36.703
TFLite INT8,1,18934,37.519
TFLite INT8,1,25853,36.154
TFLite INT8,1,33889,35.501
TFLite INT8,1,51698,34.516
TFLite INT8,1,10904,36.982
TFLite INT8,1,33062,38.333
TFLite INT8,1,15536,35.306
TFLite INT8,1,59277,37.622
TFLite INT8,1,33143,36.197
TFLite INT8,1,5457,37.901
TFLite INT8,1,28409,35.976
TFLite INT8,1,68692,35.72
TFLite INT8,1,25507,36.063
TFLite INT8,1,29267,54.75
TFLite INT8,1,72633,45.714
TFLite INT8,1,28365,39.387
TFLite INT8,1,55965,36.339
TFLite INT8,1,69328,35.589
TFLite INT8,1,51570,35.21
TFLite INT8,1,55950,35.119
TFLite INT8,1,12550,55.45
TFLite INT8,1,41282,47.364
TFLite INT8,1,2957,38.468
TFLite INT8,1,34423,34.371
TFLite INT8,1,33116,33.773
TFLite INT8,1,28240,34.289
TFLite INT8,1,16070,31.365
TFLite INT8,1,56844,32.096
TFLite INT8,1,58290,33.129
TFLite INT8,1,51065,33.204
TFLite INT8,1,68560,33.79
TFLite INT8,1,31735,32.633
TFLite INT8,1,72689,30.6
TFLite INT8,1,5056,32.101
TFLite INT8,1,27950,33.79
TFLite INT8,1,52853,32.175
TFLite INT8,1,56829,32.828
TFLite INT8,1,13719,34.1
TFLite INT8,1,47605,48.42
TFLite INT8,1,21677,40.285
TFLite INT8,1,62380,34.104
TFLite INT8,1,65561,34.007
TFLite INT8,1,4438,34.808
TFLite INT8,1,68196,34.923
TFLite INT8,1,41543,33.943
TFLite INT8,1,6980,35.416
TFLite INT8,1,19043,59.171
TFLite INT8,1,32163,43.128
TFLite INT8,1,31627,35.112
TFLite INT8,1,41283,35.389
TFLite INT8,1,61875,34.191
TFLite INT8,1,29180,35.024
TFLite INT8,1,48615,34.464
TFLite INT8,1,58747,31.126
TFLite INT8,1,69413,32.349
TFLite INT8,1,15332,32.748
TFLite INT8,1,28430,29.974
TFLite INT8,1,34471,30.426
TFLite INT8,1,32167,32.849
TFLite INT8,1,63298,34.081
TFLite INT8,1,10889,34.527
TFLite INT8,1,37124,34.857
TFLite INT8,1,59151,49.273
TFLite INT8,1,54207,31.615
TFLite INT8,1,56918,40.676
TFLite INT8,1,55494,29.604
TFLite INT8,1,72782,30.784
TFLite INT8,1,38956,30.103
TFLite INT8,1,7006,30.448
TFLite INT8,1,17048,30.777
TFLite INT8,1,52623,32.717
TFLite INT8,1,6273,32.571
TFLite INT8,1,65591,33.62
TFLite INT8,1,30189,62.253
TFLite INT8,1,31186,38.363
TFLite INT8,1,49927,33.396
TFLite INT8,1,58274,33.562
TFLite INT8,1,6674,35.576
TFLite FP32,1,53928,234.045
TFLite FP32,1,71243,130.219
TFLite FP32,1,19044,64.074
TFLite FP32,1,20264,70.057
TFLite FP32,1,19420,45.873
TFLite FP32,1,35537,39.482
TFLite FP32,1,30559,36.925
TFLite FP32,1,20415,38.162
TFLite FP32,1,63213,36.454
TFLite FP32,1,69387,36.622
TFLite FP32,1,47254,46.587
TFLite FP32,1,7900,35.515
TFLite FP32,1,29263,34.396
TFLite FP32,1,68545,36.915
TFLite FP32,1,28197,39.96
TFLite FP32,1,8133,38.529
TFLite FP32,1,29110,36.035
TFLite FP32,1,21704,47.573
TFLite FP32,1,44388,38.036
TFLite FP32,1,54388,35.402
TFLite FP32,1,63226,37.315
TFLite FP32,1,68631,38.28
TFLite FP32,1,44424,36.364
TFLite FP32,1,55429,38.22
TFLite FP32,1,35544,36.969
TFLite FP32,1,25468,53.271
TFLite FP32,1,18908,45.378
TFLite FP32,1,31764,36.682
TFLite FP32,1,57691,34.682
TFLite FP32,1,19505,36.522
TFLite FP32,1,72656,36.87
TFLite FP32,1,21685,36.228
TFLite FP32,1,72767,36.086
TFLite FP32,1,48325,66.238
TFLite FP32,1,649,40.694
TFLite FP32,1,60619,35.775
TFLite FP32,1,56811,37.78
TFLite FP32,1,46411,39.276
TFLite FP32,1,32161,37.102
TFLite FP32,1,29377,36.048
TFLite FP32,1,58265,36.421
TFLite FP32,1,53869,38.306
TFLite FP32,1,68648,36.672
TFLite FP32,1,14512,36.734
TFLite FP32,1,42369,39.222
TFLite FP32,1,73736,39.017
TFLite FP32,1,70708,36.959
TFLite FP32,1,144,37.908
TFLite FP32,1,29199,38.957
TFLite FP32,1,54358,55.452
TFLite FP32,1,10975,40.696
TFLite FP32,1,52535,36.128
TFLite FP32,1,7503,36.422
TFLite FP32,1,60324,35.384
TFLite FP32,1,46418,35.058
TFLite FP32,1,11355,35.686
TFLite FP32,1,39268,45.652
TFLite FP32,1,44339,43.701
TFLite FP32,1,939,42.17
TFLite FP32,1,33983,37.54
TFLite FP32,1,68569,36.384
TFLite FP32,1,69409,35.67
TFLite FP32,1,73780,37.322
TFLite FP32,1,35451,36.249
TFLite FP32,1,69358,36.814
TFLite FP32,1,24610,37.935
TFLite FP32,1,48338,35.67
TFLite FP32,1,34353,38.367
TFLite FP32,1,33190,39.709
TFLite FP32,1,9236,39.681
TFLite FP32,1,24345,37.947
TFLite FP32,1,70954,57.018
TFLite FP32,1,28758,43.87
TFLite FP32,1,5914,40.655
TFLite FP32,1,68614,40.296
TFLite FP32,1,41316,37.523
TFLite FP32,1,8365,39.113
TFLite FP32,1,29637,39.362
TFLite FP32,1,9223,82.66
TFLite FP32,1,59405,54.461
TFLite FP32,1,53906,36.326
TFLite FP32,1,6129,34.133
TFLite FP32,1,52168,34.021
TFLite FP32,1,942,33.658
TFLite FP32,1,58297,31.895
TFLite FP32,1,63243,35.445
TFLite FP32,1,15981,34.012
TFLite FP32,1,29191,33.7
TFLite FP32,1,73740,33.571
TFLite FP32,1,55947,35.38
TFLite FP32,1,50571,35.322
TFLite FP32,1,68629,35.494
TFLite FP32,1,34342,36.643
TFLite FP32,1,23484,36.883
TFLite FP32,1,8345,50.069
TFLite FP32,1,70933,44.631
TFLite FP32,1,49928,32.895
TFLite FP32,1,652,30.768
TFLite FP32,1,9235,29.363
TFLite FP32,1,21430,30.453
TFLite FP32,1,18285,32.052
TFLite FP32,1,13969,32.747
TFLite FP32,1,511,35.654
TFLite FP32,1,68971,47.793
TFLite FP32,1,11312,35.159
TFLite FP32,1,29647,30.916
TFLite FP32,1,34025,31.932
TFLite FP32,1,34009,33.825
TFLite FP32,1,70975,33.433
TFLite FP32,1,24872,33.885
TFLite FP32,1,56507,35.359
TFLite FP32,1,72665,35.491
TFLite FP32,1,24584,36.174
TFLite FP32,1,21448,32.598
TFLite FP32,1,15722,32.542
TFLite FP32,1,2953,32.894
TFLite FP32,1,64335,33.806
TFLite FP32,1,52618,37.214
TFLite FP32,1,44404,37.793
TFLite FP32,1,28155,35.937
TFLite FP32,1,14500,53.14
TFLite FP32,1,54387,42.938
TFLite FP32,1,11989,38.742
TFLite FP32,1,66034,37.336
TFLite FP32,1,59632,34.845
TFLite FP32,1,4460,37.265
TFLite FP32,1,8360,39.54
TFLite FP32,1,1139,65.749
TFLite FP32,1,19370,45.926
TFLite FP32,1,69327,41.543
TFLite FP32,1,69025,40.873
TFLite FP32,1,131,42.866
TFLite FP32,1,20225,39.548
TFLite FP32,1,28406,37.336
TFLite FP32,1,55030,37.968
TFLite FP32,1,53918,39.794
TFLite FP32,1,6701,37.644
TFLite FP32,1,65600,37.705
TFLite FP32,1,28237,39.165
TFLite FP32,1,29133,37.285
TFLite FP32,1,48547,38.357
TFLite FP32,1,25820,39.995
TFLite FP32,1,56376,49.938
TFLite FP32,1,702,37.225
TFLite FP32,1,24660,32.612
TFLite FP32,1,32565,34.674
TFLite FP32,1,35468,35.15
TFLite FP32,1,8115,35.697
TFLite FP32,1,66165,34.127
TFLite FP32,1,18173,33.532
TFLite FP32,1,66045,34.958
TFLite FP32,1,61871,59.14
TFLite FP32,1,55065,39.836
TFLite FP32,1,6661,38.529
TFLite FP32,1,66150,39.877
TFLite FP32,1,11973,36.017
TFLite FP32,1,72644,36.225
TFLite FP32,1,70994,35.186
TFLite FP32,1,29847,35.642
TFLite FP32,1,24346,37.296
TFLite FP32,1,73763,36.114
TFLite FP32,1,37188,37.8
TFLite FP32,1,12627,37.942
TFLite FP32,1,14905,38.086
TFLite FP32,1,69223,36.631
TFLite FP32,1,72641,37.548
TFLite FP32,1,19650,54.055
TFLite FP32,1,68129,44.812
TFLite FP32,1,34483,37.684
TFLite FP32,1,46254,33.707
TFLite FP32,1,23118,33.452
TFLite FP32,1,46838,33.732
TFLite FP32,1,69429,33.315
TFLite FP32,1,16201,34.54
TFLite FP32,1,24684,63.852
TFLite FP32,1,70938,41.104
TFLite FP32,1,59161,36.319
TFLite FP32,1,32001,36.484
TFLite FP32,1,60300,32.887
TFLite FP32,1,24601,35.723
TFLite FP32,1,28221,35.945
TFLite FP32,1,39239,34.499
TFLite FP32,1,41230,30.222
TFLite FP32,1,72848,31.41
TFLite FP32,1,2671,41.543
TFLite FP32,1,19182,33.188
TFLite FP32,1,18916,31.87
TFLite FP32,1,71198,33.807
TFLite FP32,1,68583,34.055
TFLite FP32,1,45410,35.116
TFLite FP32,1,7795,34.354
TFLite FP32,1,24901,49.494
TFLite FP32,1,56375,40.412
TFLite FP32,1,69282,35.622
TFLite FP32,1,53563,36.416
TFLite FP32,1,53888,36.731
TFLite FP32,1,48612,35.381
TFLite FP32,1,19421,35.0
TFLite FP32,1,21480,37.443
TFLite FP32,1,8155,69.4
TFLite FP32,1,49934,44.41
TFLite FP32,1,49715,38.64
TFLite FP32,1,7807,37.021
TFLite FP32,1,24676,39.218
TFLite FP32,1,41233,37.358
TFLite FP32,1,24400,38.627
TFLite FP32,1,10996,38.416
TFLite FP32,1,39206,40.162
TFLite FP32,1,66876,36.182
TFLite FP32,1,186,37.597
TFLite FP32,1,60285,39.038
TFLite FP32,1,28147,38.389
TFLite FP32,1,697,36.521
TFLite FP32,1,21698,36.768
TFLite FP32,1,30032,52.246
TFLite FP32,1,62871,41.289
TFLite FP32,1,35526,36.478
TFLite FP32,1,39237,36.814
TFLite FP32,1,25501,38.272
TFLite FP32,1,70728,37.851
TFLite FP32,1,20390,37.836
TFLite FP32,1,59243,35.841
TFLite FP32,1,33086,65.84
TFLite FP32,1,39207,60.422
TFLite FP32,1,41605,41.786
TFLite FP32,1,12594,41.323
TFLite FP32,1,69302,39.241
TFLite FP32,1,30115,37.099
TFLite FP32,1,33967,36.037
TFLite FP32,1,73657,38.893
TFLite FP32,1,33920,33.849
TFLite FP32,1,21426,30.464
TFLite FP32,1,6122,30.927
TFLite FP32,1,4436,34.243
TFLite FP32,1,57688,35.479
TFLite FP32,1,32737,40.283
TFLite FP32,1,33872,40.439
TFLite FP32,1,73754,48.966
TFLite FP32,1,70944,33.558
TFLite FP32,1,11986,30.545
TFLite FP32,1,712,29.258
TFLite FP32,1,23507,28.908
TFLite FP32,1,44378,29.375
TFLite FP32,1,45417,30.325
TFLite FP32,1,27318,31.705
TFLite FP32,1,30917,31.115
TFLite FP32,1,72861,30.131
TFLite FP32,1,72702,56.968
TFLite FP32,1,68997,34.303
TFLite FP32,1,24387,33.532
TFLite FP32,1,13857,33.987
TFLite FP32,1,58305,35.784
TFLite FP32,1,44345,36.54
TFLite FP32,1,14423,38.925
TFLite FP32,1,7495,33.237
TFLite FP32,1,50075,32.398
TFLite FP32,1,11341,35.032
TFLite FP32,1,49045,79.151
TFLite FP32,1,25494,44.969
TFLite FP32,1,15402,37.727
TFLite FP32,1,34022,34.887
TFLite FP32,1,14908,33.281
TFLite FP32,1,2922,50.675
TFLite FP32,1,57995,40.945
TFLite FP32,1,29251,37.068
TFLite FP32,1,55978,34.422
TFLite FP32,1,6146,35.893
TFLite FP32,1,46648,37.057
TFLite FP32,1,48259,36.633
TFLite FP32,1,6991,34.88
TFLite FP32,1,42362,67.942
TFLite FP32,1,11292,39.271
TFLite FP32,1,46634,37.604
TFLite FP32,1,24615,38.316
TFLite FP32,1,29862,36.837
TFLite FP32,1,49732,37.081
TFLite FP32,1,53384,36.555
TFLite FP32,1,34016,36.297
TFLite FP32,1,56160,36.171
TFLite FP32,1,674,33.298
TFLite FP32,1,63320,32.94
TFLite FP32,1,32525,35.597
TFLite FP32,1,14499,34.938
TFLite FP32,1,39296,37.314
TFLite FP32,1,42312,36.976
TFLite FP32,1,59308,37.576
TFLite FP32,1,24586,53.308
TFLite FP32,1,53567,42.823
TFLite FP32,1,16345,38.085
TFLite FP32,1,52214,35.977
TFLite FP32,1,32003,37.239
TFLite FP32,1,9210,36.913
TFLite FP32,1,68207,37.6
TFLite FP32,1,31342,59.978
TFLite FP32,1,7013,46.882
TFLite FP32,1,5913,38.176
TFLite FP32,1,21401,37.699
TFLite FP32,1,55034,37.44
TFLite FP32,1,31617,35.548
TFLite FP32,1,73769,37.929
TFLite FP32,1,53343,37.634
TFLite FP32,1,20254,38.488
TFLite FP32,1,57694,39.393
TFLite FP32,1,20283,37.07
TFLite FP32,1,71241,37.718
TFLite FP32,1,56501,37.821
TFLite FP32,1,20399,36.388
TFLite FP32,1,32168,36.934
TFLite FP32,1,52067,38.074
TFLite FP32,1,34059,50.448
TFLite FP32,1,68607,41.309
TFLite FP32,1,28214,37.742
TFLite FP32,1,71162,38.038
TFLite FP32,1,26087,35.961
TFLite FP32,1,8158,33.342
TFLite FP32,1,26132,32.175
TFLite FP32,1,6277,31.695
TFLite FP32,1,71140,2150.845
TFLite FP32,1,28163,152.333
TFLite FP32,1,45401,70.137
TFLite FP32,1,46961,43.789
TFLite FP32,1,50702,41.698
TFLite FP32,1,24544,42.045
TFLite FP32,1,19391,42.42
TFLite FP32,1,28660,36.853
TFLite FP32,1,13707,37.387
TFLite FP32,1,31346,57.976
TFLite FP32,1,34333,50.423
TFLite FP32,1,51889,39.81
TFLite FP32,1,34354,38.14
TFLite FP32,1,12009,39.165
TFLite FP32,1,69403,39.033
TFLite FP32,1,34400,41.521
TFLite FP32,1,68220,67.316
TFLite FP32,1,12615,40.714
TFLite FP32,1,53497,39.468
TFLite FP32,1,32563,38.191
TFLite FP32,1,51928,38.802
TFLite FP32,1,53897,39.244
TFLite FP32,1,56922,36.7
TFLite FP32,1,6668,36.372
TFLite FP32,1,7792,37.891
TFLite FP32,1,713,37.642
TFLite FP32,1,25872,31.141
TFLite FP32,1,73778,32.321
TFLite FP32,1,25419,38.804
TFLite FP32,1,59612,35.704
TFLite FP32,1,29341,40.388
TFLite FP32,1,29173,37.649
TFLite FP32,1,73675,208.997
TFLite FP32,1,49940,64.188
TFLite FP32,1,72882,2094.129
TFLite FP32,1,73707,224.838
TFLite FP32,1,34458,94.19
TFLite FP32,1,41504,49.733
TFLite FP32,1,9202,40.107
TFLite FP32,1,49874,40.229
TFLite FP32,1,30040,37.955
TFLite FP32,1,24343,37.898
TFLite FP32,1,69010,36.234
TFLite FP32,1,21702,60.616
TFLite FP32,1,64323,46.269
TFLite FP32,1,3911,38.078
TFLite FP32,1,60594,52.845
TFLite FP32,1,19194,46.903
TFLite FP32,1,2204,39.044
TFLite FP32,1,64300,67.56
TFLite FP32,1,72857,43.513
TFLite FP32,1,29207,37.919
TFLite FP32,1,21472,35.654
TFLite FP32,1,17725,39.386
TFLite FP32,1,72741,38.261
TFLite FP32,1,30125,38.151
TFLite FP32,1,27370,39.616
TFLite FP32,1,1134,39.634
TFLite FP32,1,45383,35.34
TFLite FP32,1,24590,35.883
TFLite FP32,1,59163,37.014
TFLite FP32,1,73785,37.189
TFLite FP32,1,6678,41.477
TFLite FP32,1,41325,38.798
TFLite FP32,1,41619,38.138
TFLite FP32,1,47491,60.831
TFLite FP32,1,42314,43.086
TFLite FP32,1,56847,42.999
TFLite FP32,1,5920,37.187
TFLite FP32,1,41620,37.357
TFLite FP32,1,64338,36.337
TFLite FP32,1,33136,38.236
TFLite FP32,1,49099,220.072
TFLite FP32,1,50055,96.842
TFLite FP32,1,30562,56.242
TFLite FP32,1,8126,46.08
TFLite FP32,1,19535,36.177
TFLite FP32,1,11305,33.108
TFLite FP32,1,2677,30.774
TFLite FP32,1,42251,32.313
TFLite FP32,1,35439,31.302
TFLite FP32,1,32528,48.592
TFLite FP32,1,41512,35.475
TFLite FP32,1,73712,30.834
TFLite FP32,1,21488,29.997
TFLite FP32,1,52862,29.576
TFLite FP32,1,33149,29.78
TFLite FP32,1,50021,29.449
TFLite FP32,1,58270,74.943
TFLite FP32,1,58748,75.258
TFLite FP32,1,59264,36.33
TFLite FP32,1,157,31.028
TFLite FP32,1,59424,30.015
TFLite FP32,1,16340,31.911
TFLite FP32,1,62389,30.012
TFLite FP32,1,11307,30.238
TFLite FP32,1,47798,44.29
TFLite FP32,1,51146,38.415
TFLite FP32,1,19470,33.67
TFLite FP32,1,23481,34.596
TFLite FP32,1,68577,35.118
TFLite FP32,1,28774,32.908
TFLite FP32,1,63259,30.058
TFLite FP32,1,59431,31.234
TFLite FP32,1,30179,33.238
TFLite FP32,1,62393,32.284
TFLite FP32,1,57657,72.218
TFLite FP32,1,24876,50.745
TFLite FP32,1,7286,49.127
TFLite FP32,1,52483,34.385
TFLite FP32,1,47259,33.532
TFLite FP32,1,62846,32.043
TFLite FP32,1,12623,32.748
TFLite FP32,1,30206,2201.736
TFLite FP32,1,70909,147.063
TFLite FP32,1,50311,65.078
TFLite FP32,1,42221,40.616
TFLite FP32,1,18934,39.357
TFLite FP32,1,25853,40.283
TFLite FP32,1,33889,33.518
TFLite FP32,1,51698,32.594
TFLite FP32,1,10904,32.82
TFLite FP32,1,33062,55.073
TFLite FP32,1,15536,40.017
TFLite FP32,1,59277,35.228
TFLite FP32,1,33143,31.393
TFLite FP32,1,5457,31.824
TFLite FP32,1,28409,32.742
TFLite FP32,1,68692,34.489
TFLite FP32,1,25507,33.756
TFLite FP32,1,29267,64.301
TFLite FP32,1,72633,40.192
TFLite FP32,1,28365,38.019
TFLite FP32,1,55965,36.914
TFLite FP32,1,69328,38.738
TFLite FP32,1,51570,37.917
TFLite FP32,1,55950,35.488
TFLite FP32,1,12550,34.959
TFLite FP32,1,41282,37.236
TFLite FP32,1,2957,34.942
TFLite FP32,1,34423,33.83
TFLite FP32,1,33116,31.75
TFLite FP32,1,28240,22.397
TFLite FP32,1,16070,20.454
TFLite FP32,1,56844,20.183
TFLite FP32,1,58290,19.957
TFLite FP32,1,51065,20.114
TFLite FP32,1,68560,19.937
TFLite FP32,1,31735,20.016
TFLite FP32,1,72689,20.2
TFLite FP32,1,5056,29.476
TFLite FP32,1,27950,21.066
TFLite FP32,1,52853,20.303
TFLite FP32,1,56829,19.996
TFLite FP32,1,13719,20.169
TFLite FP32,1,47605,20.279
TFLite FP32,1,21677,20.307
TFLite FP32,1,62380,20.068
TFLite FP32,1,65561,20.031
TFLite FP32,1,4438,20.13
TFLite FP32,1,68196,19.867
TFLite FP32,1,41543,20.024
TFLite FP32,1,6980,20.374
TFLite FP32,1,19043,20.18
TFLite FP32,1,32163,88.184
TFLite FP32,1,31627,64.337
TFLite FP32,1,41283,41.745
TFLite FP32,1,61875,45.5
TFLite FP32,1,29180,30.016
TFLite FP32,1,48615,33.478
TFLite FP32,1,58747,32.947
TFLite FP32,1,69413,32.319
TFLite FP32,1,15332,32.313
TFLite FP32,1,28430,32.394
TFLite FP32,1,34471,33.565
TFLite FP32,1,32167,32.687
TFLite FP32,1,63298,32.218
TFLite FP32,1,10889,32.271
TFLite FP32,1,37124,32.149
TFLite FP32,1,59151,33.237
TFLite FP32,1,54207,46.359
TFLite FP32,1,56918,33.068
TFLite FP32,1,55494,32.355
TFLite FP32,1,72782,32.646
TFLite FP32,1,38956,33.557
TFLite FP32,1,7006,32.99
TFLite FP32,1,17048,31.559
TFLite FP32,1,52623,32.792
TFLite FP32,1,6273,31.698
TFLite FP32,1,65591,37.032
TFLite FP32,1,30189,31.272
TFLite FP32,1,31186,29.69
TFLite FP32,1,49927,29.714
TFLite FP32,1,58274,29.93
TFLite FP32,1,6674,31.206
TFLite FP32,2,53928,32.222
TFLite FP32,2,71243,31.192
TFLite FP32,2,19044,30.838
TFLite FP32,2,20264,31.387
TFLite FP32,2,19420,30.805
TFLite FP32,2,35537,31.914
TFLite FP32,2,30559,33.202
TFLite FP32,2,20415,30.774
TFLite FP32,2,63213,30.649
TFLite FP32,2,69387,30.646
TFLite FP32,2,47254,29.087
TFLite FP32,2,7900,30.865
TFLite FP32,2,29263,32.186
TFLite FP32,2,68545,41.962
TFLite FP32,2,28197,28.649
TFLite FP32,2,8133,28.635
TFLite FP32,2,29110,28.365
TFLite FP32,2,21704,27.77
TFLite FP32,2,44388,28.775
TFLite FP32,2,54388,28.873
TFLite FP32,2,63226,28.34
TFLite FP32,2,68631,28.284
TFLite FP32,2,44424,28.861
TFLite FP32,2,55429,51.731
TFLite FP32,2,35544,31.818
TFLite FP32,2,25468,31.731
TFLite FP32,2,18908,29.504
TFLite FP32,2,31764,29.345
TFLite FP32,2,57691,30.618
TFLite FP32,2,19505,29.064
TFLite FP32,2,72656,29.468
TFLite FP32,2,21685,29.888
TFLite FP32,2,72767,29.477
TFLite FP32,2,48325,29.693
TFLite FP32,2,649,29.552
TFLite FP32,2,60619,29.168
TFLite FP32,2,56811,30.105
TFLite FP32,2,46411,29.317
TFLite FP32,2,32161,28.935
TFLite FP32,2,29377,29.951
TFLite FP32,2,58265,29.588
TFLite FP32,2,53869,28.801
TFLite FP32,2,68648,29.779
TFLite FP32,2,14512,39.567
TFLite FP32,2,42369,32.904
TFLite FP32,2,73736,29.929
TFLite FP32,2,70708,29.628
TFLite FP32,2,144,29.463
TFLite FP32,2,29199,29.501
TFLite FP32,2,54358,29.832
TFLite FP32,2,10975,28.427
TFLite FP32,2,52535,28.911
TFLite FP32,2,7503,70.047
TFLite FP32,2,60324,40.695
TFLite FP32,2,46418,31.848
TFLite FP32,2,11355,30.016
TFLite FP32,2,39268,31.041
TFLite FP32,2,44339,31.872
TFLite FP32,2,939,30.169
TFLite FP32,2,33983,31.043
TFLite FP32,2,68569,29.913
TFLite FP32,2,69409,29.192
TFLite FP32,2,73780,30.836
TFLite FP32,2,35451,29.733
TFLite FP32,2,69358,29.502
TFLite FP32,2,24610,29.587
TFLite FP32,2,48338,29.78
TFLite FP32,2,34353,29.708
TFLite FP32,2,33190,29.613
TFLite FP32,2,9236,29.663
TFLite FP32,2,24345,29.706
TFLite FP32,2,70954,30.404
TFLite FP32,2,28758,39.363
TFLite FP32,2,5914,31.251
TFLite FP32,2,68614,30.693
TFLite FP32,2,41316,30.287
TFLite FP32,2,8365,29.131
TFLite FP32,2,29637,28.481
TFLite FP32,2,9223,29.214
TFLite FP32,2,59405,29.428
TFLite FP32,2,53906,29.018
TFLite FP32,2,6129,30.23
TFLite FP32,2,52168,50.983
TFLite FP32,2,942,45.535
TFLite FP32,2,58297,30.254
TFLite FP32,2,63243,29.754
TFLite FP32,2,15981,31.748
TFLite FP32,2,29191,32.916
TFLite FP32,2,73740,31.294
TFLite FP32,2,55947,29.864
TFLite FP32,2,50571,31.258
TFLite FP32,2,68629,1815.034
TFLite FP32,2,34342,129.614
TFLite FP32,2,23484,50.586
TFLite FP32,2,8345,35.885
TFLite FP32,2,70933,33.68
TFLite FP32,2,49928,32.625
TFLite FP32,2,652,33.503
TFLite FP32,2,9235,35.257
TFLite FP32,2,21430,37.744
TFLite FP32,2,18285,31.653
TFLite FP32,2,13969,34.726
TFLite FP32,2,511,53.558
TFLite FP32,2,68971,35.717
TFLite FP32,2,11312,33.822
TFLite FP32,2,29647,33.57
TFLite FP32,2,34025,32.885
TFLite FP32,2,34009,31.226
TFLite FP32,2,70975,32.621
TFLite FP32,2,24872,29.839
TFLite FP32,2,56507,52.444
TFLite FP32,2,72665,35.644
TFLite FP32,2,24584,31.063
TFLite FP32,2,21448,32.87
TFLite FP32,2,15722,31.307
TFLite FP32,2,2953,33.211
TFLite FP32,2,64335,31.636
TFLite FP32,2,52618,32.477
TFLite FP32,2,44404,31.285
TFLite FP32,2,28155,33.014
TFLite FP32,2,14500,34.441
TFLite FP32,2,54387,43.656
TFLite FP32,2,11989,32.192
TFLite FP32,2,66034,32.446
TFLite FP32,2,59632,32.074
TFLite FP32,2,4460,33.903
TFLite FP32,2,8360,33.022
TFLite FP32,2,1139,30.877
TFLite FP32,2,19370,44.694
TFLite FP32,2,69327,41.589
TFLite FP32,2,69025,37.423
TFLite FP32,2,131,36.215
TFLite FP32,2,20225,36.611
TFLite FP32,2,28406,36.051
TFLite FP32,2,55030,36.474
TFLite FP32,2,53918,34.257
TFLite FP32,2,6701,2131.824
TFLite FP32,2,65600,165.357
TFLite FP32,2,28237,70.186
TFLite FP32,2,29133,48.566
TFLite FP32,2,48547,42.132
TFLite FP32,2,25820,38.896
TFLite FP32,2,56376,63.252
TFLite FP32,2,702,53.2
TFLite FP32,2,24660,52.365
TFLite FP32,2,32565,43.179
TFLite FP32,2,35468,40.452
TFLite FP32,2,8115,38.476
TFLite FP32,2,66165,35.661
TFLite FP32,2,18173,36.019
TFLite FP32,2,66045,38.046
TFLite FP32,2,61871,39.418
TFLite FP32,2,55065,70.142
TFLite FP32,2,6661,44.695
TFLite FP32,2,66150,35.394
TFLite FP32,2,11973,36.787
TFLite FP32,2,72644,36.981
TFLite FP32,2,70994,37.746
TFLite FP32,2,29847,37.748
TFLite FP32,2,24346,37.315
TFLite FP32,2,73763,38.227
TFLite FP32,2,37188,38.142
TFLite FP32,2,12627,40.189
TFLite FP32,2,14905,35.413
TFLite FP32,2,69223,36.817
TFLite FP32,2,72641,37.934
TFLite FP32,2,19650,38.084
TFLite FP32,2,68129,52.807
TFLite FP32,2,34483,41.686
TFLite FP32,2,46254,31.254
TFLite FP32,2,23118,31.561
TFLite FP32,2,46838,31.606
TFLite FP32,2,69429,33.03
TFLite FP32,2,16201,31.939
TFLite FP32,2,24684,33.216
TFLite FP32,2,70938,35.854
TFLite FP32,2,59161,2193.621
TFLite FP32,2,32001,124.111
TFLite FP32,2,60300,61.366
TFLite FP32,2,24601,41.566
TFLite FP32,2,28221,37.314
TFLite FP32,2,39239,37.014
TFLite FP32,2,41230,34.319
TFLite FP32,2,72848,33.823
TFLite FP32,2,2671,33.354
TFLite FP32,2,19182,50.497
TFLite FP32,2,18916,45.135
TFLite FP32,2,71198,38.647
TFLite FP32,2,68583,37.719
TFLite FP32,2,45410,36.455
TFLite FP32,2,7795,35.722
TFLite FP32,2,24901,36.801
TFLite FP32,2,56375,37.354
TFLite FP32,2,69282,64.249
TFLite FP32,2,53563,41.908
TFLite FP32,2,53888,35.962
TFLite FP32,2,48612,89.256
TFLite FP32,2,19421,67.455
TFLite FP32,2,21480,45.981
TFLite FP32,2,8155,38.423
TFLite FP32,2,49934,38.918
TFLite FP32,2,49715,37.604
TFLite FP32,2,7807,38.418
TFLite FP32,2,24676,37.559
TFLite FP32,2,41233,32.189
TFLite FP32,2,24400,33.882
TFLite FP32,2,10996,31.932
TFLite FP32,2,39206,49.945
TFLite FP32,2,66876,33.66
TFLite FP32,2,186,33.987
TFLite FP32,2,60285,33.52
TFLite FP32,2,28147,32.607
TFLite FP32,2,697,31.163
TFLite FP32,2,21698,32.382
TFLite FP32,2,30032,36.66
TFLite FP32,2,62871,4165.174
TFLite FP32,2,35526,232.491
TFLite FP32,2,39237,110.559
TFLite FP32,2,25501,61.395
TFLite FP32,2,70728,46.929
TFLite FP32,2,20390,58.526
TFLite FP32,2,59243,48.228
TFLite FP32,2,33086,39.541
TFLite FP32,2,39207,38.481
TFLite FP32,2,41605,38.431
TFLite FP32,2,12594,45.307
TFLite FP32,2,69302,38.713
TFLite FP32,2,30115,63.669
TFLite FP32,2,33967,35.271
TFLite FP32,2,73657,29.711
TFLite FP32,2,33920,31.695
TFLite FP32,2,21426,31.644
TFLite FP32,2,6122,31.084
TFLite FP32,2,4436,30.99
TFLite FP32,2,57688,30.729
TFLite FP32,2,32737,30.873
TFLite FP32,2,33872,30.502
TFLite FP32,2,73754,30.357
TFLite FP32,2,70944,30.194
TFLite FP32,2,11986,30.632
TFLite FP32,2,712,30.805
TFLite FP32,2,23507,30.731
TFLite FP32,2,44378,30.691
TFLite FP32,2,45417,29.914
TFLite FP32,2,27318,30.058
TFLite FP32,2,30917,29.481
TFLite FP32,2,72861,43.424
TFLite FP32,2,72702,32.827
TFLite FP32,2,68997,32.677
TFLite FP32,2,24387,31.484
TFLite FP32,2,13857,31.389
TFLite FP32,2,58305,31.372
TFLite FP32,2,44345,30.247
TFLite FP32,2,14423,40.882
TFLite FP32,2,7495,31.455
TFLite FP32,2,50075,2156.3
TFLite FP32,2,11341,147.651
TFLite FP32,2,49045,61.936
TFLite FP32,2,25494,46.266
TFLite FP32,2,15402,39.194
TFLite FP32,2,34022,38.53
TFLite FP32,2,14908,37.997
TFLite FP32,2,2922,37.58
TFLite FP32,2,57995,36.765
TFLite FP32,2,29251,46.352
TFLite FP32,2,55978,35.213
TFLite FP32,2,6146,31.307
TFLite FP32,2,46648,33.458
TFLite FP32,2,48259,31.789
TFLite FP32,2,6991,32.602
TFLite FP32,2,42362,33.906
TFLite FP32,2,11292,33.583
TFLite FP32,2,46634,32.188
TFLite FP32,2,24615,53.322
TFLite FP32,2,29862,36.986
TFLite FP32,2,49732,30.278
TFLite FP32,2,53384,30.281
TFLite FP32,2,34016,30.617
TFLite FP32,2,56160,32.694
TFLite FP32,2,674,33.08
TFLite FP32,2,63320,31.918
TFLite FP32,2,32525,31.813
TFLite FP32,2,14499,31.939
TFLite FP32,2,39296,33.073
TFLite FP32,2,42312,32.181
TFLite FP32,2,59308,31.357
TFLite FP32,2,24586,32.08
TFLite FP32,2,53567,33.742
TFLite FP32,2,16345,33.823
TFLite FP32,2,52214,35.425
TFLite FP32,2,32003,34.301
TFLite FP32,2,9210,34.999
TFLite FP32,2,68207,63.993
TFLite FP32,2,31342,81.669
TFLite FP32,2,7013,46.965
TFLite FP32,2,5913,38.54
TFLite FP32,2,21401,59.145
TFLite FP32,2,55034,2228.037
TFLite FP32,2,31617,133.158
TFLite FP32,2,73769,70.352
TFLite FP32,2,53343,55.845
TFLite FP32,2,20254,47.206
TFLite FP32,2,57694,45.283
TFLite FP32,2,20283,42.866
TFLite FP32,2,71241,55.168
TFLite FP32,2,56501,42.941
TFLite FP32,2,20399,41.064
TFLite FP32,2,32168,40.052
TFLite FP32,2,52067,38.875
TFLite FP32,2,34059,39.19
TFLite FP32,2,68607,34.566
TFLite FP32,2,28214,59.376
TFLite FP32,2,71162,41.857
TFLite FP32,2,26087,32.962
TFLite FP32,2,8158,32.39
TFLite FP32,2,26132,33.35
TFLite FP32,2,6277,30.911
TFLite FP32,2,71140,30.071
TFLite FP32,2,28163,31.194
TFLite FP32,2,45401,31.983
TFLite FP32,2,46961,29.872
TFLite FP32,2,50702,33.272
TFLite FP32,2,24544,36.245
TFLite FP32,2,19391,37.442
TFLite FP32,2,28660,37.425
TFLite FP32,2,13707,38.986
TFLite FP32,2,31346,73.505
TFLite FP32,2,34333,87.424
TFLite FP32,2,51889,58.162
TFLite FP32,2,34354,47.211
TFLite FP32,2,12009,42.993
TFLite FP32,2,69403,43.07
TFLite FP32,2,34400,43.224
TFLite FP32,2,68220,2202.123
TFLite FP32,2,12615,113.601
TFLite FP32,2,53497,48.183
TFLite FP32,2,32563,37.302
TFLite FP32,2,51928,34.555
TFLite FP32,2,53897,33.094
TFLite FP32,2,56922,33.537
TFLite FP32,2,6668,32.477
TFLite FP32,2,7792,31.561
TFLite FP32,2,713,32.31
TFLite FP32,2,25872,32.258
TFLite FP32,2,73778,37.28
TFLite FP32,2,25419,31.379
TFLite FP32,2,59612,31.035
TFLite FP32,2,29341,32.3
TFLite FP32,2,29173,32.576
TFLite FP32,2,73675,32.772
TFLite FP32,2,49940,32.196
TFLite FP32,2,72882,32.461
TFLite FP32,2,73707,53.338
TFLite FP32,2,34458,51.769
TFLite FP32,2,41504,37.968
TFLite FP32,2,9202,33.738
TFLite FP32,2,49874,37.392
TFLite FP32,2,30040,37.089
TFLite FP32,2,24343,34.816
TFLite FP32,2,69010,33.182
TFLite FP32,2,21702,36.841
TFLite FP32,2,64323,37.747
TFLite FP32,2,3911,38.321
TFLite FP32,2,60594,36.728
TFLite FP32,2,19194,37.959
TFLite FP32,2,2204,38.217
TFLite FP32,2,64300,37.701
TFLite FP32,2,72857,36.159
TFLite FP32,2,29207,146.602
TFLite FP32,2,21472,84.04
TFLite FP32,2,17725,44.842
TFLite FP32,2,72741,41.119
TFLite FP32,2,30125,2136.074
TFLite FP32,2,27370,139.442
TFLite FP32,2,1134,53.558
TFLite FP32,2,45383,36.536
TFLite FP32,2,24590,32.484
TFLite FP32,2,59163,31.963
TFLite FP32,2,73785,35.488
TFLite FP32,2,6678,36.477
TFLite FP32,2,41325,38.611
TFLite FP32,2,41619,32.256
TFLite FP32,2,47491,31.336
TFLite FP32,2,42314,32.792
TFLite FP32,2,56847,55.475
TFLite FP32,2,5920,38.277
TFLite FP32,2,41620,39.124
TFLite FP32,2,64338,38.235
TFLite FP32,2,33136,39.301
TFLite FP32,2,49099,33.256
TFLite FP32,2,50055,34.805
TFLite FP32,2,30562,60.146
TFLite FP32,2,8126,50.575
TFLite FP32,2,19535,42.411
TFLite FP32,2,11305,40.135
TFLite FP32,2,2677,41.246
TFLite FP32,2,42251,34.401
TFLite FP32,2,35439,35.35
TFLite FP32,2,32528,33.97
TFLite FP32,2,41512,32.934
TFLite FP32,2,73712,33.338
TFLite FP32,2,21488,34.856
TFLite FP32,2,52862,35.527
TFLite FP32,2,33149,35.501
TFLite FP32,2,50021,34.462
TFLite FP32,2,58270,32.887
TFLite FP32,2,58748,34.346
TFLite FP32,2,59264,34.219
TFLite FP32,2,157,41.482
TFLite FP32,2,59424,38.278
TFLite FP32,2,16340,36.677
TFLite FP32,2,62389,37.518
TFLite FP32,2,11307,37.597
TFLite FP32,2,47798,32.995
TFLite FP32,2,51146,33.687
TFLite FP32,2,19470,33.188
TFLite FP32,2,23481,2258.203
TFLite FP32,2,68577,86.236
TFLite FP32,2,28774,44.371
TFLite FP32,2,63259,37.649
TFLite FP32,2,59431,37.844
TFLite FP32,2,30179,38.165
TFLite FP32,2,62393,38.367
TFLite FP32,2,57657,40.343
TFLite FP32,2,24876,39.03
TFLite FP32,2,7286,53.193
TFLite FP32,2,52483,42.418
TFLite FP32,2,47259,40.233
TFLite FP32,2,62846,39.947
TFLite FP32,2,12623,38.318
TFLite FP32,2,30206,41.779
TFLite FP32,2,70909,63.44
TFLite FP32,2,50311,59.456
TFLite FP32,2,42221,43.97
TFLite FP32,2,18934,45.386
TFLite FP32,2,25853,40.582
TFLite FP32,2,33889,41.394
TFLite FP32,2,51698,40.575
TFLite FP32,2,10904,37.957
TFLite FP32,2,33062,39.71
TFLite FP32,2,15536,40.634
TFLite FP32,2,59277,40.011
TFLite FP32,2,33143,43.163
TFLite FP32,2,5457,42.402
TFLite FP32,2,28409,38.939
TFLite FP32,2,68692,51.454
TFLite FP32,2,25507,45.718
TFLite FP32,2,29267,43.333
TFLite FP32,2,72633,41.129
TFLite FP32,2,28365,39.633
TFLite FP32,2,55965,35.016
TFLite FP32,2,69328,32.282
TFLite FP32,2,51570,30.279
TFLite FP32,2,55950,2194.216
TFLite FP32,2,12550,165.928
TFLite FP32,2,41282,59.789
TFLite FP32,2,2957,72.394
TFLite FP32,2,34423,44.801
TFLite FP32,2,33116,33.921
TFLite FP32,2,28240,31.818
TFLite FP32,2,16070,31.323
TFLite FP32,2,56844,35.856
TFLite FP32,2,58290,33.484
TFLite FP32,2,51065,32.054
TFLite FP32,2,68560,31.35
TFLite FP32,2,31735,32.208
TFLite FP32,2,72689,34.537
TFLite FP32,2,5056,32.107
TFLite FP32,2,27950,33.182
TFLite FP32,2,52853,53.768
TFLite FP32,2,56829,47.001
TFLite FP32,2,13719,36.82
TFLite FP32,2,47605,33.17
TFLite FP32,2,21677,36.326
TFLite FP32,2,62380,34.788
TFLite FP32,2,65561,35.55
TFLite FP32,2,4438,36.367
TFLite FP32,2,68196,39.612
TFLite FP32,2,41543,39.843
TFLite FP32,2,6980,37.838
TFLite FP32,2,19043,40.744
TFLite FP32,2,32163,39.943
TFLite FP32,2,31627,41.834
TFLite FP32,2,41283,38.493
TFLite FP32,2,61875,41.433
TFLite FP32,2,29180,63.443
TFLite FP32,2,48615,48.431
TFLite FP32,2,58747,40.316
TFLite FP32,2,69413,43.112
TFLite FP32,2,15332,39.743
TFLite FP32,2,28430,41.518
TFLite FP32,2,34471,39.9
TFLite FP32,2,32167,254.872
TFLite FP32,2,63298,82.679
TFLite FP32,2,10889,39.461
TFLite FP32,2,37124,35.078
TFLite FP32,2,59151,31.973
TFLite FP32,2,54207,34.194
TFLite FP32,2,56918,36.029
TFLite FP32,2,55494,35.976
TFLite FP32,2,72782,293.356
TFLite FP32,2,38956,128.924
TFLite FP32,2,7006,61.134
TFLite FP32,2,17048,41.911
TFLite FP32,2,52623,41.504
TFLite FP32,2,6273,40.885
TFLite FP32,2,65591,39.52
TFLite FP32,2,30189,36.608
TFLite FP32,2,31186,33.858
TFLite FP32,2,49927,32.876
TFLite FP32,2,58274,36.556
TFLite FP32,2,6674,39.15
TFLite INT8,2,53928,198.856
TFLite INT8,2,71243,100.712
TFLite INT8,2,19044,38.512
TFLite INT8,2,20264,35.149
TFLite INT8,2,19420,35.592
TFLite INT8,2,35537,2254.13
TFLite INT8,2,30559,141.333
TFLite INT8,2,20415,63.623
TFLite INT8,2,63213,52.357
TFLite INT8,2,69387,43.12
TFLite INT8,2,47254,41.412
TFLite INT8,2,7900,37.705
TFLite INT8,2,29263,34.21
TFLite INT8,2,68545,55.563
TFLite INT8,2,28197,37.235
TFLite INT8,2,8133,37.198
TFLite INT8,2,29110,36.791
TFLite INT8,2,21704,35.998
TFLite INT8,2,44388,34.176
TFLite INT8,2,54388,57.775
TFLite INT8,2,63226,47.33
TFLite INT8,2,68631,31.0
TFLite INT8,2,44424,32.139
TFLite INT8,2,55429,33.025
TFLite INT8,2,35544,33.877
TFLite INT8,2,25468,34.902
TFLite INT8,2,18908,33.721
TFLite INT8,2,31764,35.148
TFLite INT8,2,57691,36.72
TFLite INT8,2,19505,35.216
TFLite INT8,2,72656,35.631
TFLite INT8,2,21685,36.019
TFLite INT8,2,72767,37.352
TFLite INT8,2,48325,36.344
TFLite INT8,2,649,36.982
TFLite INT8,2,60619,35.375
TFLite INT8,2,56811,36.012
TFLite INT8,2,46411,54.287
TFLite INT8,2,32161,44.669
TFLite INT8,2,29377,36.934
TFLite INT8,2,58265,37.7
TFLite INT8,2,53869,36.836
TFLite INT8,2,68648,37.829
TFLite INT8,2,14512,2142.364
TFLite INT8,2,42369,182.432
TFLite INT8,2,73736,72.185
TFLite INT8,2,70708,40.926
TFLite INT8,2,144,37.46
TFLite INT8,2,29199,34.827
TFLite INT8,2,54358,33.792
TFLite INT8,2,10975,34.191
TFLite INT8,2,52535,33.465
TFLite INT8,2,7503,36.293
TFLite INT8,2,60324,47.664
TFLite INT8,2,46418,30.833
TFLite INT8,2,11355,31.907
TFLite INT8,2,39268,35.523
TFLite INT8,2,44339,34.531
TFLite INT8,2,939,34.904
TFLite INT8,2,33983,33.871
TFLite INT8,2,68569,35.741
TFLite INT8,2,69409,64.382
TFLite INT8,2,73780,40.83
TFLite INT8,2,35451,33.61
TFLite INT8,2,69358,33.537
TFLite INT8,2,24610,32.64
TFLite INT8,2,48338,44.985
TFLite INT8,2,34353,33.57
TFLite INT8,2,33190,32.119
TFLite INT8,2,9236,33.695
TFLite INT8,2,24345,30.499
TFLite INT8,2,70954,31.589
TFLite INT8,2,28758,31.764
TFLite INT8,2,5914,31.371
TFLite INT8,2,68614,31.224
TFLite INT8,2,41316,32.23
TFLite INT8,2,8365,31.369
TFLite INT8,2,29637,30.476
TFLite INT8,2,9223,32.344
TFLite INT8,2,59405,48.741
TFLite INT8,2,53906,33.586
TFLite INT8,2,6129,31.681
TFLite INT8,2,52168,33.686
TFLite INT8,2,942,33.122
TFLite INT8,2,58297,33.656
TFLite INT8,2,63243,33.252
TFLite INT8,2,15981,33.101
TFLite INT8,2,29191,2171.619
TFLite INT8,2,73740,178.126
TFLite INT8,2,55947,58.506
TFLite INT8,2,50571,38.966
TFLite INT8,2,68629,35.173
TFLite INT8,2,34342,35.383
TFLite INT8,2,23484,31.662
TFLite INT8,2,8345,30.678
TFLite INT8,2,70933,31.959
TFLite INT8,2,49928,32.282
TFLite INT8,2,652,47.76
TFLite INT8,2,9235,34.621
TFLite INT8,2,21430,33.733
TFLite INT8,2,18285,34.274
TFLite INT8,2,13969,34.666
TFLite INT8,2,511,34.7
TFLite INT8,2,68971,35.832
TFLite INT8,2,11312,35.593
TFLite INT8,2,29647,73.186
TFLite INT8,2,34025,41.237
TFLite INT8,2,34009,38.578
TFLite INT8,2,70975,35.504
TFLite INT8,2,24872,33.552
TFLite INT8,2,56507,33.159
TFLite INT8,2,72665,35.279
TFLite INT8,2,24584,36.778
TFLite INT8,2,21448,34.141
TFLite INT8,2,15722,36.271
TFLite INT8,2,2953,33.832
TFLite INT8,2,64335,34.408
TFLite INT8,2,52618,33.997
TFLite INT8,2,44404,33.074
TFLite INT8,2,28155,33.642
TFLite INT8,2,14500,35.843
TFLite INT8,2,54387,46.379
TFLite INT8,2,11989,41.295
TFLite INT8,2,66034,35.315
TFLite INT8,2,59632,36.188
TFLite INT8,2,4460,38.275
TFLite INT8,2,8360,34.653
TFLite INT8,2,1139,37.418
TFLite INT8,2,19370,35.595
TFLite INT8,2,69327,2183.956
TFLite INT8,2,69025,176.958
TFLite INT8,2,131,61.301
TFLite INT8,2,20225,37.706
TFLite INT8,2,28406,32.579
TFLite INT8,2,55030,30.67
TFLite INT8,2,53918,30.53
TFLite INT8,2,6701,32.64
TFLite INT8,2,65600,37.031
TFLite INT8,2,28237,53.043
TFLite INT8,2,29133,44.888
TFLite INT8,2,48547,32.629
TFLite INT8,2,25820,31.603
TFLite INT8,2,56376,31.66
TFLite INT8,2,702,31.993
TFLite INT8,2,24660,34.637
TFLite INT8,2,32565,33.645
TFLite INT8,2,35468,33.376
TFLite INT8,2,8115,59.439
TFLite INT8,2,66165,40.457
TFLite INT8,2,18173,34.472
TFLite INT8,2,66045,33.099
TFLite INT8,2,61871,34.282
TFLite INT8,2,55065,33.781
TFLite INT8,2,6661,33.587
TFLite INT8,2,66150,32.738
TFLite INT8,2,11973,35.486
TFLite INT8,2,72644,33.558
TFLite INT8,2,70994,28.977
TFLite INT8,2,29847,29.084
TFLite INT8,2,24346,29.419
TFLite INT8,2,73763,30.758
TFLite INT8,2,37188,29.285
TFLite INT8,2,12627,30.054
TFLite INT8,2,14905,31.181
TFLite INT8,2,69223,33.467
TFLite INT8,2,72641,50.684
TFLite INT8,2,19650,38.45
TFLite INT8,2,68129,33.752
TFLite INT8,2,34483,31.176
TFLite INT8,2,46254,31.871
TFLite INT8,2,23118,30.938
TFLite INT8,2,46838,32.131
TFLite INT8,2,69429,32.205
TFLite INT8,2,16201,2121.689
TFLite INT8,2,24684,162.662
TFLite INT8,2,70938,70.11
TFLite INT8,2,59161,41.368
TFLite INT8,2,32001,40.591
TFLite INT8,2,60300,36.825
TFLite INT8,2,24601,35.129
TFLite INT8,2,28221,36.135
TFLite INT8,2,39239,36.377
TFLite INT8,2,41230,37.35
TFLite INT8,2,72848,51.286
TFLite INT8,2,2671,38.195
TFLite INT8,2,19182,36.418
TFLite INT8,2,18916,34.524
TFLite INT8,2,71198,32.541
TFLite INT8,2,68583,33.816
TFLite INT8,2,45410,34.96
TFLite INT8,2,7795,36.006
TFLite INT8,2,24901,58.076
TFLite INT8,2,56375,42.241
TFLite INT8,2,69282,35.922
TFLite INT8,2,53563,34.859
TFLite INT8,2,53888,34.844
TFLite INT8,2,48612,35.438
TFLite INT8,2,19421,35.236
TFLite INT8,2,21480,35.444
TFLite INT8,2,8155,34.002
TFLite INT8,2,49934,35.753
TFLite INT8,2,49715,36.136
TFLite INT8,2,7807,35.223
TFLite INT8,2,24676,35.783
TFLite INT8,2,41233,36.613
TFLite INT8,2,24400,35.806
TFLite INT8,2,10996,36.71
TFLite INT8,2,39206,36.649
TFLite INT8,2,66876,51.675
TFLite INT8,2,186,42.429
TFLite INT8,2,60285,34.031
TFLite INT8,2,28147,32.781
TFLite INT8,2,697,38.113
TFLite INT8,2,21698,35.743
TFLite INT8,2,30032,56.28
TFLite INT8,2,62871,2192.876
TFLite INT8,2,35526,86.825
TFLite INT8,2,39237,43.461
TFLite INT8,2,25501,34.978
TFLite INT8,2,70728,33.644
TFLite INT8,2,20390,34.141
TFLite INT8,2,59243,33.72
TFLite INT8,2,33086,35.739
TFLite INT8,2,39207,32.47
TFLite INT8,2,41605,32.706
TFLite INT8,2,12594,31.975
TFLite INT8,2,69302,31.187
TFLite INT8,2,30115,51.732
TFLite INT8,2,33967,36.511
TFLite INT8,2,73657,33.746
TFLite INT8,2,33920,32.635
TFLite INT8,2,21426,33.238
TFLite INT8,2,6122,33.143
TFLite INT8,2,4436,34.077
TFLite INT8,2,57688,32.864
TFLite INT8,2,32737,56.427
TFLite INT8,2,33872,38.031
TFLite INT8,2,73754,32.955
TFLite INT8,2,70944,31.002
TFLite INT8,2,11986,30.436
TFLite INT8,2,712,31.511
TFLite INT8,2,23507,31.856
TFLite INT8,2,44378,33.696
TFLite INT8,2,45417,32.654
TFLite INT8,2,27318,39.974
TFLite INT8,2,30917,34.88
TFLite INT8,2,72861,35.282
TFLite INT8,2,72702,32.831
TFLite INT8,2,68997,31.7
TFLite INT8,2,24387,32.596
TFLite INT8,2,13857,33.766
TFLite INT8,2,58305,34.997
TFLite INT8,2,44345,34.289
TFLite INT8,2,14423,53.706
TFLite INT8,2,7495,39.333
TFLite INT8,2,50075,34.915
TFLite INT8,2,11341,33.38
TFLite INT8,2,49045,34.673
TFLite INT8,2,25494,33.008
TFLite INT8,2,15402,30.711
TFLite INT8,2,34022,31.902
TFLite INT8,2,14908,2205.99
TFLite INT8,2,2922,99.137
TFLite INT8,2,57995,51.617
TFLite INT8,2,29251,41.005
TFLite INT8,2,55978,35.933
TFLite INT8,2,6146,34.357
TFLite INT8,2,46648,35.82
TFLite INT8,2,48259,36.063
TFLite INT8,2,6991,34.244
TFLite INT8,2,42362,35.192
TFLite INT8,2,11292,47.488
TFLite INT8,2,46634,35.864
TFLite INT8,2,24615,33.057
TFLite INT8,2,29862,35.496
TFLite INT8,2,49732,35.266
TFLite INT8,2,53384,42.434
TFLite INT8,2,34016,36.596
TFLite INT8,2,56160,33.924
TFLite INT8,2,674,61.474
TFLite INT8,2,63320,49.085
TFLite INT8,2,32525,38.445
TFLite INT8,2,14499,36.183
TFLite INT8,2,39296,36.023
TFLite INT8,2,42312,34.726
TFLite INT8,2,59308,34.939
TFLite INT8,2,24586,33.585
TFLite INT8,2,53567,35.066
TFLite INT8,2,16345,34.922
TFLite INT8,2,52214,35.928
TFLite INT8,2,32003,34.435
TFLite INT8,2,9210,34.262
TFLite INT8,2,68207,31.718
TFLite INT8,2,31342,33.807
TFLite INT8,2,7013,35.164
TFLite INT8,2,5913,53.095
TFLite INT8,2,21401,34.326
TFLite INT8,2,55034,31.986
TFLite INT8,2,31617,30.174
TFLite INT8,2,73769,31.716
TFLite INT8,2,53343,32.375
TFLite INT8,2,20254,33.337
TFLite INT8,2,57694,32.204
TFLite INT8,2,20283,32.412
TFLite INT8,2,71241,189.828
TFLite INT8,2,56501,70.291
TFLite INT8,2,20399,37.314
TFLite INT8,2,32168,34.829
TFLite INT8,2,52067,36.345
TFLite INT8,2,34059,34.724
TFLite INT8,2,68607,34.892
TFLite INT8,2,28214,35.715
TFLite INT8,2,71162,36.926
TFLite INT8,2,26087,36.286
TFLite INT8,2,8158,36.89
TFLite INT8,2,26132,56.375
TFLite INT8,2,6277,38.338
TFLite INT8,2,71140,34.79
TFLite INT8,2,28163,33.719
TFLite INT8,2,45401,34.304
TFLite INT8,2,46961,33.425
TFLite INT8,2,50702,34.204
TFLite INT8,2,24544,54.178
TFLite INT8,2,19391,42.626
TFLite INT8,2,28660,35.077
TFLite INT8,2,13707,36.907
TFLite INT8,2,31346,36.241
TFLite INT8,2,34333,34.591
TFLite INT8,2,51889,35.498
TFLite INT8,2,34354,35.757
TFLite INT8,2,12009,34.997
TFLite INT8,2,69403,37.275
TFLite INT8,2,34400,35.47
TFLite INT8,2,68220,35.32
TFLite INT8,2,12615,36.196
TFLite INT8,2,53497,35.728
TFLite INT8,2,32563,36.124
TFLite INT8,2,51928,36.885
TFLite INT8,2,53897,35.469
TFLite INT8,2,56922,199.563
TFLite INT8,2,6668,57.78
TFLite INT8,2,7792,39.816
TFLite INT8,2,713,2250.23
TFLite INT8,2,25872,236.62
TFLite INT8,2,73778,79.857
TFLite INT8,2,25419,40.263
TFLite INT8,2,59612,34.444
TFLite INT8,2,29341,51.208
TFLite INT8,2,29173,36.393
TFLite INT8,2,73675,31.536
TFLite INT8,2,49940,31.207
TFLite INT8,2,72882,33.05
TFLite INT8,2,73707,32.114
TFLite INT8,2,34458,31.516
TFLite INT8,2,41504,30.435
TFLite INT8,2,9202,30.213
TFLite INT8,2,49874,51.624
TFLite INT8,2,30040,32.963
TFLite INT8,2,24343,31.143
TFLite INT8,2,69010,32.074
TFLite INT8,2,21702,33.024
TFLite INT8,2,64323,32.453
TFLite INT8,2,3911,32.871
TFLite INT8,2,60594,34.137
TFLite INT8,2,19194,33.685
TFLite INT8,2,2204,32.036
TFLite INT8,2,64300,31.424
TFLite INT8,2,72857,30.873
TFLite INT8,2,29207,31.886
TFLite INT8,2,21472,31.868
TFLite INT8,2,17725,33.449
TFLite INT8,2,72741,34.344
TFLite INT8,2,30125,34.975
TFLite INT8,2,27370,32.334
TFLite INT8,2,1134,30.683
TFLite INT8,2,45383,47.528
TFLite INT8,2,24590,34.439
TFLite INT8,2,59163,31.202
TFLite INT8,2,73785,32.121
TFLite INT8,2,6678,31.317
TFLite INT8,2,41325,31.921
TFLite INT8,2,41619,31.025
TFLite INT8,2,47491,32.229
TFLite INT8,2,42314,1353.334
TFLite INT8,2,56847,121.037
TFLite INT8,2,5920,46.84
TFLite INT8,2,41620,33.214
TFLite INT8,2,64338,29.824
TFLite INT8,2,33136,29.652
TFLite INT8,2,49099,31.522
TFLite INT8,2,50055,40.668
TFLite INT8,2,30562,34.945
TFLite INT8,2,8126,29.906
TFLite INT8,2,19535,29.161
TFLite INT8,2,11305,29.648
TFLite INT8,2,2677,29.953
TFLite INT8,2,42251,29.37
TFLite INT8,2,35439,30.271
TFLite INT8,2,32528,29.883
TFLite INT8,2,41512,30.465
TFLite INT8,2,73712,56.08
TFLite INT8,2,21488,34.399
TFLite INT8,2,52862,34.283
TFLite INT8,2,33149,32.174
TFLite INT8,2,50021,30.804
TFLite INT8,2,58270,31.223
TFLite INT8,2,58748,30.14
TFLite INT8,2,59264,30.082
TFLite INT8,2,157,29.891
TFLite INT8,2,59424,30.173
TFLite INT8,2,16340,32.161
TFLite INT8,2,62389,31.158
TFLite INT8,2,11307,30.538
TFLite INT8,2,47798,30.413
TFLite INT8,2,51146,31.574
TFLite INT8,2,19470,30.625
TFLite INT8,2,23481,30.89
TFLite INT8,2,68577,32.158
TFLite INT8,2,28774,30.868
TFLite INT8,2,63259,44.379
TFLite INT8,2,59431,31.645
TFLite INT8,2,30179,29.651
TFLite INT8,2,62393,30.089
TFLite INT8,2,57657,31.066
TFLite INT8,2,24876,66.829
TFLite INT8,2,7286,41.494
TFLite INT8,2,52483,33.193
TFLite INT8,2,47259,2156.212
TFLite INT8,2,62846,69.545
TFLite INT8,2,12623,37.623
TFLite INT8,2,30206,30.912
TFLite INT8,2,70909,32.792
TFLite INT8,2,50311,30.238
TFLite INT8,2,42221,30.798
TFLite INT8,2,18934,31.45
TFLite INT8,2,25853,31.494
TFLite INT8,2,33889,31.728
TFLite INT8,2,51698,31.287
TFLite INT8,2,10904,31.472
TFLite INT8,2,33062,30.762
TFLite INT8,2,15536,31.273
TFLite INT8,2,59277,43.635
TFLite INT8,2,33143,33.125
TFLite INT8,2,5457,30.889
TFLite INT8,2,28409,32.197
TFLite INT8,2,68692,30.912
TFLite INT8,2,25507,31.144
TFLite INT8,2,29267,31.485
TFLite INT8,2,72633,29.465
TFLite INT8,2,28365,29.634
TFLite INT8,2,55965,45.143
TFLite INT8,2,69328,36.715
TFLite INT8,2,51570,30.884
TFLite INT8,2,55950,108.726
TFLite INT8,2,12550,42.388
TFLite INT8,2,41282,33.181
TFLite INT8,2,2957,53.235
TFLite INT8,2,34423,31.79
TFLite INT8,2,33116,29.547
TFLite INT8,2,28240,29.826
TFLite INT8,2,16070,30.568
TFLite INT8,2,56844,30.181
TFLite INT8,2,58290,29.333
TFLite INT8,2,51065,28.156
TFLite INT8,2,68560,29.083
TFLite INT8,2,31735,28.434
TFLite INT8,2,72689,28.414
TFLite INT8,2,5056,39.653
TFLite INT8,2,27950,29.795
TFLite INT8,2,52853,29.07
TFLite INT8,2,56829,28.596
TFLite INT8,2,13719,28.265
TFLite INT8,2,47605,777.231
TFLite INT8,2,21677,84.294
TFLite INT8,2,62380,33.531
TFLite INT8,2,65561,30.529
TFLite INT8,2,4438,30.207
TFLite INT8,2,68196,29.562
TFLite INT8,2,41543,30.157
TFLite INT8,2,6980,30.266
TFLite INT8,2,19043,30.281
TFLite INT8,2,32163,30.275
TFLite INT8,2,31627,29.841
TFLite INT8,2,41283,52.246
TFLite INT8,2,61875,39.786
TFLite INT8,2,29180,30.154
TFLite INT8,2,48615,704.168
TFLite INT8,2,58747,62.978
TFLite INT8,2,69413,30.964
TFLite INT8,2,15332,31.999
TFLite INT8,2,28430,50.211
TFLite INT8,2,34471,36.549
TFLite INT8,2,32167,31.227
TFLite INT8,2,63298,30.376
TFLite INT8,2,10889,27.933
TFLite INT8,2,37124,30.967
TFLite INT8,2,59151,35.216
TFLite INT8,2,54207,32.127
TFLite INT8,2,56918,29.415
TFLite INT8,2,55494,31.478
TFLite INT8,2,72782,29.348
TFLite INT8,2,38956,29.144
TFLite INT8,2,7006,30.038
TFLite INT8,2,17048,29.822
TFLite INT8,2,52623,31.262
TFLite INT8,2,6273,29.629
TFLite INT8,2,65591,28.9
TFLite INT8,2,30189,29.791
TFLite INT8,2,31186,29.8
TFLite INT8,2,49927,29.41
TFLite INT8,2,58274,41.842
TFLite INT8,2,6674,33.354
TFLite INT8,3,53928,33.046
TFLite INT8,3,71243,34.24
TFLite INT8,3,19044,31.616
TFLite INT8,3,20264,30.421
TFLite INT8,3,19420,31.745
TFLite INT8,3,35537,32.76
TFLite INT8,3,30559,33.232
TFLite INT8,3,20415,3408.656
TFLite INT8,3,63213,110.453
TFLite INT8,3,69387,37.079
TFLite INT8,3,47254,32.862
TFLite INT8,3,7900,31.136
TFLite INT8,3,29263,46.106
TFLite INT8,3,68545,35.36
TFLite INT8,3,28197,33.079
TFLite INT8,3,8133,31.412
TFLite INT8,3,29110,31.936
TFLite INT8,3,21704,31.558
TFLite INT8,3,44388,31.43
TFLite INT8,3,54388,31.541
TFLite INT8,3,63226,30.98
TFLite INT8,3,68631,75.453
TFLite INT8,3,44424,67.326
TFLite INT8,3,55429,35.547
TFLite INT8,3,35544,31.678
TFLite INT8,3,25468,30.056
TFLite INT8,3,18908,32.779
TFLite INT8,3,31764,31.408
TFLite INT8,3,57691,33.442
TFLite INT8,3,19505,33.573
TFLite INT8,3,72656,33.615
TFLite INT8,3,21685,33.062
TFLite INT8,3,72767,30.717
TFLite INT8,3,48325,31.283
TFLite INT8,3,649,32.555
TFLite INT8,3,60619,32.271
TFLite INT8,3,56811,32.929
TFLite INT8,3,46411,32.527
TFLite INT8,3,32161,43.488
TFLite INT8,3,29377,34.469
TFLite INT8,3,58265,32.129
TFLite INT8,3,53869,30.278
TFLite INT8,3,68648,30.772
TFLite INT8,3,14512,33.009
TFLite INT8,3,42369,30.943
TFLite INT8,3,73736,33.144
TFLite INT8,3,70708,32.087
TFLite INT8,3,144,2900.525
TFLite INT8,3,29199,219.178
TFLite INT8,3,54358,91.239
TFLite INT8,3,10975,49.045
TFLite INT8,3,52535,38.413
TFLite INT8,3,7503,280.023
TFLite INT8,3,60324,63.915
TFLite INT8,3,46418,44.254
TFLite INT8,3,11355,35.191
TFLite INT8,3,39268,33.322
TFLite INT8,3,44339,34.613
TFLite INT8,3,939,36.142
TFLite INT8,3,33983,34.597
TFLite INT8,3,68569,34.017
TFLite INT8,3,69409,65.321
TFLite INT8,3,73780,765.513
TFLite INT8,3,35451,68.724
TFLite INT8,3,69358,41.404
TFLite INT8,3,24610,31.958
TFLite INT8,3,48338,1161.882
TFLite INT8,3,34353,103.344
TFLite INT8,3,33190,42.958
TFLite INT8,3,9236,33.452
TFLite INT8,3,24345,33.328
TFLite INT8,3,70954,33.957
TFLite INT8,3,28758,32.128
TFLite INT8,3,5914,32.7
TFLite INT8,3,68614,31.682
TFLite INT8,3,41316,32.5
TFLite INT8,3,8365,34.87
TFLite INT8,3,29637,139.121
TFLite INT8,3,9223,44.827
TFLite INT8,3,59405,34.247
TFLite INT8,3,53906,32.455
TFLite INT8,3,6129,32.691
TFLite INT8,3,52168,31.527
TFLite INT8,3,942,31.793
TFLite INT8,3,58297,33.365
TFLite INT8,3,63243,109.496
TFLite INT8,3,15981,608.947
TFLite INT8,3,29191,53.667
TFLite INT8,3,73740,36.709
TFLite INT8,3,55947,34.509
TFLite INT8,3,50571,32.931
TFLite INT8,3,68629,32.701
TFLite INT8,3,34342,32.284
TFLite INT8,3,23484,61.939
TFLite INT8,3,8345,35.193
TFLite INT8,3,70933,30.956
TFLite INT8,3,49928,30.851
TFLite INT8,3,652,33.969
TFLite INT8,3,9235,32.075
TFLite INT8,3,21430,33.625
TFLite INT8,3,18285,33.516
TFLite INT8,3,13969,31.942
TFLite INT8,3,511,35.087
TFLite INT8,3,68971,34.221
TFLite INT8,3,11312,33.945
TFLite INT8,3,29647,35.425
TFLite INT8,3,34025,35.149
TFLite INT8,3,34009,33.603
TFLite INT8,3,70975,32.233
TFLite INT8,3,24872,33.71
TFLite INT8,3,56507,35.21
TFLite INT8,3,72665,49.916
TFLite INT8,3,24584,36.013
TFLite INT8,3,21448,34.416
TFLite INT8,3,15722,35.481
TFLite INT8,3,2953,33.212
TFLite INT8,3,64335,58.704
TFLite INT8,3,52618,34.089
TFLite INT8,3,44404,2109.879
TFLite INT8,3,28155,837.947
TFLite INT8,3,14500,128.418
TFLite INT8,3,54387,56.217
TFLite INT8,3,11989,40.669
TFLite INT8,3,66034,38.8
TFLite INT8,3,59632,36.515
TFLite INT8,3,4460,37.497
TFLite INT8,3,8360,35.716
TFLite INT8,3,1139,31.621
TFLite INT8,3,19370,28.703
TFLite INT8,3,69327,28.689
TFLite INT8,3,69025,29.822
TFLite INT8,3,131,28.989
TFLite INT8,3,20225,30.373
TFLite INT8,3,28406,31.674
TFLite INT8,3,55030,33.862
TFLite INT8,3,53918,35.278
TFLite INT8,3,6701,47.755
TFLite INT8,3,65600,32.504
TFLite INT8,3,28237,32.47
TFLite INT8,3,29133,32.944
TFLite INT8,3,48547,33.729
TFLite INT8,3,25820,33.968
TFLite INT8,3,56376,34.689
TFLite INT8,3,702,33.49
TFLite INT8,3,24660,63.365
TFLite INT8,3,32565,57.776
TFLite INT8,3,35468,31.364
TFLite INT8,3,8115,30.219
TFLite INT8,3,66165,30.438
TFLite INT8,3,18173,30.36
TFLite INT8,3,66045,30.452
TFLite INT8,3,61871,29.912
TFLite INT8,3,55065,30.584
TFLite INT8,3,6661,29.924
TFLite INT8,3,66150,29.638
TFLite INT8,3,11973,29.936
TFLite INT8,3,72644,29.468
TFLite INT8,3,70994,29.301
TFLite INT8,3,29847,29.635
TFLite INT8,3,24346,30.364
TFLite INT8,3,73763,31.713
TFLite INT8,3,37188,30.8
TFLite INT8,3,12627,29.867
TFLite INT8,3,14905,28.754
TFLite INT8,3,69223,39.238
TFLite INT8,3,72641,28.56
TFLite INT8,3,19650,35.953
TFLite INT8,3,68129,36.032
TFLite INT8,3,34483,32.079
TFLite INT8,3,46254,32.742
TFLite INT8,3,23118,32.722
TFLite INT8,3,46838,31.433
TFLite INT8,3,69429,30.453
TFLite INT8,3,16201,53.692
TFLite INT8,3,24684,32.059
TFLite INT8,3,70938,31.629
TFLite INT8,3,59161,31.086
TFLite INT8,3,32001,32.527
TFLite INT8,3,60300,31.189
TFLite INT8,3,24601,32.713
TFLite INT8,3,28221,30.563
TFLite INT8,3,39239,29.88
TFLite INT8,3,41230,32.148
TFLite INT8,3,72848,31.332
TFLite INT8,3,2671,32.088
TFLite INT8,3,19182,31.51
TFLite INT8,3,18916,31.271
TFLite INT8,3,71198,31.524
TFLite INT8,3,68583,31.299
TFLite INT8,3,45410,31.808
TFLite INT8,3,7795,93.194
TFLite INT8,3,24901,55.144
TFLite INT8,3,56375,37.126
TFLite INT8,3,69282,33.671
TFLite INT8,3,53563,30.842
TFLite INT8,3,53888,30.057
TFLite INT8,3,48612,30.989
TFLite INT8,3,19421,30.228
TFLite INT8,3,21480,50.234
TFLite INT8,3,8155,32.676
TFLite INT8,3,49934,28.28
TFLite INT8,3,49715,28.896
TFLite INT8,3,7807,31.467
TFLite INT8,3,24676,65.674
TFLite INT8,3,41233,64.138
TFLite INT8,3,24400,36.78
TFLite INT8,3,10996,33.077
TFLite INT8,3,39206,31.887
TFLite INT8,3,66876,32.259
TFLite INT8,3,186,30.955
TFLite INT8,3,60285,31.27
TFLite INT8,3,28147,30.697
TFLite INT8,3,697,32.695
TFLite INT8,3,21698,31.595
TFLite INT8,3,30032,34.011
TFLite INT8,3,62871,48.069
TFLite INT8,3,35526,40.84
TFLite INT8,3,39237,33.549
TFLite INT8,3,25501,30.895
TFLite INT8,3,70728,29.982
TFLite INT8,3,20390,75.759
TFLite INT8,3,59243,39.54
TFLite INT8,3,33086,48.859
TFLite INT8,3,39207,35.715
TFLite INT8,3,41605,30.036
TFLite INT8,3,12594,29.847
TFLite INT8,3,69302,28.861
TFLite INT8,3,30115,29.834
TFLite INT8,3,33967,32.82
TFLite INT8,3,73657,32.508
TFLite INT8,3,33920,32.484
TFLite INT8,3,21426,33.016
TFLite INT8,3,6122,33.17
TFLite INT8,3,4436,29.824
TFLite INT8,3,57688,30.072
TFLite INT8,3,32737,30.544
TFLite INT8,3,33872,29.549
TFLite INT8,3,73754,55.507
TFLite INT8,3,70944,37.008
TFLite INT8,3,11986,31.175
TFLite INT8,3,712,30.482
TFLite INT8,3,23507,68.49
TFLite INT8,3,44378,30.61
TFLite INT8,3,45417,29.631
TFLite INT8,3,27318,29.264
TFLite INT8,3,30917,29.4
TFLite INT8,3,72861,28.963
TFLite INT8,3,72702,30.171
TFLite INT8,3,68997,28.477
TFLite INT8,3,24387,28.795
TFLite INT8,3,13857,48.363
TFLite INT8,3,58305,31.62
TFLite INT8,3,44345,29.391
TFLite INT8,3,14423,29.754
TFLite INT8,3,7495,28.484
TFLite INT8,3,50075,71.169
TFLite INT8,3,11341,34.414
TFLite INT8,3,49045,31.94
TFLite INT8,3,25494,31.565
TFLite INT8,3,15402,28.657
TFLite INT8,3,34022,28.554
TFLite INT8,3,14908,28.991
TFLite INT8,3,2922,29.154
TFLite INT8,3,57995,30.313
TFLite INT8,3,29251,30.362
TFLite INT8,3,55978,29.482
TFLite INT8,3,6146,30.034
TFLite INT8,3,46648,29.236
TFLite INT8,3,48259,29.309
TFLite INT8,3,6991,42.234
TFLite INT8,3,42362,29.796
TFLite INT8,3,11292,29.297
TFLite INT8,3,46634,30.372
TFLite INT8,3,24615,31.1
TFLite INT8,3,29862,29.849
TFLite INT8,3,49732,28.63
TFLite INT8,3,53384,62.897
TFLite INT8,3,34016,64.216
TFLite INT8,3,56160,33.429
TFLite INT8,3,674,29.348
TFLite INT8,3,63320,29.508
TFLite INT8,3,32525,28.807
TFLite INT8,3,14499,30.075
TFLite INT8,3,39296,30.719
TFLite INT8,3,42312,29.257
TFLite INT8,3,59308,28.498
TFLite INT8,3,24586,28.954
TFLite INT8,3,53567,28.387
TFLite INT8,3,16345,28.685
TFLite INT8,3,52214,29.177
TFLite INT8,3,32003,28.38
TFLite INT8,3,9210,28.286
TFLite INT8,3,68207,28.276
TFLite INT8,3,31342,51.347
TFLite INT8,3,7013,36.785
TFLite INT8,3,5913,56.684
TFLite INT8,3,21401,53.332
TFLite INT8,3,55034,35.097
TFLite INT8,3,31617,31.006
TFLite INT8,3,73769,30.938
TFLite INT8,3,53343,32.939
TFLite INT8,3,20254,31.098
TFLite INT8,3,57694,30.658
TFLite INT8,3,20283,29.717
TFLite INT8,3,71241,30.319
TFLite INT8,3,56501,57.973
TFLite INT8,3,20399,90.781
TFLite INT8,3,32168,56.369
TFLite INT8,3,52067,34.222
TFLite INT8,3,34059,29.962
TFLite INT8,3,68607,29.316
TFLite INT8,3,28214,28.823
TFLite INT8,3,71162,29.18
TFLite INT8,3,26087,29.934
TFLite INT8,3,8158,31.216
TFLite INT8,3,26132,30.414
TFLite INT8,3,6277,32.309
TFLite INT8,3,71140,32.284
TFLite INT8,3,28163,31.916
TFLite INT8,3,45401,28.668
TFLite INT8,3,46961,28.153
TFLite INT8,3,50702,41.328
TFLite INT8,3,24544,29.193
TFLite INT8,3,19391,27.862
TFLite INT8,3,28660,28.566
TFLite INT8,3,13707,27.541
TFLite INT8,3,31346,28.114
TFLite INT8,3,34333,29.679
TFLite INT8,3,51889,29.373
TFLite INT8,3,34354,31.05
TFLite INT8,3,12009,30.3
TFLite INT8,3,69403,51.642
TFLite INT8,3,34400,69.963
TFLite INT8,3,68220,34.958
TFLite INT8,3,12615,30.782
TFLite INT8,3,53497,30.515
TFLite INT8,3,32563,28.062
TFLite INT8,3,51928,29.096
TFLite INT8,3,53897,29.835
TFLite INT8,3,56922,30.037
TFLite INT8,3,6668,30.627
TFLite INT8,3,7792,29.826
TFLite INT8,3,713,31.42
TFLite INT8,3,25872,30.946
TFLite INT8,3,73778,30.133
TFLite INT8,3,25419,29.376
TFLite INT8,3,59612,28.661
TFLite INT8,3,29341,30.103
TFLite INT8,3,29173,33.022
TFLite INT8,3,73675,31.542
TFLite INT8,3,49940,84.442
TFLite INT8,3,72882,65.265
TFLite INT8,3,73707,31.382
TFLite INT8,3,34458,28.968
TFLite INT8,3,41504,27.662
TFLite INT8,3,9202,27.274
TFLite INT8,3,49874,28.807
TFLite INT8,3,30040,48.1
TFLite INT8,3,24343,31.474
TFLite INT8,3,69010,29.751
TFLite INT8,3,21702,29.049
TFLite INT8,3,64323,29.256
TFLite INT8,3,3911,30.028
TFLite INT8,3,60594,72.113
TFLite INT8,3,19194,46.741
TFLite INT8,3,2204,31.928
TFLite INT8,3,64300,30.898
TFLite INT8,3,72857,32.087
TFLite INT8,3,29207,30.142
TFLite INT8,3,21472,29.785
TFLite INT8,3,17725,29.2
TFLite INT8,3,72741,29.967
TFLite INT8,3,30125,30.505
TFLite INT8,3,27370,30.082
TFLite INT8,3,1134,30.543
TFLite INT8,3,45383,30.867
TFLite INT8,3,24590,34.631
TFLite INT8,3,59163,30.003
TFLite INT8,3,73785,32.439
TFLite INT8,3,6678,30.824
TFLite INT8,3,41325,29.567
TFLite INT8,3,41619,29.85
TFLite INT8,3,47491,30.794
TFLite INT8,3,42314,29.307
TFLite INT8,3,56847,30.223
TFLite INT8,3,5920,60.8
TFLite INT8,3,41620,33.969
TFLite INT8,3,64338,32.574
TFLite INT8,3,33136,30.292
TFLite INT8,3,49099,29.987
TFLite INT8,3,50055,30.522
TFLite INT8,3,30562,30.256
TFLite INT8,3,8126,29.509
TFLite INT8,3,19535,31.312
TFLite INT8,3,11305,29.59
TFLite INT8,3,2677,29.326
TFLite INT8,3,42251,29.212
TFLite INT8,3,35439,30.316
TFLite INT8,3,32528,30.104
TFLite INT8,3,41512,29.47
TFLite INT8,3,73712,29.88
TFLite INT8,3,21488,28.813
TFLite INT8,3,52862,29.965
TFLite INT8,3,33149,32.038
TFLite INT8,3,50021,30.944
TFLite INT8,3,58270,45.915
TFLite INT8,3,58748,33.22
TFLite INT8,3,59264,32.925
TFLite INT8,3,157,33.95
TFLite INT8,3,59424,32.013
TFLite INT8,3,16340,30.465
TFLite INT8,3,62389,30.693
TFLite INT8,3,11307,30.276
TFLite INT8,3,47798,62.751
TFLite INT8,3,51146,53.457
TFLite INT8,3,19470,31.72
TFLite INT8,3,23481,28.92
TFLite INT8,3,68577,33.484
TFLite INT8,3,28774,30.461
TFLite INT8,3,63259,29.988
TFLite INT8,3,59431,29.9
TFLite INT8,3,30179,30.512
TFLite INT8,3,62393,30.221
TFLite INT8,3,57657,30.052
TFLite INT8,3,24876,30.877
TFLite INT8,3,7286,30.207
TFLite INT8,3,52483,30.32
TFLite INT8,3,47259,31.365
TFLite INT8,3,62846,31.108
TFLite INT8,3,12623,31.223
TFLite INT8,3,30206,29.799
TFLite INT8,3,70909,30.247
TFLite INT8,3,50311,82.561
TFLite INT8,3,42221,49.891
TFLite INT8,3,18934,35.408
TFLite INT8,3,25853,30.102
TFLite INT8,3,33889,31.943
TFLite INT8,3,51698,33.876
TFLite INT8,3,10904,43.417
TFLite INT8,3,33062,59.804
TFLite INT8,3,15536,44.071
TFLite INT8,3,59277,32.196
TFLite INT8,3,33143,30.642
TFLite INT8,3,5457,32.034
TFLite INT8,3,28409,33.628
TFLite INT8,3,68692,31.517
TFLite INT8,3,25507,30.227
TFLite INT8,3,29267,31.0
TFLite INT8,3,72633,32.191
TFLite INT8,3,28365,32.981
TFLite INT8,3,55965,32.426
TFLite INT8,3,69328,107.144
TFLite INT8,3,51570,92.913
TFLite INT8,3,55950,60.954
TFLite INT8,3,12550,41.704
TFLite INT8,3,41282,35.669
TFLite INT8,3,2957,35.499
TFLite INT8,3,34423,35.483
TFLite INT8,3,33116,36.16
TFLite INT8,3,28240,36.069
TFLite INT8,3,16070,33.574
TFLite INT8,3,56844,42.537
TFLite INT8,3,58290,30.821
TFLite INT8,3,51065,196.902
TFLite INT8,3,68560,46.167
TFLite INT8,3,31735,34.144
TFLite INT8,3,72689,33.804
TFLite INT8,3,5056,34.519
TFLite INT8,3,27950,33.662
TFLite INT8,3,52853,34.226
TFLite INT8,3,56829,35.57
TFLite INT8,3,13719,34.121
TFLite INT8,3,47605,36.526
TFLite INT8,3,21677,125.886
TFLite INT8,3,62380,56.999
TFLite INT8,3,65561,35.273
TFLite INT8,3,4438,31.429
TFLite INT8,3,68196,31.493
TFLite INT8,3,41543,31.778
TFLite INT8,3,6980,65.776
TFLite INT8,3,19043,33.376
TFLite INT8,3,32163,30.329
TFLite INT8,3,31627,29.462
TFLite INT8,3,41283,29.641
TFLite INT8,3,61875,29.734
TFLite INT8,3,29180,29.759
TFLite INT8,3,48615,30.254
TFLite INT8,3,58747,96.351
TFLite INT8,3,69413,33.355
TFLite INT8,3,15332,30.162
TFLite INT8,3,28430,30.062
TFLite INT8,3,34471,29.625
TFLite INT8,3,32167,30.145
TFLite INT8,3,63298,30.708
TFLite INT8,3,10889,31.584
TFLite INT8,3,37124,29.487
TFLite INT8,3,59151,30.157
TFLite INT8,3,54207,31.62
TFLite INT8,3,56918,28.968
TFLite INT8,3,55494,29.8
TFLite INT8,3,72782,29.783
TFLite INT8,3,38956,62.97
TFLite INT8,3,7006,31.473
TFLite INT8,3,17048,30.29
TFLite INT8,3,52623,28.343
TFLite INT8,3,6273,48.878
TFLite INT8,3,65591,32.678
TFLite INT8,3,30189,29.505
TFLite INT8,3,31186,30.319
TFLite INT8,3,49927,29.879
TFLite INT8,3,58274,30.817
TFLite INT8,3,6674,30.243
TFLite FP32,3,53928,199.473
TFLite FP32,3,71243,55.534
TFLite FP32,3,19044,33.597
TFLite FP32,3,20264,32.611
TFLite FP32,3,19420,31.637
TFLite FP32,3,35537,33.998
TFLite FP32,3,30559,31.256
TFLite FP32,3,20415,47.013
TFLite FP32,3,63213,30.002
TFLite FP32,3,69387,30.89
TFLite FP32,3,47254,31.312
TFLite FP32,3,7900,30.28
TFLite FP32,3,29263,31.208
TFLite FP32,3,68545,29.573
TFLite FP32,3,28197,30.724
TFLite FP32,3,8133,30.144
TFLite FP32,3,29110,581.207
TFLite FP32,3,21704,94.672
TFLite FP32,3,44388,57.217
TFLite FP32,3,54388,37.868
TFLite FP32,3,63226,34.519
TFLite FP32,3,68631,32.996
TFLite FP32,3,44424,34.621
TFLite FP32,3,55429,35.44
TFLite FP32,3,35544,32.782
TFLite FP32,3,25468,62.992
TFLite FP32,3,18908,40.711
TFLite FP32,3,31764,135.897
TFLite FP32,3,57691,65.345
TFLite FP32,3,19505,35.403
TFLite FP32,3,72656,32.924
TFLite FP32,3,21685,30.518
TFLite FP32,3,72767,30.001
TFLite FP32,3,48325,29.471
TFLite FP32,3,649,29.72
TFLite FP32,3,60619,29.972
TFLite FP32,3,56811,29.763
TFLite FP32,3,46411,30.562
TFLite FP32,3,32161,32.845
TFLite FP32,3,29377,32.306
TFLite FP32,3,58265,43.272
TFLite FP32,3,53869,31.64
TFLite FP32,3,68648,31.628
TFLite FP32,3,14512,30.016
TFLite FP32,3,42369,28.973
TFLite FP32,3,73736,29.811
TFLite FP32,3,70708,31.898
TFLite FP32,3,144,33.956
TFLite FP32,3,29199,31.064
TFLite FP32,3,54358,123.967
TFLite FP32,3,10975,162.008
TFLite FP32,3,52535,140.493
TFLite FP32,3,7503,58.236
TFLite FP32,3,60324,50.552
TFLite FP32,3,46418,35.837
TFLite FP32,3,11355,34.329
TFLite FP32,3,39268,35.191
TFLite FP32,3,44339,34.499
TFLite FP32,3,939,50.646
TFLite FP32,3,33983,37.883
TFLite FP32,3,68569,35.66
TFLite FP32,3,69409,40.248
TFLite FP32,3,73780,35.448
TFLite FP32,3,35451,36.861
TFLite FP32,3,69358,74.607
TFLite FP32,3,24610,42.397
TFLite FP32,3,48338,33.875
TFLite FP32,3,34353,84.521
TFLite FP32,3,33190,41.596
TFLite FP32,3,9236,33.47
TFLite FP32,3,24345,236.773
TFLite FP32,3,70954,55.294
TFLite FP32,3,28758,36.391
TFLite FP32,3,5914,36.84
TFLite FP32,3,68614,116.127
TFLite FP32,3,41316,75.139
TFLite FP32,3,8365,44.329
TFLite FP32,3,29637,77.661
TFLite FP32,3,9223,50.317
TFLite FP32,3,59405,37.914
TFLite FP32,3,53906,35.36
TFLite FP32,3,6129,31.342
TFLite FP32,3,52168,32.307
TFLite FP32,3,942,32.823
TFLite FP32,3,58297,34.743
TFLite FP32,3,63243,35.036
TFLite FP32,3,15981,141.483
TFLite FP32,3,29191,56.746
TFLite FP32,3,73740,38.656
TFLite FP32,3,55947,36.451
TFLite FP32,3,50571,34.72
TFLite FP32,3,68629,35.139
TFLite FP32,3,34342,58.399
TFLite FP32,3,23484,36.241
TFLite FP32,3,8345,34.47
TFLite FP32,3,70933,35.507
TFLite FP32,3,49928,36.13
TFLite FP32,3,652,34.839
TFLite FP32,3,9235,59.606
TFLite FP32,3,21430,113.299
TFLite FP32,3,18285,73.527
TFLite FP32,3,13969,82.486
TFLite FP32,3,511,52.882
TFLite FP32,3,68971,40.124
TFLite FP32,3,11312,37.874
TFLite FP32,3,29647,38.19
TFLite FP32,3,34025,36.721
TFLite FP32,3,34009,39.021
TFLite FP32,3,70975,39.277
TFLite FP32,3,24872,36.813
TFLite FP32,3,56507,110.08
TFLite FP32,3,72665,55.159
TFLite FP32,3,24584,35.162
TFLite FP32,3,21448,35.336
TFLite FP32,3,15722,38.266
TFLite FP32,3,2953,68.112
TFLite FP32,3,64335,41.037
TFLite FP32,3,52618,29.832
TFLite FP32,3,44404,28.979
TFLite FP32,3,28155,30.947
TFLite FP32,3,14500,30.613
TFLite FP32,3,54387,33.065
TFLite FP32,3,11989,30.418
TFLite FP32,3,66034,28.819
TFLite FP32,3,59632,30.283
TFLite FP32,3,4460,33.529
TFLite FP32,3,8360,32.253
TFLite FP32,3,1139,31.452
TFLite FP32,3,19370,30.3
TFLite FP32,3,69327,29.217
TFLite FP32,3,69025,28.479
TFLite FP32,3,131,30.669
TFLite FP32,3,20225,31.553
TFLite FP32,3,28406,32.886
TFLite FP32,3,55030,76.427
TFLite FP32,3,53918,51.984
TFLite FP32,3,6701,34.008
TFLite FP32,3,65600,31.012
TFLite FP32,3,28237,31.083
TFLite FP32,3,29133,30.486
TFLite FP32,3,48547,28.803
TFLite FP32,3,25820,29.322
TFLite FP32,3,56376,53.454
TFLite FP32,3,702,33.866
TFLite FP32,3,24660,30.685
TFLite FP32,3,32565,29.969
TFLite FP32,3,35468,30.834
TFLite FP32,3,8115,30.383
TFLite FP32,3,66165,30.56
TFLite FP32,3,18173,29.847
TFLite FP32,3,66045,30.72
TFLite FP32,3,61871,29.883
TFLite FP32,3,55065,28.968
TFLite FP32,3,6661,29.837
TFLite FP32,3,66150,29.709
TFLite FP32,3,11973,30.847
TFLite FP32,3,72644,29.595
TFLite FP32,3,70994,28.829
TFLite FP32,3,29847,30.428
TFLite FP32,3,24346,31.236
TFLite FP32,3,73763,31.115
TFLite FP32,3,37188,32.29
TFLite FP32,3,12627,31.923
TFLite FP32,3,14905,31.863
TFLite FP32,3,69223,36.204
TFLite FP32,3,72641,32.19
TFLite FP32,3,19650,32.032
TFLite FP32,3,68129,31.963
TFLite FP32,3,34483,39.259
TFLite FP32,3,46254,32.891
TFLite FP32,3,23118,32.913
TFLite FP32,3,46838,98.494
TFLite FP32,3,69429,48.263
TFLite FP32,3,16201,36.552
TFLite FP32,3,24684,36.049
TFLite FP32,3,70938,35.654
TFLite FP32,3,59161,34.765
TFLite FP32,3,32001,34.109
TFLite FP32,3,60300,37.292
TFLite FP32,3,24601,35.56
TFLite FP32,3,28221,37.213
TFLite FP32,3,39239,36.612
TFLite FP32,3,41230,35.501
TFLite FP32,3,72848,35.155
TFLite FP32,3,2671,166.833
TFLite FP32,3,19182,59.39
TFLite FP32,3,18916,41.143
TFLite FP32,3,71198,48.262
TFLite FP32,3,68583,37.231
TFLite FP32,3,45410,32.495
TFLite FP32,3,7795,31.714
TFLite FP32,3,24901,32.173
TFLite FP32,3,56375,36.298
TFLite FP32,3,69282,36.803
TFLite FP32,3,53563,36.645
TFLite FP32,3,53888,37.965
TFLite FP32,3,48612,140.277
TFLite FP32,3,19421,42.606
TFLite FP32,3,21480,32.289
TFLite FP32,3,8155,30.827
TFLite FP32,3,49934,30.922
TFLite FP32,3,49715,31.814
TFLite FP32,3,7807,45.075
TFLite FP32,3,24676,39.695
TFLite FP32,3,41233,35.859
TFLite FP32,3,24400,31.656
TFLite FP32,3,10996,260.939
TFLite FP32,3,39206,81.529
TFLite FP32,3,66876,36.424
TFLite FP32,3,186,31.38
TFLite FP32,3,60285,30.596
TFLite FP32,3,28147,31.494
TFLite FP32,3,697,30.808
TFLite FP32,3,21698,43.223
TFLite FP32,3,30032,29.792
TFLite FP32,3,62871,28.632
TFLite FP32,3,35526,28.433
TFLite FP32,3,39237,35.747
TFLite FP32,3,25501,29.173
TFLite FP32,3,70728,27.9
TFLite FP32,3,20390,27.675
TFLite FP32,3,59243,28.07
TFLite FP32,3,33086,28.599
TFLite FP32,3,39207,60.321
TFLite FP32,3,41605,34.214
TFLite FP32,3,12594,30.048
TFLite FP32,3,69302,30.006
TFLite FP32,3,30115,30.95
TFLite FP32,3,33967,30.545
TFLite FP32,3,73657,30.688
TFLite FP32,3,33920,65.881
TFLite FP32,3,21426,55.092
TFLite FP32,3,6122,34.571
TFLite FP32,3,4436,30.689
TFLite FP32,3,57688,30.315
TFLite FP32,3,32737,32.469
TFLite FP32,3,33872,31.743
TFLite FP32,3,73754,30.977
TFLite FP32,3,70944,31.633
TFLite FP32,3,11986,30.967
TFLite FP32,3,712,31.498
TFLite FP32,3,23507,30.663
TFLite FP32,3,44378,31.569
TFLite FP32,3,45417,32.928
TFLite FP32,3,27318,40.725
TFLite FP32,3,30917,32.876
TFLite FP32,3,72861,31.353
TFLite FP32,3,72702,30.783
TFLite FP32,3,68997,30.564
TFLite FP32,3,24387,41.631
TFLite FP32,3,13857,33.523
TFLite FP32,3,58305,31.381
TFLite FP32,3,44345,31.58
TFLite FP32,3,14423,31.652
TFLite FP32,3,7495,32.768
TFLite FP32,3,50075,31.427
TFLite FP32,3,11341,32.964
TFLite FP32,3,49045,70.375
TFLite FP32,3,25494,34.235
TFLite FP32,3,15402,31.569
TFLite FP32,3,34022,30.237
TFLite FP32,3,14908,30.104
TFLite FP32,3,2922,32.423
TFLite FP32,3,57995,32.27
TFLite FP32,3,29251,32.571
TFLite FP32,3,55978,32.283
TFLite FP32,3,6146,34.149
TFLite FP32,3,46648,34.688
TFLite FP32,3,48259,30.322
TFLite FP32,3,6991,31.215
TFLite FP32,3,42362,32.162
TFLite FP32,3,11292,33.358
TFLite FP32,3,46634,32.64
TFLite FP32,3,24615,32.505
TFLite FP32,3,29862,43.356
TFLite FP32,3,49732,36.743
TFLite FP32,3,53384,48.387
TFLite FP32,3,34016,35.667
TFLite FP32,3,56160,33.317
TFLite FP32,3,674,33.78
TFLite FP32,3,63320,34.39
TFLite FP32,3,32525,35.422
TFLite FP32,3,14499,36.041
TFLite FP32,3,39296,64.936
TFLite FP32,3,42312,34.34
TFLite FP32,3,59308,32.831
TFLite FP32,3,24586,32.861
TFLite FP32,3,53567,33.391
TFLite FP32,3,16345,52.546
TFLite FP32,3,52214,36.977
TFLite FP32,3,32003,34.221
TFLite FP32,3,9210,33.736
TFLite FP32,3,68207,36.996
TFLite FP32,3,31342,36.918
TFLite FP32,3,7013,35.989
TFLite FP32,3,5913,37.125
TFLite FP32,3,21401,36.344
TFLite FP32,3,55034,37.419
TFLite FP32,3,31617,35.052
TFLite FP32,3,73769,35.932
TFLite FP32,3,53343,36.399
TFLite FP32,3,20254,57.568
TFLite FP32,3,57694,41.091
TFLite FP32,3,20283,37.533
TFLite FP32,3,71241,36.366
TFLite FP32,3,56501,38.284
TFLite FP32,3,20399,36.683
TFLite FP32,3,32168,48.698
TFLite FP32,3,52067,33.62
TFLite FP32,3,34059,33.933
TFLite FP32,3,68607,32.146
TFLite FP32,3,28214,32.914
TFLite FP32,3,71162,34.303
TFLite FP32,3,26087,34.325
TFLite FP32,3,8158,33.456
TFLite FP32,3,26132,34.09
TFLite FP32,3,6277,33.692
TFLite FP32,3,71140,34.307
TFLite FP32,3,28163,32.402
TFLite FP32,3,45401,33.093
TFLite FP32,3,46961,32.989
TFLite FP32,3,50702,32.928
TFLite FP32,3,24544,32.548
TFLite FP32,3,19391,34.71
TFLite FP32,3,28660,31.453
TFLite FP32,3,13707,30.54
TFLite FP32,3,31346,47.066
TFLite FP32,3,34333,35.216
TFLite FP32,3,51889,33.73
TFLite FP32,3,34354,33.514
TFLite FP32,3,12009,34.872
TFLite FP32,3,69403,32.617
TFLite FP32,3,34400,33.51
TFLite FP32,3,68220,61.94
TFLite FP32,3,12615,35.728
TFLite FP32,3,53497,33.877
TFLite FP32,3,32563,33.306
TFLite FP32,3,51928,33.669
TFLite FP32,3,53897,33.68
TFLite FP32,3,56922,35.18
TFLite FP32,3,6668,32.248
TFLite FP32,3,7792,33.043
TFLite FP32,3,713,32.621
TFLite FP32,3,25872,33.596
TFLite FP32,3,73778,32.477
TFLite FP32,3,25419,32.993
TFLite FP32,3,59612,32.866
TFLite FP32,3,29341,32.609
TFLite FP32,3,29173,33.541
TFLite FP32,3,73675,34.729
TFLite FP32,3,49940,33.627
TFLite FP32,3,72882,33.908
TFLite FP32,3,73707,48.513
TFLite FP32,3,34458,36.229
TFLite FP32,3,41504,32.899
TFLite FP32,3,9202,33.155
TFLite FP32,3,49874,32.122
TFLite FP32,3,30040,33.275
TFLite FP32,3,24343,32.422
TFLite FP32,3,69010,70.488
TFLite FP32,3,21702,35.013
TFLite FP32,3,64323,32.616
TFLite FP32,3,3911,32.952
TFLite FP32,3,60594,33.158
TFLite FP32,3,19194,31.346
TFLite FP32,3,2204,34.572
TFLite FP32,3,64300,32.901
TFLite FP32,3,72857,33.18
TFLite FP32,3,29207,32.545
TFLite FP32,3,21472,33.505
TFLite FP32,3,17725,35.432
TFLite FP32,3,72741,35.03
TFLite FP32,3,30125,33.183
TFLite FP32,3,27370,38.565
TFLite FP32,3,1134,34.879
TFLite FP32,3,45383,34.565
TFLite FP32,3,24590,36.039
TFLite FP32,3,59163,34.852
TFLite FP32,3,73785,54.647
TFLite FP32,3,6678,37.494
TFLite FP32,3,41325,36.648
TFLite FP32,3,41619,37.069
TFLite FP32,3,47491,36.504
TFLite FP32,3,42314,35.466
TFLite FP32,3,56847,109.498
TFLite FP32,3,5920,64.232
TFLite FP32,3,41620,57.134
TFLite FP32,3,64338,46.492
TFLite FP32,3,33136,37.679
TFLite FP32,3,49099,37.682
TFLite FP32,3,50055,35.955
TFLite FP32,3,30562,33.469
TFLite FP32,3,8126,33.758
TFLite FP32,3,19535,36.313
TFLite FP32,3,11305,36.073
TFLite FP32,3,2677,36.693
TFLite FP32,3,42251,38.298
TFLite FP32,3,35439,36.53
TFLite FP32,3,32528,36.342
TFLite FP32,3,41512,56.667
TFLite FP32,3,73712,40.106
TFLite FP32,3,21488,52.796
TFLite FP32,3,52862,40.463
TFLite FP32,3,33149,37.216
TFLite FP32,3,50021,61.71
TFLite FP32,3,58270,44.936
TFLite FP32,3,58748,32.809
TFLite FP32,3,59264,33.138
TFLite FP32,3,157,31.821
TFLite FP32,3,59424,31.969
TFLite FP32,3,16340,34.184
TFLite FP32,3,62389,33.928
TFLite FP32,3,11307,33.97
TFLite FP32,3,47798,36.083
TFLite FP32,3,51146,34.757
TFLite FP32,3,19470,33.584
TFLite FP32,3,23481,34.491
TFLite FP32,3,68577,34.305
TFLite FP32,3,28774,33.113
TFLite FP32,3,63259,33.652
TFLite FP32,3,59431,32.957
TFLite FP32,3,30179,32.482
TFLite FP32,3,62393,32.317
TFLite FP32,3,57657,32.898
TFLite FP32,3,24876,46.052
TFLite FP32,3,7286,33.513
TFLite FP32,3,52483,31.498
TFLite FP32,3,47259,33.526
TFLite FP32,3,62846,32.972
TFLite FP32,3,12623,34.132
TFLite FP32,3,30206,32.791
TFLite FP32,3,70909,56.638
TFLite FP32,3,50311,34.288
TFLite FP32,3,42221,32.786
TFLite FP32,3,18934,32.071
TFLite FP32,3,25853,31.62
TFLite FP32,3,33889,31.936
TFLite FP32,3,51698,31.45
TFLite FP32,3,10904,29.815
TFLite FP32,3,33062,29.111
TFLite FP32,3,15536,29.13
TFLite FP32,3,59277,28.46
TFLite FP32,3,33143,29.282
TFLite FP32,3,5457,29.33
TFLite FP32,3,28409,28.054
TFLite FP32,3,68692,29.635
TFLite FP32,3,25507,29.625
TFLite FP32,3,29267,28.742
TFLite FP32,3,72633,27.85
TFLite FP32,3,28365,29.919
TFLite FP32,3,55965,29.46
TFLite FP32,3,69328,29.587
TFLite FP32,3,51570,50.365
TFLite FP32,3,55950,32.57
TFLite FP32,3,12550,31.233
TFLite FP32,3,41282,30.989
TFLite FP32,3,2957,30.978
TFLite FP32,3,34423,30.018
TFLite FP32,3,33116,30.044
TFLite FP32,3,28240,30.314
TFLite FP32,3,16070,55.438
TFLite FP32,3,56844,35.204
TFLite FP32,3,58290,34.451
TFLite FP32,3,51065,33.733
TFLite FP32,3,68560,31.896
TFLite FP32,3,31735,32.343
TFLite FP32,3,72689,35.659
TFLite FP32,3,5056,36.128
TFLite FP32,3,27950,35.825
TFLite FP32,3,52853,36.318
TFLite FP32,3,56829,33.23
TFLite FP32,3,13719,36.274
TFLite FP32,3,47605,37.86
TFLite FP32,3,21677,36.72
TFLite FP32,3,62380,35.264
TFLite FP32,3,65561,51.243
TFLite FP32,3,4438,37.042
TFLite FP32,3,68196,32.975
TFLite FP32,3,41543,45.809
TFLite FP32,3,6980,37.025
TFLite FP32,3,19043,35.23
TFLite FP32,3,32163,35.928
TFLite FP32,3,31627,35.557
TFLite FP32,3,41283,35.289
TFLite FP32,3,61875,37.328
TFLite FP32,3,29180,75.486
TFLite FP32,3,48615,42.325
TFLite FP32,3,58747,36.57
TFLite FP32,3,69413,38.451
TFLite FP32,3,15332,37.495
TFLite FP32,3,28430,38.535
TFLite FP32,3,34471,37.276
TFLite FP32,3,32167,37.736
TFLite FP32,3,63298,36.902
TFLite FP32,3,10889,37.846
TFLite FP32,3,37124,35.841
TFLite FP32,3,59151,35.148
TFLite FP32,3,54207,37.533
TFLite FP32,3,56918,36.991
TFLite FP32,3,55494,37.771
TFLite FP32,3,72782,38.467
TFLite FP32,3,38956,37.416
TFLite FP32,3,7006,46.516
TFLite FP32,3,17048,37.675
TFLite FP32,3,52623,34.703
TFLite FP32,3,6273,32.18
TFLite FP32,3,65591,33.956
TFLite FP32,3,30189,33.505
TFLite FP32,3,31186,57.967
TFLite FP32,3,49927,33.782
TFLite FP32,3,58274,29.798
TFLite FP32,3,6674,29.4
TFLite FP32,4,53928,30.455
TFLite FP32,4,71243,30.22
TFLite FP32,4,19044,30.806
TFLite FP32,4,20264,34.72
TFLite FP32,4,19420,30.242
TFLite FP32,4,35537,29.149
TFLite FP32,4,30559,27.986
TFLite FP32,4,20415,28.097
TFLite FP32,4,63213,30.486
TFLite FP32,4,69387,30.305
TFLite FP32,4,47254,29.856
TFLite FP32,4,7900,29.848
TFLite FP32,4,29263,29.683
TFLite FP32,4,68545,29.931
TFLite FP32,4,28197,30.145
TFLite FP32,4,8133,30.166
TFLite FP32,4,29110,40.976
TFLite FP32,4,21704,31.132
TFLite FP32,4,44388,29.935
TFLite FP32,4,54388,29.976
TFLite FP32,4,63226,29.914
TFLite FP32,4,68631,30.522
TFLite FP32,4,44424,30.848
TFLite FP32,4,55429,30.35
TFLite FP32,4,35544,55.126
TFLite FP32,4,25468,35.897
TFLite FP32,4,18908,29.957
TFLite FP32,4,31764,29.66
TFLite FP32,4,57691,30.162
TFLite FP32,4,19505,30.964
TFLite FP32,4,72656,30.635
TFLite FP32,4,21685,180.125
TFLite FP32,4,72767,75.195
TFLite FP32,4,48325,33.124
TFLite FP32,4,649,32.516
TFLite FP32,4,60619,172.968
TFLite FP32,4,56811,46.125
TFLite FP32,4,46411,32.854
TFLite FP32,4,32161,31.849
TFLite FP32,4,29377,32.168
TFLite FP32,4,58265,31.934
TFLite FP32,4,53869,32.129
TFLite FP32,4,68648,44.698
TFLite FP32,4,14512,34.603
TFLite FP32,4,42369,48.58
TFLite FP32,4,73736,36.745
TFLite FP32,4,70708,34.712
TFLite FP32,4,144,35.248
TFLite FP32,4,29199,37.118
TFLite FP32,4,54358,36.687
TFLite FP32,4,10975,38.101
TFLite FP32,4,52535,36.45
TFLite FP32,4,7503,43.698
TFLite FP32,4,60324,34.435
TFLite FP32,4,46418,36.027
TFLite FP32,4,11355,47.256
TFLite FP32,4,39268,44.138
TFLite FP32,4,44339,39.252
TFLite FP32,4,939,35.45
TFLite FP32,4,33983,37.089
TFLite FP32,4,68569,38.277
TFLite FP32,4,69409,36.689
TFLite FP32,4,73780,34.293
TFLite FP32,4,35451,33.485
TFLite FP32,4,69358,37.598
TFLite FP32,4,24610,73.662
TFLite FP32,4,48338,46.292
TFLite FP32,4,34353,38.64
TFLite FP32,4,33190,36.379
TFLite FP32,4,9236,36.897
TFLite FP32,4,24345,37.401
TFLite FP32,4,70954,34.525
TFLite FP32,4,28758,32.878
TFLite FP32,4,5914,38.097
TFLite FP32,4,68614,40.351
TFLite FP32,4,41316,41.083
TFLite FP32,4,8365,41.717
TFLite FP32,4,29637,41.834
TFLite FP32,4,9223,52.082
TFLite FP32,4,59405,52.232
TFLite FP32,4,53906,43.624
TFLite FP32,4,6129,39.206
TFLite FP32,4,52168,34.689
TFLite FP32,4,942,32.782
TFLite FP32,4,58297,31.449
TFLite FP32,4,63243,31.023
TFLite FP32,4,15981,30.512
TFLite FP32,4,29191,32.612
TFLite FP32,4,73740,57.759
TFLite FP32,4,55947,35.009
TFLite FP32,4,50571,31.904
TFLite FP32,4,68629,36.14
TFLite FP32,4,34342,37.947
TFLite FP32,4,23484,39.093
TFLite FP32,4,8345,35.82
TFLite FP32,4,70933,32.08
TFLite FP32,4,49928,30.777
TFLite FP32,4,652,30.584
TFLite FP32,4,9235,30.979
TFLite FP32,4,21430,30.183
TFLite FP32,4,18285,30.252
TFLite FP32,4,13969,30.287
TFLite FP32,4,511,30.465
TFLite FP32,4,68971,31.566
TFLite FP32,4,11312,30.489
TFLite FP32,4,29647,34.118
TFLite FP32,4,34025,41.872
TFLite FP32,4,34009,33.091
TFLite FP32,4,70975,32.202
TFLite FP32,4,24872,32.885
TFLite FP32,4,56507,30.228
TFLite FP32,4,72665,31.041
TFLite FP32,4,24584,29.722
TFLite FP32,4,21448,29.343
TFLite FP32,4,15722,33.773
TFLite FP32,4,2953,58.477
TFLite FP32,4,64335,42.924
TFLite FP32,4,52618,35.768
TFLite FP32,4,44404,30.883
TFLite FP32,4,28155,30.369
TFLite FP32,4,14500,30.364
TFLite FP32,4,54387,30.79
TFLite FP32,4,11989,33.721
TFLite FP32,4,66034,32.24
TFLite FP32,4,59632,32.042
TFLite FP32,4,4460,31.983
TFLite FP32,4,8360,30.866
TFLite FP32,4,1139,31.201
TFLite FP32,4,19370,32.215
TFLite FP32,4,69327,30.475
TFLite FP32,4,69025,40.695
TFLite FP32,4,131,48.657
TFLite FP32,4,20225,31.823
TFLite FP32,4,28406,38.299
TFLite FP32,4,55030,33.999
TFLite FP32,4,53918,32.825
TFLite FP32,4,6701,35.378
TFLite FP32,4,65600,38.948
TFLite FP32,4,28237,34.254
TFLite FP32,4,29133,33.197
TFLite FP32,4,48547,33.718
TFLite FP32,4,25820,31.447
TFLite FP32,4,56376,45.625
TFLite FP32,4,702,34.11
TFLite FP32,4,24660,35.932
TFLite FP32,4,32565,35.424
TFLite FP32,4,35468,33.75
TFLite FP32,4,8115,31.454
TFLite FP32,4,66165,31.898
TFLite FP32,4,18173,32.937
TFLite FP32,4,66045,34.931
TFLite FP32,4,61871,37.213
TFLite FP32,4,55065,36.602
TFLite FP32,4,6661,39.224
TFLite FP32,4,66150,38.7
TFLite FP32,4,11973,41.041
TFLite FP32,4,72644,40.952
TFLite FP32,4,70994,49.375
TFLite FP32,4,29847,43.815
TFLite FP32,4,24346,36.459
TFLite FP32,4,73763,30.364
TFLite FP32,4,37188,33.219
TFLite FP32,4,12627,34.756
TFLite FP32,4,14905,34.8
TFLite FP32,4,69223,36.175
TFLite FP32,4,72641,33.505
TFLite FP32,4,19650,62.882
TFLite FP32,4,68129,43.738
TFLite FP32,4,34483,33.652
TFLite FP32,4,46254,50.197
TFLite FP32,4,23118,33.313
TFLite FP32,4,46838,31.752
TFLite FP32,4,69429,31.144
TFLite FP32,4,16201,30.712
TFLite FP32,4,24684,30.744
TFLite FP32,4,70938,30.965
TFLite FP32,4,59161,41.039
TFLite FP32,4,32001,31.988
TFLite FP32,4,60300,32.122
TFLite FP32,4,24601,31.954
TFLite FP32,4,28221,33.038
TFLite FP32,4,39239,44.264
TFLite FP32,4,41230,40.327
TFLite FP32,4,72848,33.036
TFLite FP32,4,2671,31.43
TFLite FP32,4,19182,31.277
TFLite FP32,4,18916,32.154
TFLite FP32,4,71198,32.775
TFLite FP32,4,68583,33.081
TFLite FP32,4,45410,32.481
TFLite FP32,4,7795,34.157
TFLite FP32,4,24901,33.891
TFLite FP32,4,56375,60.785
TFLite FP32,4,69282,35.774
TFLite FP32,4,53563,32.793
TFLite FP32,4,53888,32.091
TFLite FP32,4,48612,30.321
TFLite FP32,4,19421,43.224
TFLite FP32,4,21480,33.261
TFLite FP32,4,8155,30.789
TFLite FP32,4,49934,35.134
TFLite FP32,4,49715,32.398
TFLite FP32,4,7807,34.175
TFLite FP32,4,24676,30.998
TFLite FP32,4,41233,36.601
TFLite FP32,4,24400,36.89
TFLite FP32,4,10996,31.502
TFLite FP32,4,39206,44.329
TFLite FP32,4,66876,33.263
TFLite FP32,4,186,30.492
TFLite FP32,4,60285,41.158
TFLite FP32,4,28147,32.785
TFLite FP32,4,697,31.513
TFLite FP32,4,21698,30.72
TFLite FP32,4,30032,49.456
TFLite FP32,4,62871,33.999
TFLite FP32,4,35526,31.028
TFLite FP32,4,39237,36.864
TFLite FP32,4,25501,55.992
TFLite FP32,4,70728,32.225
TFLite FP32,4,20390,34.539
TFLite FP32,4,59243,32.024
TFLite FP32,4,33086,31.024
TFLite FP32,4,39207,30.883
TFLite FP32,4,41605,30.929
TFLite FP32,4,12594,30.031
TFLite FP32,4,69302,32.41
TFLite FP32,4,30115,33.936
TFLite FP32,4,33967,68.804
TFLite FP32,4,73657,34.999
TFLite FP32,4,33920,31.138
TFLite FP32,4,21426,31.461
TFLite FP32,4,6122,30.99
TFLite FP32,4,4436,40.502
TFLite FP32,4,57688,32.39
TFLite FP32,4,32737,37.244
TFLite FP32,4,33872,30.857
TFLite FP32,4,73754,30.846
TFLite FP32,4,70944,31.816
TFLite FP32,4,11986,36.4
TFLite FP32,4,712,32.01
TFLite FP32,4,23507,30.943
TFLite FP32,4,44378,30.272
TFLite FP32,4,45417,31.295
TFLite FP32,4,27318,53.752
TFLite FP32,4,30917,38.268
TFLite FP32,4,72861,34.103
TFLite FP32,4,72702,33.363
TFLite FP32,4,68997,32.151
TFLite FP32,4,24387,32.701
TFLite FP32,4,13857,35.282
TFLite FP32,4,58305,35.063
TFLite FP32,4,44345,32.511
TFLite FP32,4,14423,30.473
TFLite FP32,4,7495,29.387
TFLite FP32,4,50075,29.512
TFLite FP32,4,11341,30.388
TFLite FP32,4,49045,32.25
TFLite FP32,4,25494,30.678
TFLite FP32,4,15402,30.805
TFLite FP32,4,34022,35.09
TFLite FP32,4,14908,48.523
TFLite FP32,4,2922,34.358
TFLite FP32,4,57995,32.536
TFLite FP32,4,29251,31.631
TFLite FP32,4,55978,30.841
TFLite FP32,4,6146,31.533
TFLite FP32,4,46648,35.649
TFLite FP32,4,48259,34.822
TFLite FP32,4,6991,35.933
TFLite FP32,4,42362,37.92
TFLite FP32,4,11292,64.856
TFLite FP32,4,46634,41.329
TFLite FP32,4,24615,41.136
TFLite FP32,4,29862,38.006
TFLite FP32,4,49732,38.58
TFLite FP32,4,53384,35.227
TFLite FP32,4,34016,32.54
TFLite FP32,4,56160,32.249
TFLite FP32,4,674,31.856
TFLite FP32,4,63320,34.493
TFLite FP32,4,32525,33.244
TFLite FP32,4,14499,33.26
TFLite FP32,4,39296,33.113
TFLite FP32,4,42312,35.494
TFLite FP32,4,59308,35.443
TFLite FP32,4,24586,46.667
TFLite FP32,4,53567,35.973
TFLite FP32,4,16345,31.005
TFLite FP32,4,52214,31.578
TFLite FP32,4,32003,35.808
TFLite FP32,4,9210,29.803
TFLite FP32,4,68207,29.599
TFLite FP32,4,31342,30.222
TFLite FP32,4,7013,31.663
TFLite FP32,4,5913,32.077
TFLite FP32,4,21401,30.889
TFLite FP32,4,55034,57.815
TFLite FP32,4,31617,34.658
TFLite FP32,4,73769,48.443
TFLite FP32,4,53343,31.766
TFLite FP32,4,20254,30.964
TFLite FP32,4,57694,30.792
TFLite FP32,4,20283,30.955
TFLite FP32,4,71241,33.662
TFLite FP32,4,56501,31.401
TFLite FP32,4,20399,30.705
TFLite FP32,4,32168,30.872
TFLite FP32,4,52067,31.049
TFLite FP32,4,34059,30.631
TFLite FP32,4,68607,30.534
TFLite FP32,4,28214,30.837
TFLite FP32,4,71162,31.119
TFLite FP32,4,26087,44.666
TFLite FP32,4,8158,34.005
TFLite FP32,4,26132,31.743
TFLite FP32,4,6277,30.738
TFLite FP32,4,71140,31.276
TFLite FP32,4,28163,28.423
TFLite FP32,4,45401,29.442
TFLite FP32,4,46961,30.475
TFLite FP32,4,50702,31.727
TFLite FP32,4,24544,31.727
TFLite FP32,4,19391,30.437
TFLite FP32,4,28660,31.05
TFLite FP32,4,13707,54.99
TFLite FP32,4,31346,34.388
TFLite FP32,4,34333,31.456
TFLite FP32,4,51889,144.954
TFLite FP32,4,34354,41.638
TFLite FP32,4,12009,76.242
TFLite FP32,4,69403,35.99
TFLite FP32,4,34400,31.413
TFLite FP32,4,68220,46.373
TFLite FP32,4,12615,32.401
TFLite FP32,4,53497,30.938
TFLite FP32,4,32563,39.802
TFLite FP32,4,51928,32.061
TFLite FP32,4,53897,30.911
TFLite FP32,4,56922,31.164
TFLite FP32,4,6668,31.026
TFLite FP32,4,7792,30.011
TFLite FP32,4,713,31.089
TFLite FP32,4,25872,30.948
TFLite FP32,4,73778,30.404
TFLite FP32,4,25419,30.888
TFLite FP32,4,59612,30.81
TFLite FP32,4,29341,30.474
TFLite FP32,4,29173,73.029
TFLite FP32,4,73675,39.899
TFLite FP32,4,49940,33.073
TFLite FP32,4,72882,29.435
TFLite FP32,4,73707,30.876
TFLite FP32,4,34458,30.971
TFLite FP32,4,41504,30.129
TFLite FP32,4,9202,32.181
TFLite FP32,4,49874,30.133
TFLite FP32,4,30040,31.573
TFLite FP32,4,24343,29.949
TFLite FP32,4,69010,30.539
TFLite FP32,4,21702,31.242
TFLite FP32,4,64323,33.015
TFLite FP32,4,3911,33.084
TFLite FP32,4,60594,34.024
TFLite FP32,4,19194,48.703
TFLite FP32,4,2204,43.953
TFLite FP32,4,64300,37.695
TFLite FP32,4,72857,37.268
TFLite FP32,4,29207,34.368
TFLite FP32,4,21472,33.328
TFLite FP32,4,17725,32.645
TFLite FP32,4,72741,32.796
TFLite FP32,4,30125,34.463
TFLite FP32,4,27370,36.564
TFLite FP32,4,1134,67.17
TFLite FP32,4,45383,42.388
TFLite FP32,4,24590,32.971
TFLite FP32,4,59163,30.062
TFLite FP32,4,73785,31.644
TFLite FP32,4,6678,30.461
TFLite FP32,4,41325,31.219
TFLite FP32,4,41619,31.926
TFLite FP32,4,47491,32.349
TFLite FP32,4,42314,33.483
TFLite FP32,4,56847,32.265
TFLite FP32,4,5920,31.559
TFLite FP32,4,41620,32.554
TFLite FP32,4,64338,33.62
TFLite FP32,4,33136,35.166
TFLite FP32,4,49099,33.898
TFLite FP32,4,50055,52.73
TFLite FP32,4,30562,41.169
TFLite FP32,4,8126,37.695
TFLite FP32,4,19535,37.041
TFLite FP32,4,11305,33.992
TFLite FP32,4,2677,35.15
TFLite FP32,4,42251,37.445
TFLite FP32,4,35439,36.705
TFLite FP32,4,32528,36.48
TFLite FP32,4,41512,55.967
TFLite FP32,4,73712,39.585
TFLite FP32,4,21488,33.467
TFLite FP32,4,52862,35.732
TFLite FP32,4,33149,58.852
TFLite FP32,4,50021,34.542
TFLite FP32,4,58270,30.918
TFLite FP32,4,58748,30.328
TFLite FP32,4,59264,40.376
TFLite FP32,4,157,31.806
TFLite FP32,4,59424,31.183
TFLite FP32,4,16340,31.862
TFLite FP32,4,62389,33.671
TFLite FP32,4,11307,31.874
TFLite FP32,4,47798,32.123
TFLite FP32,4,51146,33.399
TFLite FP32,4,19470,43.197
TFLite FP32,4,23481,33.189
TFLite FP32,4,68577,31.36
TFLite FP32,4,28774,31.908
TFLite FP32,4,63259,32.244
TFLite FP32,4,59431,30.833
TFLite FP32,4,30179,31.911
TFLite FP32,4,62393,31.475
TFLite FP32,4,57657,30.728
TFLite FP32,4,24876,31.702
TFLite FP32,4,7286,30.851
TFLite FP32,4,52483,51.939
TFLite FP32,4,47259,34.269
TFLite FP32,4,62846,30.497
TFLite FP32,4,12623,31.738
TFLite FP32,4,30206,32.399
TFLite FP32,4,70909,31.09
TFLite FP32,4,50311,30.703
TFLite FP32,4,42221,30.481
TFLite FP32,4,18934,30.022
TFLite FP32,4,25853,30.108
TFLite FP32,4,33889,30.875
TFLite FP32,4,51698,30.364
TFLite FP32,4,10904,31.331
TFLite FP32,4,33062,30.368
TFLite FP32,4,15536,32.299
TFLite FP32,4,59277,30.209
TFLite FP32,4,33143,30.388
TFLite FP32,4,5457,30.49
TFLite FP32,4,28409,34.912
TFLite FP32,4,68692,31.047
TFLite FP32,4,25507,30.235
TFLite FP32,4,29267,30.309
TFLite FP32,4,72633,30.6
TFLite FP32,4,28365,29.422
TFLite FP32,4,55965,30.35
TFLite FP32,4,69328,30.648
TFLite FP32,4,51570,30.038
TFLite FP32,4,55950,30.635
TFLite FP32,4,12550,30.443
TFLite FP32,4,41282,56.401
TFLite FP32,4,2957,37.162
TFLite FP32,4,34423,31.793
TFLite FP32,4,33116,32.356
TFLite FP32,4,28240,32.01
TFLite FP32,4,16070,34.003
TFLite FP32,4,56844,34.258
TFLite FP32,4,58290,32.886
TFLite FP32,4,51065,35.015
TFLite FP32,4,68560,33.228
TFLite FP32,4,31735,34.356
TFLite FP32,4,72689,37.413
TFLite FP32,4,5056,35.131
TFLite FP32,4,27950,37.272
TFLite FP32,4,52853,36.659
TFLite FP32,4,56829,36.321
TFLite FP32,4,13719,41.457
TFLite FP32,4,47605,31.632
TFLite FP32,4,21677,33.1
TFLite FP32,4,62380,34.549
TFLite FP32,4,65561,35.908
TFLite FP32,4,4438,34.03
TFLite FP32,4,68196,36.693
TFLite FP32,4,41543,36.417
TFLite FP32,4,6980,38.587
TFLite FP32,4,19043,60.579
TFLite FP32,4,32163,51.731
TFLite FP32,4,31627,51.575
TFLite FP32,4,41283,39.117
TFLite FP32,4,61875,33.6
TFLite FP32,4,29180,30.588
TFLite FP32,4,48615,29.99
TFLite FP32,4,58747,31.577
TFLite FP32,4,69413,30.431
TFLite FP32,4,15332,29.993
TFLite FP32,4,28430,34.259
TFLite FP32,4,34471,36.108
TFLite FP32,4,32167,33.915
TFLite FP32,4,63298,32.437
TFLite FP32,4,10889,34.382
TFLite FP32,4,37124,45.41
TFLite FP32,4,59151,42.05
TFLite FP32,4,54207,38.301
TFLite FP32,4,56918,30.977
TFLite FP32,4,55494,45.871
TFLite FP32,4,72782,37.106
TFLite FP32,4,38956,34.823
TFLite FP32,4,7006,34.495
TFLite FP32,4,17048,35.411
TFLite FP32,4,52623,31.581
TFLite FP32,4,6273,52.409
TFLite FP32,4,65591,35.781
TFLite FP32,4,30189,31.169
TFLite FP32,4,31186,31.25
TFLite FP32,4,49927,29.778
TFLite FP32,4,58274,30.212
TFLite FP32,4,6674,31.557
TFLite INT8,4,53928,162.873
TFLite INT8,4,71243,61.779
TFLite INT8,4,19044,36.997
TFLite INT8,4,20264,32.053
TFLite INT8,4,19420,31.461
TFLite INT8,4,35537,47.761
TFLite INT8,4,30559,32.964
TFLite INT8,4,20415,29.916
TFLite INT8,4,63213,31.254
TFLite INT8,4,69387,31.356
TFLite INT8,4,47254,31.067
TFLite INT8,4,7900,31.387
TFLite INT8,4,29263,31.881
TFLite INT8,4,68545,31.843
TFLite INT8,4,28197,42.506
TFLite INT8,4,8133,33.847
TFLite INT8,4,29110,59.513
TFLite INT8,4,21704,33.572
TFLite INT8,4,44388,31.343
TFLite INT8,4,54388,31.111
TFLite INT8,4,63226,31.582
TFLite INT8,4,68631,31.877
TFLite INT8,4,44424,29.631
TFLite INT8,4,55429,29.767
TFLite INT8,4,35544,30.871
TFLite INT8,4,25468,33.004
TFLite INT8,4,18908,31.383
TFLite INT8,4,31764,32.492
TFLite INT8,4,57691,32.022
TFLite INT8,4,19505,32.189
TFLite INT8,4,72656,31.346
TFLite INT8,4,21685,29.64
TFLite INT8,4,72767,29.641
TFLite INT8,4,48325,43.207
TFLite INT8,4,649,32.867
TFLite INT8,4,60619,30.882
TFLite INT8,4,56811,31.231
TFLite INT8,4,46411,31.636
TFLite INT8,4,32161,31.176
TFLite INT8,4,29377,33.782
TFLite INT8,4,58265,36.977
TFLite INT8,4,53869,35.494
TFLite INT8,4,68648,32.894
TFLite INT8,4,14512,55.239
TFLite INT8,4,42369,37.309
TFLite INT8,4,73736,32.042
TFLite INT8,4,70708,33.7
TFLite INT8,4,144,29.871
TFLite INT8,4,29199,31.262
TFLite INT8,4,54358,34.094
TFLite INT8,4,10975,33.411
TFLite INT8,4,52535,29.384
TFLite INT8,4,7503,28.84
TFLite INT8,4,60324,209.399
TFLite INT8,4,46418,94.929
TFLite INT8,4,11355,48.063
TFLite INT8,4,39268,38.155
TFLite INT8,4,44339,36.497
TFLite INT8,4,939,33.933
TFLite INT8,4,33983,33.249
TFLite INT8,4,68569,36.347
TFLite INT8,4,69409,35.526
TFLite INT8,4,73780,37.892
TFLite INT8,4,35451,75.977
TFLite INT8,4,69358,45.667
TFLite INT8,4,24610,41.279
TFLite INT8,4,48338,37.69
TFLite INT8,4,34353,41.577
TFLite INT8,4,33190,40.223
TFLite INT8,4,9236,41.669
TFLite INT8,4,24345,42.467
TFLite INT8,4,70954,80.013
TFLite INT8,4,28758,56.659
TFLite INT8,4,5914,38.827
TFLite INT8,4,68614,41.187
TFLite INT8,4,41316,43.47
TFLite INT8,4,8365,36.012
TFLite INT8,4,29637,67.919
TFLite INT8,4,9223,41.179
TFLite INT8,4,59405,38.238
TFLite INT8,4,53906,35.602
TFLite INT8,4,6129,33.504
TFLite INT8,4,52168,33.656
TFLite INT8,4,942,64.871
TFLite INT8,4,58297,41.466
TFLite INT8,4,63243,35.602
TFLite INT8,4,15981,35.96
TFLite INT8,4,29191,35.379
TFLite INT8,4,73740,37.703
TFLite INT8,4,55947,35.165
TFLite INT8,4,50571,34.848
TFLite INT8,4,68629,34.145
TFLite INT8,4,34342,34.632
TFLite INT8,4,23484,33.466
TFLite INT8,4,8345,31.909
TFLite INT8,4,70933,33.096
TFLite INT8,4,49928,31.391
TFLite INT8,4,652,34.23
TFLite INT8,4,9235,31.455
TFLite INT8,4,21430,48.593
TFLite INT8,4,18285,35.45
TFLite INT8,4,13969,32.728
TFLite INT8,4,511,33.338
TFLite INT8,4,68971,32.716
TFLite INT8,4,11312,31.152
TFLite INT8,4,29647,32.425
TFLite INT8,4,34025,32.015
TFLite INT8,4,34009,33.85
TFLite INT8,4,70975,35.125
TFLite INT8,4,24872,56.412
TFLite INT8,4,56507,34.914
TFLite INT8,4,72665,32.981
TFLite INT8,4,24584,33.852
TFLite INT8,4,21448,36.626
TFLite INT8,4,15722,37.026
TFLite INT8,4,2953,36.98
TFLite INT8,4,64335,33.857
TFLite INT8,4,52618,33.101
TFLite INT8,4,44404,32.594
TFLite INT8,4,28155,32.455
TFLite INT8,4,14500,32.17
TFLite INT8,4,54387,33.175
TFLite INT8,4,11989,52.105
TFLite INT8,4,66034,35.571
TFLite INT8,4,59632,32.228
TFLite INT8,4,4460,41.6
TFLite INT8,4,8360,32.799
TFLite INT8,4,1139,33.762
TFLite INT8,4,19370,32.769
TFLite INT8,4,69327,33.356
TFLite INT8,4,69025,31.68
TFLite INT8,4,131,31.391
TFLite INT8,4,20225,31.611
TFLite INT8,4,28406,37.535
TFLite INT8,4,55030,32.094
TFLite INT8,4,53918,51.441
TFLite INT8,4,6701,35.526
TFLite INT8,4,65600,32.561
TFLite INT8,4,28237,31.496
TFLite INT8,4,29133,31.957
TFLite INT8,4,48547,30.758
TFLite INT8,4,25820,31.831
TFLite INT8,4,56376,73.722
TFLite INT8,4,702,43.248
TFLite INT8,4,24660,33.536
TFLite INT8,4,32565,34.619
TFLite INT8,4,35468,31.314
TFLite INT8,4,8115,33.878
TFLite INT8,4,66165,32.936
TFLite INT8,4,18173,31.13
TFLite INT8,4,66045,34.031
TFLite INT8,4,61871,53.848
TFLite INT8,4,55065,40.734
TFLite INT8,4,6661,37.327
TFLite INT8,4,66150,34.919
TFLite INT8,4,11973,33.097
TFLite INT8,4,72644,31.625
TFLite INT8,4,70994,32.195
TFLite INT8,4,29847,33.846
TFLite INT8,4,24346,33.54
TFLite INT8,4,73763,59.155
TFLite INT8,4,37188,35.889
TFLite INT8,4,12627,31.063
TFLite INT8,4,14905,34.754
TFLite INT8,4,69223,34.972
TFLite INT8,4,72641,33.513
TFLite INT8,4,19650,36.118
TFLite INT8,4,68129,35.105
TFLite INT8,4,34483,35.318
TFLite INT8,4,46254,36.437
TFLite INT8,4,23118,35.881
TFLite INT8,4,46838,35.426
TFLite INT8,4,69429,33.454
TFLite INT8,4,16201,33.095
TFLite INT8,4,24684,33.419
TFLite INT8,4,70938,33.672
TFLite INT8,4,59161,49.888
TFLite INT8,4,32001,38.638
TFLite INT8,4,60300,33.848
TFLite INT8,4,24601,35.5
TFLite INT8,4,28221,38.164
TFLite INT8,4,39239,36.515
TFLite INT8,4,41230,35.286
TFLite INT8,4,72848,36.23
TFLite INT8,4,2671,34.558
TFLite INT8,4,19182,57.578
TFLite INT8,4,18916,35.436
TFLite INT8,4,71198,30.258
TFLite INT8,4,68583,30.005
TFLite INT8,4,45410,31.139
TFLite INT8,4,7795,31.068
TFLite INT8,4,24901,29.162
TFLite INT8,4,56375,29.662
TFLite INT8,4,69282,28.487
TFLite INT8,4,53563,30.013
TFLite INT8,4,53888,28.865
TFLite INT8,4,48612,32.736
TFLite INT8,4,19421,31.593
TFLite INT8,4,21480,30.112
TFLite INT8,4,8155,31.815
TFLite INT8,4,49934,35.41
TFLite INT8,4,49715,33.541
TFLite INT8,4,7807,33.173
TFLite INT8,4,24676,52.511
TFLite INT8,4,41233,34.724
TFLite INT8,4,24400,31.843
TFLite INT8,4,10996,32.347
TFLite INT8,4,39206,30.249
TFLite INT8,4,66876,31.944
TFLite INT8,4,186,31.453
TFLite INT8,4,60285,30.096
TFLite INT8,4,28147,31.814
TFLite INT8,4,697,30.538
TFLite INT8,4,21698,29.622
TFLite INT8,4,30032,53.688
TFLite INT8,4,62871,31.751
TFLite INT8,4,35526,33.64
TFLite INT8,4,39237,30.401
TFLite INT8,4,25501,29.025
TFLite INT8,4,70728,29.515
TFLite INT8,4,20390,30.054
TFLite INT8,4,59243,29.747
TFLite INT8,4,33086,30.9
TFLite INT8,4,39207,30.204
TFLite INT8,4,41605,30.718
TFLite INT8,4,12594,30.47
TFLite INT8,4,69302,30.811
TFLite INT8,4,30115,30.742
TFLite INT8,4,33967,31.003
TFLite INT8,4,73657,30.998
TFLite INT8,4,33920,30.432
TFLite INT8,4,21426,90.758
TFLite INT8,4,6122,51.919
TFLite INT8,4,4436,72.023
TFLite INT8,4,57688,41.59
TFLite INT8,4,32737,226.03
TFLite INT8,4,33872,232.249
TFLite INT8,4,73754,48.572
TFLite INT8,4,70944,36.638
TFLite INT8,4,11986,38.969
TFLite INT8,4,712,31.598
TFLite INT8,4,23507,31.576
TFLite INT8,4,44378,31.677
TFLite INT8,4,45417,34.997
TFLite INT8,4,27318,32.568
TFLite INT8,4,30917,31.701
TFLite INT8,4,72861,34.911
TFLite INT8,4,72702,36.013
TFLite INT8,4,68997,38.005
TFLite INT8,4,24387,37.3
TFLite INT8,4,13857,34.256
TFLite INT8,4,58305,32.998
TFLite INT8,4,44345,34.326
TFLite INT8,4,14423,59.041
TFLite INT8,4,7495,42.83
TFLite INT8,4,50075,36.535
TFLite INT8,4,11341,43.92
TFLite INT8,4,49045,38.849
TFLite INT8,4,25494,36.854
TFLite INT8,4,15402,39.926
TFLite INT8,4,34022,37.993
TFLite INT8,4,14908,40.014
TFLite INT8,4,2922,39.369
TFLite INT8,4,57995,35.929
TFLite INT8,4,29251,34.331
TFLite INT8,4,55978,35.45
TFLite INT8,4,6146,36.478
TFLite INT8,4,46648,36.209
TFLite INT8,4,48259,38.12
TFLite INT8,4,6991,36.132
TFLite INT8,4,42362,37.9
TFLite INT8,4,11292,37.878
TFLite INT8,4,46634,38.293
TFLite INT8,4,24615,39.568
TFLite INT8,4,29862,35.19
TFLite INT8,4,49732,36.515
TFLite INT8,4,53384,35.529
TFLite INT8,4,34016,42.174
TFLite INT8,4,56160,34.014
TFLite INT8,4,674,45.277
TFLite INT8,4,63320,35.22
TFLite INT8,4,32525,32.28
TFLite INT8,4,14499,32.08
TFLite INT8,4,39296,32.297
TFLite INT8,4,42312,31.727
TFLite INT8,4,59308,32.078
TFLite INT8,4,24586,31.378
TFLite INT8,4,53567,33.859
TFLite INT8,4,16345,34.815
TFLite INT8,4,52214,31.877
TFLite INT8,4,32003,31.262
TFLite INT8,4,9210,32.527
TFLite INT8,4,68207,33.087
TFLite INT8,4,31342,33.365
TFLite INT8,4,7013,34.112
TFLite INT8,4,5913,31.993
TFLite INT8,4,21401,32.281
TFLite INT8,4,55034,33.522
TFLite INT8,4,31617,34.058
TFLite INT8,4,73769,32.882
TFLite INT8,4,53343,33.201
TFLite INT8,4,20254,32.137
TFLite INT8,4,57694,31.742
TFLite INT8,4,20283,32.385
TFLite INT8,4,71241,56.841
TFLite INT8,4,56501,34.152
TFLite INT8,4,20399,32.944
TFLite INT8,4,32168,42.174
TFLite INT8,4,52067,33.064
TFLite INT8,4,34059,32.901
TFLite INT8,4,68607,32.396
TFLite INT8,4,28214,32.029
TFLite INT8,4,71162,32.19
TFLite INT8,4,26087,33.054
TFLite INT8,4,8158,32.597
TFLite INT8,4,26132,31.463
TFLite INT8,4,6277,32.781
TFLite INT8,4,71140,32.12
TFLite INT8,4,28163,32.76
TFLite INT8,4,45401,32.822
TFLite INT8,4,46961,32.509
TFLite INT8,4,50702,32.958
TFLite INT8,4,24544,32.9
TFLite INT8,4,19391,32.967
TFLite INT8,4,28660,32.788
TFLite INT8,4,13707,31.993
TFLite INT8,4,31346,33.319
TFLite INT8,4,34333,32.27
TFLite INT8,4,51889,32.268
TFLite INT8,4,34354,32.188
TFLite INT8,4,12009,32.508
TFLite INT8,4,69403,32.333
TFLite INT8,4,34400,41.625
TFLite INT8,4,68220,31.124
TFLite INT8,4,12615,30.655
TFLite INT8,4,53497,47.539
TFLite INT8,4,32563,33.206
TFLite INT8,4,51928,32.261
TFLite INT8,4,53897,32.492
TFLite INT8,4,56922,31.421
TFLite INT8,4,6668,33.311
TFLite INT8,4,7792,31.915
TFLite INT8,4,713,34.704
TFLite INT8,4,25872,35.589
TFLite INT8,4,73778,37.753
TFLite INT8,4,25419,37.205
TFLite INT8,4,59612,34.978
TFLite INT8,4,29341,34.295
TFLite INT8,4,29173,32.585
TFLite INT8,4,73675,32.611
TFLite INT8,4,49940,35.163
TFLite INT8,4,72882,32.11
TFLite INT8,4,73707,33.653
TFLite INT8,4,34458,32.918
TFLite INT8,4,41504,35.447
TFLite INT8,4,9202,34.385
TFLite INT8,4,49874,33.556
TFLite INT8,4,30040,34.72
TFLite INT8,4,24343,66.214
TFLite INT8,4,69010,39.184
TFLite INT8,4,21702,52.63
TFLite INT8,4,64323,40.505
TFLite INT8,4,3911,33.1
TFLite INT8,4,60594,31.585
TFLite INT8,4,19194,30.83
TFLite INT8,4,2204,30.489
TFLite INT8,4,64300,31.747
TFLite INT8,4,72857,33.229
TFLite INT8,4,29207,32.996
TFLite INT8,4,21472,33.792
TFLite INT8,4,17725,33.328
TFLite INT8,4,72741,32.688
TFLite INT8,4,30125,30.753
TFLite INT8,4,27370,31.885
TFLite INT8,4,1134,32.312
TFLite INT8,4,45383,33.13
TFLite INT8,4,24590,43.928
TFLite INT8,4,59163,35.597
TFLite INT8,4,73785,32.359
TFLite INT8,4,6678,32.393
TFLite INT8,4,41325,30.729
TFLite INT8,4,41619,29.193
TFLite INT8,4,47491,28.835
TFLite INT8,4,42314,29.501
TFLite INT8,4,56847,83.887
TFLite INT8,4,5920,39.939
TFLite INT8,4,41620,42.381
TFLite INT8,4,64338,32.04
TFLite INT8,4,33136,30.948
TFLite INT8,4,49099,32.206
TFLite INT8,4,50055,31.997
TFLite INT8,4,30562,32.754
TFLite INT8,4,8126,31.912
TFLite INT8,4,19535,31.093
TFLite INT8,4,11305,31.588
TFLite INT8,4,2677,31.531
TFLite INT8,4,42251,31.223
TFLite INT8,4,35439,31.317
TFLite INT8,4,32528,31.435
TFLite INT8,4,41512,31.381
TFLite INT8,4,73712,31.54
TFLite INT8,4,21488,31.167
TFLite INT8,4,52862,31.212
TFLite INT8,4,33149,32.481
TFLite INT8,4,50021,31.379
TFLite INT8,4,58270,32.012
TFLite INT8,4,58748,31.759
TFLite INT8,4,59264,31.903
TFLite INT8,4,157,31.812
TFLite INT8,4,59424,31.558
TFLite INT8,4,16340,31.877
TFLite INT8,4,62389,30.881
TFLite INT8,4,11307,54.434
TFLite INT8,4,47798,32.032
TFLite INT8,4,51146,31.655
TFLite INT8,4,19470,43.032
TFLite INT8,4,23481,31.824
TFLite INT8,4,68577,30.984
TFLite INT8,4,28774,32.422
TFLite INT8,4,63259,32.287
TFLite INT8,4,59431,31.719
TFLite INT8,4,30179,31.99
TFLite INT8,4,62393,31.88
TFLite INT8,4,57657,31.576
TFLite INT8,4,24876,32.004
TFLite INT8,4,7286,31.564
TFLite INT8,4,52483,33.211
TFLite INT8,4,47259,31.419
TFLite INT8,4,62846,31.375
TFLite INT8,4,12623,33.151
TFLite INT8,4,30206,32.288
TFLite INT8,4,70909,31.31
TFLite INT8,4,50311,31.917
TFLite INT8,4,42221,31.017
TFLite INT8,4,18934,31.576
TFLite INT8,4,25853,31.683
TFLite INT8,4,33889,32.476
TFLite INT8,4,51698,31.887
TFLite INT8,4,10904,31.945
TFLite INT8,4,33062,48.456
TFLite INT8,4,15536,39.113
TFLite INT8,4,59277,29.741
TFLite INT8,4,33143,28.968
TFLite INT8,4,5457,44.376
TFLite INT8,4,28409,30.054
TFLite INT8,4,68692,29.252
TFLite INT8,4,25507,29.288
TFLite INT8,4,29267,29.221
TFLite INT8,4,72633,29.606
TFLite INT8,4,28365,29.622
TFLite INT8,4,55965,30.223
TFLite INT8,4,69328,31.095
TFLite INT8,4,51570,30.497
TFLite INT8,4,55950,30.962
TFLite INT8,4,12550,29.516
TFLite INT8,4,41282,29.996
TFLite INT8,4,2957,28.568
TFLite INT8,4,34423,30.765
TFLite INT8,4,33116,33.578
TFLite INT8,4,28240,34.797
TFLite INT8,4,16070,32.327
TFLite INT8,4,56844,31.294
TFLite INT8,4,58290,31.445
TFLite INT8,4,51065,30.573
TFLite INT8,4,68560,31.07
TFLite INT8,4,31735,32.156
TFLite INT8,4,72689,32.06
TFLite INT8,4,5056,31.56
TFLite INT8,4,27950,50.446
TFLite INT8,4,52853,39.793
TFLite INT8,4,56829,33.197
TFLite INT8,4,13719,48.29
TFLite INT8,4,47605,41.869
TFLite INT8,4,21677,37.002
TFLite INT8,4,62380,34.079
TFLite INT8,4,65561,34.639
TFLite INT8,4,4438,36.553
TFLite INT8,4,68196,38.24
TFLite INT8,4,41543,34.81
TFLite INT8,4,6980,31.626
TFLite INT8,4,19043,30.583
TFLite INT8,4,32163,31.457
TFLite INT8,4,31627,34.964
TFLite INT8,4,41283,33.511
TFLite INT8,4,61875,31.953
TFLite INT8,4,29180,32.886
TFLite INT8,4,48615,32.393
TFLite INT8,4,58747,32.096
TFLite INT8,4,69413,29.996
TFLite INT8,4,15332,31.458
TFLite INT8,4,28430,31.233
TFLite INT8,4,34471,33.36
TFLite INT8,4,32167,32.313
TFLite INT8,4,63298,31.692
TFLite INT8,4,10889,30.361
TFLite INT8,4,37124,56.488
TFLite INT8,4,59151,34.373
TFLite INT8,4,54207,31.366
TFLite INT8,4,56918,42.281
TFLite INT8,4,55494,32.177
TFLite INT8,4,72782,31.411
TFLite INT8,4,38956,31.762
TFLite INT8,4,7006,31.58
TFLite INT8,4,17048,31.336
TFLite INT8,4,52623,31.252
TFLite INT8,4,6273,31.558
TFLite INT8,4,65591,31.364
TFLite INT8,4,30189,31.418
TFLite INT8,4,31186,31.474
TFLite INT8,4,49927,31.621
TFLite INT8,4,58274,31.414
TFLite INT8,4,6674,31.845
TFLite INT8,5,53928,33.923
TFLite INT8,5,71243,31.316
TFLite INT8,5,19044,31.188
TFLite INT8,5,20264,31.507
TFLite INT8,5,19420,31.082
TFLite INT8,5,35537,30.597
TFLite INT8,5,30559,30.825
TFLite INT8,5,20415,33.682
TFLite INT8,5,63213,31.079
TFLite INT8,5,69387,29.998
TFLite INT8,5,47254,29.205
TFLite INT8,5,7900,54.617
TFLite INT8,5,29263,33.646
TFLite INT8,5,68545,29.791
TFLite INT8,5,28197,46.082
TFLite INT8,5,8133,32.938
TFLite INT8,5,29110,30.874
TFLite INT8,5,21704,28.371
TFLite INT8,5,44388,30.524
TFLite INT8,5,54388,30.612
TFLite INT8,5,63226,31.637
TFLite INT8,5,68631,29.777
TFLite INT8,5,44424,28.255
TFLite INT8,5,55429,31.536
TFLite INT8,5,35544,29.792
TFLite INT8,5,25468,29.502
TFLite INT8,5,18908,29.701
TFLite INT8,5,31764,29.018
TFLite INT8,5,57691,28.407
TFLite INT8,5,19505,29.79
TFLite INT8,5,72656,30.868
TFLite INT8,5,21685,30.528
TFLite INT8,5,72767,29.989
TFLite INT8,5,48325,30.821
TFLite INT8,5,649,29.437
TFLite INT8,5,60619,30.74
TFLite INT8,5,56811,30.265
TFLite INT8,5,46411,31.909
TFLite INT8,5,32161,31.768
TFLite INT8,5,29377,34.587
TFLite INT8,5,58265,61.455
TFLite INT8,5,53869,47.3
TFLite INT8,5,68648,47.098
TFLite INT8,5,14512,36.093
TFLite INT8,5,42369,32.304
TFLite INT8,5,73736,31.018
TFLite INT8,5,70708,32.905
TFLite INT8,5,144,33.019
TFLite INT8,5,29199,35.372
TFLite INT8,5,54358,33.786
TFLite INT8,5,10975,33.621
TFLite INT8,5,52535,32.638
TFLite INT8,5,7503,33.683
TFLite INT8,5,60324,31.345
TFLite INT8,5,46418,30.568
TFLite INT8,5,11355,32.917
TFLite INT8,5,39268,32.961
TFLite INT8,5,44339,33.204
TFLite INT8,5,939,33.073
TFLite INT8,5,33983,34.215
TFLite INT8,5,68569,34.731
TFLite INT8,5,69409,36.788
TFLite INT8,5,73780,36.09
TFLite INT8,5,35451,34.15
TFLite INT8,5,69358,34.765
TFLite INT8,5,24610,36.665
TFLite INT8,5,48338,68.006
TFLite INT8,5,34353,41.817
TFLite INT8,5,33190,49.238
TFLite INT8,5,9236,37.916
TFLite INT8,5,24345,34.418
TFLite INT8,5,70954,36.416
TFLite INT8,5,28758,36.963
TFLite INT8,5,5914,36.198
TFLite INT8,5,68614,35.658
TFLite INT8,5,41316,35.147
TFLite INT8,5,8365,35.337
TFLite INT8,5,29637,34.139
TFLite INT8,5,9223,32.962
TFLite INT8,5,59405,34.713
TFLite INT8,5,53906,35.379
TFLite INT8,5,6129,35.534
TFLite INT8,5,52168,36.192
TFLite INT8,5,942,33.885
TFLite INT8,5,58297,36.376
TFLite INT8,5,63243,35.11
TFLite INT8,5,15981,37.023
TFLite INT8,5,29191,36.541
TFLite INT8,5,73740,32.895
TFLite INT8,5,55947,29.555
TFLite INT8,5,50571,29.084
TFLite INT8,5,68629,56.012
TFLite INT8,5,34342,33.932
TFLite INT8,5,23484,33.394
TFLite INT8,5,8345,49.513
TFLite INT8,5,70933,33.984
TFLite INT8,5,49928,30.654
TFLite INT8,5,652,30.63
TFLite INT8,5,9235,34.773
TFLite INT8,5,21430,35.425
TFLite INT8,5,18285,31.637
TFLite INT8,5,13969,29.115
TFLite INT8,5,511,31.082
TFLite INT8,5,68971,31.893
TFLite INT8,5,11312,32.077
TFLite INT8,5,29647,32.129
TFLite INT8,5,34025,30.285
TFLite INT8,5,34009,30.872
TFLite INT8,5,70975,32.687
TFLite INT8,5,24872,40.455
TFLite INT8,5,56507,34.9
TFLite INT8,5,72665,31.754
TFLite INT8,5,24584,30.646
TFLite INT8,5,21448,32.656
TFLite INT8,5,15722,33.724
TFLite INT8,5,2953,30.265
TFLite INT8,5,64335,31.198
TFLite INT8,5,52618,30.726
TFLite INT8,5,44404,39.544
TFLite INT8,5,28155,33.134
TFLite INT8,5,14500,31.61
TFLite INT8,5,54387,33.265
TFLite INT8,5,11989,30.891
TFLite INT8,5,66034,32.581
TFLite INT8,5,59632,33.485
TFLite INT8,5,4460,33.898
TFLite INT8,5,8360,34.662
TFLite INT8,5,1139,42.3
TFLite INT8,5,19370,37.348
TFLite INT8,5,69327,36.511
TFLite INT8,5,69025,36.115
TFLite INT8,5,131,35.93
TFLite INT8,5,20225,32.3
TFLite INT8,5,28406,31.13
TFLite INT8,5,55030,32.398
TFLite INT8,5,53918,32.25
TFLite INT8,5,6701,32.922
TFLite INT8,5,65600,32.313
TFLite INT8,5,28237,32.282
TFLite INT8,5,29133,33.002
TFLite INT8,5,48547,31.254
TFLite INT8,5,25820,30.668
TFLite INT8,5,56376,32.408
TFLite INT8,5,702,33.45
TFLite INT8,5,24660,55.125
TFLite INT8,5,32565,46.837
TFLite INT8,5,35468,34.981
TFLite INT8,5,8115,49.908
TFLite INT8,5,66165,35.097
TFLite INT8,5,18173,33.385
TFLite INT8,5,66045,32.292
TFLite INT8,5,61871,33.71
TFLite INT8,5,55065,34.237
TFLite INT8,5,6661,35.761
TFLite INT8,5,66150,36.012
TFLite INT8,5,11973,35.943
TFLite INT8,5,72644,35.478
TFLite INT8,5,70994,33.924
TFLite INT8,5,29847,32.947
TFLite INT8,5,24346,34.326
TFLite INT8,5,73763,34.032
TFLite INT8,5,37188,34.378
TFLite INT8,5,12627,30.748
TFLite INT8,5,14905,28.896
TFLite INT8,5,69223,29.375
TFLite INT8,5,72641,30.049
TFLite INT8,5,19650,31.316
TFLite INT8,5,68129,30.933
TFLite INT8,5,34483,34.027
TFLite INT8,5,46254,33.751
TFLite INT8,5,23118,56.423
TFLite INT8,5,46838,44.888
TFLite INT8,5,69429,35.957
TFLite INT8,5,16201,52.672
TFLite INT8,5,24684,38.279
TFLite INT8,5,70938,34.8
TFLite INT8,5,59161,33.503
TFLite INT8,5,32001,33.261
TFLite INT8,5,60300,32.675
TFLite INT8,5,24601,34.726
TFLite INT8,5,28221,34.853
TFLite INT8,5,39239,35.845
TFLite INT8,5,41230,35.747
TFLite INT8,5,72848,35.289
TFLite INT8,5,2671,35.11
TFLite INT8,5,19182,36.602
TFLite INT8,5,18916,37.984
TFLite INT8,5,71198,55.764
TFLite INT8,5,68583,35.343
TFLite INT8,5,45410,34.586
TFLite INT8,5,7795,33.219
TFLite INT8,5,24901,33.148
TFLite INT8,5,56375,35.64
TFLite INT8,5,69282,35.392
TFLite INT8,5,53563,34.048
TFLite INT8,5,53888,63.155
TFLite INT8,5,48612,38.043
TFLite INT8,5,19421,49.657
TFLite INT8,5,21480,40.244
TFLite INT8,5,8155,36.757
TFLite INT8,5,49934,34.669
TFLite INT8,5,49715,34.027
TFLite INT8,5,7807,34.653
TFLite INT8,5,24676,34.374
TFLite INT8,5,41233,34.56
TFLite INT8,5,24400,35.745
TFLite INT8,5,10996,35.016
TFLite INT8,5,39206,46.392
TFLite INT8,5,66876,37.266
TFLite INT8,5,186,36.295
TFLite INT8,5,60285,36.826
TFLite INT8,5,28147,34.705
TFLite INT8,5,697,33.194
TFLite INT8,5,21698,35.004
TFLite INT8,5,30032,35.453
TFLite INT8,5,62871,34.395
TFLite INT8,5,35526,34.087
TFLite INT8,5,39237,34.663
TFLite INT8,5,25501,36.817
TFLite INT8,5,70728,59.532
TFLite INT8,5,20390,41.962
TFLite INT8,5,59243,56.245
TFLite INT8,5,33086,38.315
TFLite INT8,5,39207,53.245
TFLite INT8,5,41605,40.179
TFLite INT8,5,12594,35.542
TFLite INT8,5,69302,35.247
TFLite INT8,5,30115,35.746
TFLite INT8,5,33967,35.317
TFLite INT8,5,73657,37.661
TFLite INT8,5,33920,36.376
TFLite INT8,5,21426,35.636
TFLite INT8,5,6122,34.022
TFLite INT8,5,4436,35.386
TFLite INT8,5,57688,33.693
TFLite INT8,5,32737,33.591
TFLite INT8,5,33872,35.339
TFLite INT8,5,73754,35.468
TFLite INT8,5,70944,34.391
TFLite INT8,5,11986,34.877
TFLite INT8,5,712,36.85
TFLite INT8,5,23507,34.644
TFLite INT8,5,44378,35.821
TFLite INT8,5,45417,47.758
TFLite INT8,5,27318,32.497
TFLite INT8,5,30917,42.72
TFLite INT8,5,72861,32.399
TFLite INT8,5,72702,29.74
TFLite INT8,5,68997,30.293
TFLite INT8,5,24387,29.48
TFLite INT8,5,13857,30.934
TFLite INT8,5,58305,31.286
TFLite INT8,5,44345,31.494
TFLite INT8,5,14423,32.441
TFLite INT8,5,7495,32.01
TFLite INT8,5,50075,31.316
TFLite INT8,5,11341,31.226
TFLite INT8,5,49045,32.587
TFLite INT8,5,25494,31.255
TFLite INT8,5,15402,30.747
TFLite INT8,5,34022,32.992
TFLite INT8,5,14908,30.209
TFLite INT8,5,2922,30.747
TFLite INT8,5,57995,31.145
TFLite INT8,5,29251,33.332
TFLite INT8,5,55978,32.999
TFLite INT8,5,6146,30.575
TFLite INT8,5,46648,31.422
TFLite INT8,5,48259,29.055
TFLite INT8,5,6991,30.874
TFLite INT8,5,42362,32.434
TFLite INT8,5,11292,57.256
TFLite INT8,5,46634,33.158
TFLite INT8,5,24615,30.594
TFLite INT8,5,29862,42.114
TFLite INT8,5,49732,39.032
TFLite INT8,5,53384,28.542
TFLite INT8,5,34016,29.336
TFLite INT8,5,56160,30.116
TFLite INT8,5,674,30.217
TFLite INT8,5,63320,30.775
TFLite INT8,5,32525,30.651
TFLite INT8,5,14499,30.233
TFLite INT8,5,39296,30.625
TFLite INT8,5,42312,30.338
TFLite INT8,5,59308,30.213
TFLite INT8,5,24586,29.854
TFLite INT8,5,53567,28.959
TFLite INT8,5,16345,29.295
TFLite INT8,5,52214,31.864
TFLite INT8,5,32003,31.33
TFLite INT8,5,9210,32.113
TFLite INT8,5,68207,29.66
TFLite INT8,5,31342,29.557
TFLite INT8,5,7013,30.336
TFLite INT8,5,5913,31.375
TFLite INT8,5,21401,29.294
TFLite INT8,5,55034,29.302
TFLite INT8,5,31617,29.929
TFLite INT8,5,73769,31.246
TFLite INT8,5,53343,62.788
TFLite INT8,5,20254,33.555
TFLite INT8,5,57694,46.212
TFLite INT8,5,20283,35.192
TFLite INT8,5,71241,31.356
TFLite INT8,5,56501,30.901
TFLite INT8,5,20399,31.149
TFLite INT8,5,32168,29.112
TFLite INT8,5,52067,31.348
TFLite INT8,5,34059,32.482
TFLite INT8,5,68607,47.641
TFLite INT8,5,28214,36.07
TFLite INT8,5,71162,32.747
TFLite INT8,5,26087,32.192
TFLite INT8,5,8158,32.581
TFLite INT8,5,26132,33.439
TFLite INT8,5,6277,34.725
TFLite INT8,5,71140,37.371
TFLite INT8,5,28163,33.242
TFLite INT8,5,45401,32.152
TFLite INT8,5,46961,30.995
TFLite INT8,5,50702,30.338
TFLite INT8,5,24544,32.327
TFLite INT8,5,19391,32.538
TFLite INT8,5,28660,30.959
TFLite INT8,5,13707,31.81
TFLite INT8,5,31346,59.103
TFLite INT8,5,34333,42.096
TFLite INT8,5,51889,33.055
TFLite INT8,5,34354,48.594
TFLite INT8,5,12009,35.184
TFLite INT8,5,69403,35.324
TFLite INT8,5,34400,33.717
TFLite INT8,5,68220,33.378
TFLite INT8,5,12615,35.242
TFLite INT8,5,53497,34.75
TFLite INT8,5,32563,33.305
TFLite INT8,5,51928,31.368
TFLite INT8,5,53897,33.725
TFLite INT8,5,56922,34.332
TFLite INT8,5,6668,33.134
TFLite INT8,5,7792,33.727
TFLite INT8,5,713,32.358
TFLite INT8,5,25872,33.344
TFLite INT8,5,73778,33.659
TFLite INT8,5,25419,34.385
TFLite INT8,5,59612,35.027
TFLite INT8,5,29341,33.834
TFLite INT8,5,29173,33.89
TFLite INT8,5,73675,33.624
TFLite INT8,5,49940,33.806
TFLite INT8,5,72882,34.434
TFLite INT8,5,73707,63.443
TFLite INT8,5,34458,38.912
TFLite INT8,5,41504,214.73
TFLite INT8,5,9202,103.189
TFLite INT8,5,49874,49.534
TFLite INT8,5,30040,36.621
TFLite INT8,5,24343,35.664
TFLite INT8,5,69010,34.569
TFLite INT8,5,21702,35.672
TFLite INT8,5,64323,36.316
TFLite INT8,5,3911,35.843
TFLite INT8,5,60594,34.665
TFLite INT8,5,19194,34.074
TFLite INT8,5,2204,35.746
TFLite INT8,5,64300,34.592
TFLite INT8,5,72857,48.905
TFLite INT8,5,29207,38.971
TFLite INT8,5,21472,34.707
TFLite INT8,5,17725,60.145
TFLite INT8,5,72741,34.713
TFLite INT8,5,30125,49.295
TFLite INT8,5,27370,40.343
TFLite INT8,5,1134,32.834
TFLite INT8,5,45383,29.926
TFLite INT8,5,24590,29.075
TFLite INT8,5,59163,31.241
TFLite INT8,5,73785,31.84
TFLite INT8,5,6678,32.747
TFLite INT8,5,41325,31.946
TFLite INT8,5,41619,30.195
TFLite INT8,5,47491,29.554
TFLite INT8,5,42314,30.391
TFLite INT8,5,56847,33.556
TFLite INT8,5,5920,33.292
TFLite INT8,5,41620,32.122
TFLite INT8,5,64338,32.631
TFLite INT8,5,33136,33.212
TFLite INT8,5,49099,32.33
TFLite INT8,5,50055,34.068
TFLite INT8,5,30562,33.346
TFLite INT8,5,8126,34.329
TFLite INT8,5,19535,35.811
TFLite INT8,5,11305,34.247
TFLite INT8,5,2677,33.943
TFLite INT8,5,42251,57.247
TFLite INT8,5,35439,42.225
TFLite INT8,5,32528,36.343
TFLite INT8,5,41512,428.747
TFLite INT8,5,73712,79.868
TFLite INT8,5,21488,48.472
TFLite INT8,5,52862,37.609
TFLite INT8,5,33149,53.493
TFLite INT8,5,50021,41.589
TFLite INT8,5,58270,35.109
TFLite INT8,5,58748,33.783
TFLite INT8,5,59264,34.298
TFLite INT8,5,157,33.541
TFLite INT8,5,59424,70.479
TFLite INT8,5,16340,39.628
TFLite INT8,5,62389,34.73
TFLite INT8,5,11307,34.565
TFLite INT8,5,47798,33.76
TFLite INT8,5,51146,35.862
TFLite INT8,5,19470,53.777
TFLite INT8,5,23481,41.014
TFLite INT8,5,68577,36.596
TFLite INT8,5,28774,36.595
TFLite INT8,5,63259,36.589
TFLite INT8,5,59431,33.671
TFLite INT8,5,30179,36.174
TFLite INT8,5,62393,36.146
TFLite INT8,5,57657,37.182
TFLite INT8,5,24876,34.58
TFLite INT8,5,7286,36.372
TFLite INT8,5,52483,36.633
TFLite INT8,5,47259,109.791
TFLite INT8,5,62846,57.253
TFLite INT8,5,12623,38.292
TFLite INT8,5,30206,58.349
TFLite INT8,5,70909,45.207
TFLite INT8,5,50311,36.971
TFLite INT8,5,42221,35.137
TFLite INT8,5,18934,34.759
TFLite INT8,5,25853,32.133
TFLite INT8,5,33889,44.14
TFLite INT8,5,51698,34.945
TFLite INT8,5,10904,38.685
TFLite INT8,5,33062,30.745
TFLite INT8,5,15536,30.003
TFLite INT8,5,59277,30.857
TFLite INT8,5,33143,32.27
TFLite INT8,5,5457,32.943
TFLite INT8,5,28409,31.031
TFLite INT8,5,68692,30.266
TFLite INT8,5,25507,32.369
TFLite INT8,5,29267,31.95
TFLite INT8,5,72633,32.827
TFLite INT8,5,28365,33.338
TFLite INT8,5,55965,34.828
TFLite INT8,5,69328,30.819
TFLite INT8,5,51570,30.948
TFLite INT8,5,55950,31.176
TFLite INT8,5,12550,32.127
TFLite INT8,5,41282,31.57
TFLite INT8,5,2957,31.588
TFLite INT8,5,34423,59.139
TFLite INT8,5,33116,36.094
TFLite INT8,5,28240,34.107
TFLite INT8,5,16070,32.675
TFLite INT8,5,56844,32.921
TFLite INT8,5,58290,34.9
TFLite INT8,5,51065,49.24
TFLite INT8,5,68560,59.514
TFLite INT8,5,31735,39.862
TFLite INT8,5,72689,50.073
TFLite INT8,5,5056,37.917
TFLite INT8,5,27950,47.388
TFLite INT8,5,52853,40.735
TFLite INT8,5,56829,36.071
TFLite INT8,5,13719,34.476
TFLite INT8,5,47605,51.203
TFLite INT8,5,21677,38.668
TFLite INT8,5,62380,36.729
TFLite INT8,5,65561,36.275
TFLite INT8,5,4438,52.351
TFLite INT8,5,68196,39.511
TFLite INT8,5,41543,34.686
TFLite INT8,5,6980,63.725
TFLite INT8,5,19043,38.372
TFLite INT8,5,32163,37.203
TFLite INT8,5,31627,35.168
TFLite INT8,5,41283,39.836
TFLite INT8,5,61875,36.107
TFLite INT8,5,29180,54.631
TFLite INT8,5,48615,37.577
TFLite INT8,5,58747,34.766
TFLite INT8,5,69413,35.668
TFLite INT8,5,15332,35.62
TFLite INT8,5,28430,34.002
TFLite INT8,5,34471,560.269
TFLite INT8,5,32167,95.941
TFLite INT8,5,63298,48.219
TFLite INT8,5,10889,37.433
TFLite INT8,5,37124,80.91
TFLite INT8,5,59151,41.081
TFLite INT8,5,54207,36.779
TFLite INT8,5,56918,34.847
TFLite INT8,5,55494,36.615
TFLite INT8,5,72782,35.294
TFLite INT8,5,38956,45.753
TFLite INT8,5,7006,34.466
TFLite INT8,5,17048,35.29
TFLite INT8,5,52623,45.528
TFLite INT8,5,6273,33.04
TFLite INT8,5,65591,32.102
TFLite INT8,5,30189,33.169
TFLite INT8,5,31186,64.105
TFLite INT8,5,49927,39.808
TFLite INT8,5,58274,33.444
TFLite INT8,5,6674,28.742
TFLite FP32,5,53928,237.712
TFLite FP32,5,71243,104.232
TFLite FP32,5,19044,37.806
TFLite FP32,5,20264,33.141
TFLite FP32,5,19420,33.009
TFLite FP32,5,35537,37.876
TFLite FP32,5,30559,34.769
TFLite FP32,5,20415,35.323
TFLite FP32,5,63213,34.161
TFLite FP32,5,69387,37.175
TFLite FP32,5,47254,35.244
TFLite FP32,5,7900,37.102
TFLite FP32,5,29263,35.873
TFLite FP32,5,68545,37.794
TFLite FP32,5,28197,72.631
TFLite FP32,5,8133,51.482
TFLite FP32,5,29110,40.844
TFLite FP32,5,21704,36.49
TFLite FP32,5,44388,39.377
TFLite FP32,5,54388,38.906
TFLite FP32,5,63226,65.052
TFLite FP32,5,68631,53.151
TFLite FP32,5,44424,41.76
TFLite FP32,5,55429,36.691
TFLite FP32,5,35544,37.379
TFLite FP32,5,25468,38.045
TFLite FP32,5,18908,40.948
TFLite FP32,5,31764,36.831
TFLite FP32,5,57691,38.109
TFLite FP32,5,19505,39.602
TFLite FP32,5,72656,40.078
TFLite FP32,5,21685,42.61
TFLite FP32,5,72767,42.884
TFLite FP32,5,48325,36.87
TFLite FP32,5,649,36.257
TFLite FP32,5,60619,64.474
TFLite FP32,5,56811,53.342
TFLite FP32,5,46411,41.063
TFLite FP32,5,32161,37.947
TFLite FP32,5,29377,36.883
TFLite FP32,5,58265,39.198
TFLite FP32,5,53869,60.1
TFLite FP32,5,68648,43.06
TFLite FP32,5,14512,40.546
TFLite FP32,5,42369,38.209
TFLite FP32,5,73736,39.963
TFLite FP32,5,70708,38.857
TFLite FP32,5,144,32.725
TFLite FP32,5,29199,31.37
TFLite FP32,5,54358,30.833
TFLite FP32,5,10975,31.972
TFLite FP32,5,52535,33.377
TFLite FP32,5,7503,31.824
TFLite FP32,5,60324,32.015
TFLite FP32,5,46418,36.451
TFLite FP32,5,11355,35.809
TFLite FP32,5,39268,37.128
TFLite FP32,5,44339,34.23
TFLite FP32,5,939,34.279
TFLite FP32,5,33983,64.432
TFLite FP32,5,68569,40.287
TFLite FP32,5,69409,37.8
TFLite FP32,5,73780,34.766
TFLite FP32,5,35451,33.471
TFLite FP32,5,69358,32.787
TFLite FP32,5,24610,34.812
TFLite FP32,5,48338,46.637
TFLite FP32,5,34353,34.328
TFLite FP32,5,33190,32.703
TFLite FP32,5,9236,33.643
TFLite FP32,5,24345,30.974
TFLite FP32,5,70954,32.075
TFLite FP32,5,28758,31.401
TFLite FP32,5,5914,36.901
TFLite FP32,5,68614,34.355
TFLite FP32,5,41316,32.382
TFLite FP32,5,8365,34.124
TFLite FP32,5,29637,34.159
TFLite FP32,5,9223,34.983
TFLite FP32,5,59405,33.882
TFLite FP32,5,53906,33.968
TFLite FP32,5,6129,33.616
TFLite FP32,5,52168,34.742
TFLite FP32,5,942,34.612
TFLite FP32,5,58297,63.994
TFLite FP32,5,63243,51.911
TFLite FP32,5,15981,36.235
TFLite FP32,5,29191,34.688
TFLite FP32,5,73740,35.727
TFLite FP32,5,55947,34.44
TFLite FP32,5,50571,32.56
TFLite FP32,5,68629,47.122
TFLite FP32,5,34342,41.833
TFLite FP32,5,23484,36.202
TFLite FP32,5,8345,37.089
TFLite FP32,5,70933,34.447
TFLite FP32,5,49928,34.014
TFLite FP32,5,652,35.04
TFLite FP32,5,9235,36.258
TFLite FP32,5,21430,36.67
TFLite FP32,5,18285,34.953
TFLite FP32,5,13969,37.716
TFLite FP32,5,511,35.591
TFLite FP32,5,68971,34.665
TFLite FP32,5,11312,39.228
TFLite FP32,5,29647,36.556
TFLite FP32,5,34025,35.178
TFLite FP32,5,34009,37.124
TFLite FP32,5,70975,37.883
TFLite FP32,5,24872,90.138
TFLite FP32,5,56507,47.457
TFLite FP32,5,72665,39.895
TFLite FP32,5,24584,38.392
TFLite FP32,5,21448,37.078
TFLite FP32,5,15722,51.477
TFLite FP32,5,2953,49.498
TFLite FP32,5,64335,40.179
TFLite FP32,5,52618,39.327
TFLite FP32,5,44404,37.867
TFLite FP32,5,28155,38.035
TFLite FP32,5,14500,36.49
TFLite FP32,5,54387,34.009
TFLite FP32,5,11989,34.982
TFLite FP32,5,66034,35.824
TFLite FP32,5,59632,34.883
TFLite FP32,5,4460,35.176
TFLite FP32,5,8360,35.194
TFLite FP32,5,1139,37.563
TFLite FP32,5,19370,37.398
TFLite FP32,5,69327,35.717
TFLite FP32,5,69025,38.826
TFLite FP32,5,131,59.846
TFLite FP32,5,20225,44.546
TFLite FP32,5,28406,40.9
TFLite FP32,5,55030,38.83
TFLite FP32,5,53918,35.932
TFLite FP32,5,6701,34.535
TFLite FP32,5,65600,36.574
TFLite FP32,5,28237,62.855
TFLite FP32,5,29133,43.389
TFLite FP32,5,48547,37.265
TFLite FP32,5,25820,36.127
TFLite FP32,5,56376,36.531
TFLite FP32,5,702,37.401
TFLite FP32,5,24660,37.462
TFLite FP32,5,32565,35.593
TFLite FP32,5,35468,33.275
TFLite FP32,5,8115,33.236
TFLite FP32,5,66165,32.187
TFLite FP32,5,18173,32.566
TFLite FP32,5,66045,32.922
TFLite FP32,5,61871,34.54
TFLite FP32,5,55065,32.577
TFLite FP32,5,6661,43.254
TFLite FP32,5,66150,33.751
TFLite FP32,5,11973,51.188
TFLite FP32,5,72644,43.51
TFLite FP32,5,70994,55.033
TFLite FP32,5,29847,39.292
TFLite FP32,5,24346,35.276
TFLite FP32,5,73763,35.153
TFLite FP32,5,37188,34.689
TFLite FP32,5,12627,51.691
TFLite FP32,5,14905,34.548
TFLite FP32,5,69223,34.879
TFLite FP32,5,72641,34.189
TFLite FP32,5,19650,34.781
TFLite FP32,5,68129,38.342
TFLite FP32,5,34483,36.702
TFLite FP32,5,46254,39.285
TFLite FP32,5,23118,42.134
TFLite FP32,5,46838,35.557
TFLite FP32,5,69429,35.479
TFLite FP32,5,16201,35.734
TFLite FP32,5,24684,37.458
TFLite FP32,5,70938,35.433
TFLite FP32,5,59161,34.99
TFLite FP32,5,32001,36.266
TFLite FP32,5,60300,36.462
TFLite FP32,5,24601,69.012
TFLite FP32,5,28221,46.938
TFLite FP32,5,39239,40.427
TFLite FP32,5,41230,38.845
TFLite FP32,5,72848,38.992
TFLite FP32,5,2671,35.522
TFLite FP32,5,19182,53.372
TFLite FP32,5,18916,44.776
TFLite FP32,5,71198,40.102
TFLite FP32,5,68583,38.612
TFLite FP32,5,45410,37.39
TFLite FP32,5,7795,37.003
TFLite FP32,5,24901,37.809
TFLite FP32,5,56375,37.535
TFLite FP32,5,69282,36.406
TFLite FP32,5,53563,36.774
TFLite FP32,5,53888,37.624
TFLite FP32,5,48612,39.183
TFLite FP32,5,19421,38.213
TFLite FP32,5,21480,37.719
TFLite FP32,5,8155,39.737
TFLite FP32,5,49934,38.063
TFLite FP32,5,49715,37.436
TFLite FP32,5,7807,66.937
TFLite FP32,5,24676,44.458
TFLite FP32,5,41233,40.64
TFLite FP32,5,24400,36.974
TFLite FP32,5,10996,37.073
TFLite FP32,5,39206,37.759
TFLite FP32,5,66876,53.439
TFLite FP32,5,186,41.955
TFLite FP32,5,60285,38.468
TFLite FP32,5,28147,37.277
TFLite FP32,5,697,35.794
TFLite FP32,5,21698,37.823
TFLite FP32,5,30032,38.118
TFLite FP32,5,62871,38.954
TFLite FP32,5,35526,38.299
TFLite FP32,5,39237,37.886
TFLite FP32,5,25501,34.362
TFLite FP32,5,70728,38.277
TFLite FP32,5,20390,38.641
TFLite FP32,5,59243,38.24
TFLite FP32,5,33086,36.994
TFLite FP32,5,39207,33.011
TFLite FP32,5,41605,31.257
TFLite FP32,5,12594,54.389
TFLite FP32,5,69302,39.884
TFLite FP32,5,30115,32.728
TFLite FP32,5,33967,32.432
TFLite FP32,5,73657,30.378
TFLite FP32,5,33920,30.512
TFLite FP32,5,21426,30.627
TFLite FP32,5,6122,30.938
TFLite FP32,5,4436,44.235
TFLite FP32,5,57688,31.445
TFLite FP32,5,32737,32.564
TFLite FP32,5,33872,32.383
TFLite FP32,5,73754,33.198
TFLite FP32,5,70944,30.983
TFLite FP32,5,11986,31.277
TFLite FP32,5,712,30.704
TFLite FP32,5,23507,31.171
TFLite FP32,5,44378,30.781
TFLite FP32,5,45417,30.36
TFLite FP32,5,27318,32.678
TFLite FP32,5,30917,30.285
TFLite FP32,5,72861,30.121
TFLite FP32,5,72702,31.389
TFLite FP32,5,68997,31.47
TFLite FP32,5,24387,29.891
TFLite FP32,5,13857,29.496
TFLite FP32,5,58305,30.623
TFLite FP32,5,44345,30.343
TFLite FP32,5,14423,51.146
TFLite FP32,5,7495,36.77
TFLite FP32,5,50075,40.243
TFLite FP32,5,11341,31.179
TFLite FP32,5,49045,32.851
TFLite FP32,5,25494,30.687
TFLite FP32,5,15402,29.974
TFLite FP32,5,34022,29.85
TFLite FP32,5,14908,32.676
TFLite FP32,5,2922,29.477
TFLite FP32,5,57995,30.229
TFLite FP32,5,29251,29.673
TFLite FP32,5,55978,29.463
TFLite FP32,5,6146,30.417
TFLite FP32,5,46648,29.861
TFLite FP32,5,48259,29.47
TFLite FP32,5,6991,29.446
TFLite FP32,5,42362,29.394
TFLite FP32,5,11292,31.715
TFLite FP32,5,46634,31.223
TFLite FP32,5,24615,30.777
TFLite FP32,5,29862,30.117
TFLite FP32,5,49732,29.323
TFLite FP32,5,53384,32.029
TFLite FP32,5,34016,31.53
TFLite FP32,5,56160,30.188
TFLite FP32,5,674,29.789
TFLite FP32,5,63320,30.008
TFLite FP32,5,32525,30.588
TFLite FP32,5,14499,57.271
TFLite FP32,5,39296,33.709
TFLite FP32,5,42312,30.494
TFLite FP32,5,59308,32.557
TFLite FP32,5,24586,30.63
TFLite FP32,5,53567,30.119
TFLite FP32,5,16345,30.254
TFLite FP32,5,52214,44.749
TFLite FP32,5,32003,35.395
TFLite FP32,5,9210,31.888
TFLite FP32,5,68207,31.68
TFLite FP32,5,31342,33.373
TFLite FP32,5,7013,32.967
TFLite FP32,5,5913,31.206
TFLite FP32,5,21401,32.286
TFLite FP32,5,55034,32.204
TFLite FP32,5,31617,31.741
TFLite FP32,5,73769,31.454
TFLite FP32,5,53343,31.246
TFLite FP32,5,20254,32.999
TFLite FP32,5,57694,31.052
TFLite FP32,5,20283,33.052
TFLite FP32,5,71241,35.126
TFLite FP32,5,56501,33.968
TFLite FP32,5,20399,32.981
TFLite FP32,5,32168,31.121
TFLite FP32,5,52067,36.274
TFLite FP32,5,34059,40.964
TFLite FP32,5,68607,34.134
TFLite FP32,5,28214,32.107
TFLite FP32,5,71162,32.078
TFLite FP32,5,26087,32.161
TFLite FP32,5,8158,33.419
TFLite FP32,5,26132,32.917
TFLite FP32,5,6277,48.123
TFLite FP32,5,71140,33.693
TFLite FP32,5,28163,31.8
TFLite FP32,5,45401,33.144
TFLite FP32,5,46961,34.013
TFLite FP32,5,50702,33.644
TFLite FP32,5,24544,35.639
TFLite FP32,5,19391,33.975
TFLite FP32,5,28660,33.404
TFLite FP32,5,13707,34.255
TFLite FP32,5,31346,36.133
TFLite FP32,5,34333,35.743
TFLite FP32,5,51889,37.68
TFLite FP32,5,34354,39.357
TFLite FP32,5,12009,37.956
TFLite FP32,5,69403,38.221
TFLite FP32,5,34400,40.453
TFLite FP32,5,68220,39.729
TFLite FP32,5,12615,72.511
TFLite FP32,5,53497,43.888
TFLite FP32,5,32563,40.747
TFLite FP32,5,51928,39.627
TFLite FP32,5,53897,40.53
TFLite FP32,5,56922,40.191
TFLite FP32,5,6668,65.019
TFLite FP32,5,7792,45.622
TFLite FP32,5,713,42.013
TFLite FP32,5,25872,39.973
TFLite FP32,5,73778,40.154
TFLite FP32,5,25419,40.443
TFLite FP32,5,59612,40.367
TFLite FP32,5,29341,39.321
TFLite FP32,5,29173,51.442
TFLite FP32,5,73675,43.052
TFLite FP32,5,49940,38.783
TFLite FP32,5,72882,38.255
TFLite FP32,5,73707,39.372
TFLite FP32,5,34458,40.121
TFLite FP32,5,41504,38.868
TFLite FP32,5,9202,54.211
TFLite FP32,5,49874,42.555
TFLite FP32,5,30040,36.489
TFLite FP32,5,24343,31.73
TFLite FP32,5,69010,31.385
TFLite FP32,5,21702,31.087
TFLite FP32,5,64323,44.648
TFLite FP32,5,3911,37.241
TFLite FP32,5,60594,33.862
TFLite FP32,5,19194,33.875
TFLite FP32,5,2204,32.946
TFLite FP32,5,64300,32.888
TFLite FP32,5,72857,33.529
TFLite FP32,5,29207,32.755
TFLite FP32,5,21472,32.603
TFLite FP32,5,17725,30.364
TFLite FP32,5,72741,33.172
TFLite FP32,5,30125,36.98
TFLite FP32,5,27370,35.546
TFLite FP32,5,1134,37.501
TFLite FP32,5,45383,40.104
TFLite FP32,5,24590,37.385
TFLite FP32,5,59163,34.129
TFLite FP32,5,73785,32.122
TFLite FP32,5,6678,31.678
TFLite FP32,5,41325,65.786
TFLite FP32,5,41619,32.622
TFLite FP32,5,47491,29.82
TFLite FP32,5,42314,29.908
TFLite FP32,5,56847,30.818
TFLite FP32,5,5920,32.035
TFLite FP32,5,41620,31.08
TFLite FP32,5,64338,48.359
TFLite FP32,5,33136,34.611
TFLite FP32,5,49099,32.272
TFLite FP32,5,50055,33.622
TFLite FP32,5,30562,34.906
TFLite FP32,5,8126,34.556
TFLite FP32,5,19535,33.775
TFLite FP32,5,11305,33.997
TFLite FP32,5,2677,36.322
TFLite FP32,5,42251,38.504
TFLite FP32,5,35439,37.852
TFLite FP32,5,32528,32.029
TFLite FP32,5,41512,32.102
TFLite FP32,5,73712,31.992
TFLite FP32,5,21488,34.613
TFLite FP32,5,52862,33.426
TFLite FP32,5,33149,34.787
TFLite FP32,5,50021,35.879
TFLite FP32,5,58270,36.985
TFLite FP32,5,58748,64.561
TFLite FP32,5,59264,40.873
TFLite FP32,5,157,34.2
TFLite FP32,5,59424,34.795
TFLite FP32,5,16340,34.624
TFLite FP32,5,62389,35.098
TFLite FP32,5,11307,52.068
TFLite FP32,5,47798,35.745
TFLite FP32,5,51146,33.121
TFLite FP32,5,19470,33.188
TFLite FP32,5,23481,31.077
TFLite FP32,5,68577,31.516
TFLite FP32,5,28774,30.084
TFLite FP32,5,63259,32.401
TFLite FP32,5,59431,32.342
TFLite FP32,5,30179,31.965
TFLite FP32,5,62393,31.961
TFLite FP32,5,57657,32.217
TFLite FP32,5,24876,33.673
TFLite FP32,5,7286,32.213
TFLite FP32,5,52483,33.27
TFLite FP32,5,47259,36.406
TFLite FP32,5,62846,36.839
TFLite FP32,5,12623,36.612
TFLite FP32,5,30206,37.441
TFLite FP32,5,70909,58.628
TFLite FP32,5,50311,46.027
TFLite FP32,5,42221,37.026
TFLite FP32,5,18934,35.734
TFLite FP32,5,25853,39.144
TFLite FP32,5,33889,40.307
TFLite FP32,5,51698,35.886
TFLite FP32,5,10904,57.015
TFLite FP32,5,33062,34.94
TFLite FP32,5,15536,35.012
TFLite FP32,5,59277,37.851
TFLite FP32,5,33143,37.253
TFLite FP32,5,5457,41.935
TFLite FP32,5,28409,38.05
TFLite FP32,5,68692,37.866
TFLite FP32,5,25507,37.864
TFLite FP32,5,29267,36.77
TFLite FP32,5,72633,36.186
TFLite FP32,5,28365,32.777
TFLite FP32,5,55965,36.439
TFLite FP32,5,69328,35.379
TFLite FP32,5,51570,36.283
TFLite FP32,5,55950,36.708
TFLite FP32,5,12550,35.583
TFLite FP32,5,41282,65.809
TFLite FP32,5,2957,38.968
TFLite FP32,5,34423,37.745
TFLite FP32,5,33116,37.538
TFLite FP32,5,28240,38.587
TFLite FP32,5,16070,36.908
TFLite FP32,5,56844,52.43
TFLite FP32,5,58290,41.545
TFLite FP32,5,51065,36.024
TFLite FP32,5,68560,35.288
TFLite FP32,5,31735,36.064
TFLite FP32,5,72689,36.403
TFLite FP32,5,5056,37.736
TFLite FP32,5,27950,38.776
TFLite FP32,5,52853,35.177
TFLite FP32,5,56829,30.719
TFLite FP32,5,13719,31.034
TFLite FP32,5,47605,30.897
TFLite FP32,5,21677,32.441
TFLite FP32,5,62380,33.8
TFLite FP32,5,65561,39.342
TFLite FP32,5,4438,31.339
TFLite FP32,5,68196,33.602
TFLite FP32,5,41543,33.636
TFLite FP32,5,6980,53.808
TFLite FP32,5,19043,39.889
TFLite FP32,5,32163,35.426
TFLite FP32,5,31627,35.965
TFLite FP32,5,41283,37.779
TFLite FP32,5,61875,36.679
TFLite FP32,5,29180,37.097
TFLite FP32,5,48615,52.419
TFLite FP32,5,58747,39.6
TFLite FP32,5,69413,36.89
TFLite FP32,5,15332,36.917
TFLite FP32,5,28430,35.731
TFLite FP32,5,34471,35.659
TFLite FP32,5,32167,36.074
TFLite FP32,5,63298,36.979
TFLite FP32,5,10889,38.421
TFLite FP32,5,37124,37.283
TFLite FP32,5,59151,37.58
TFLite FP32,5,54207,37.846
TFLite FP32,5,56918,39.099
TFLite FP32,5,55494,44.083
TFLite FP32,5,72782,37.571
TFLite FP32,5,38956,35.801
TFLite FP32,5,7006,32.141
TFLite FP32,5,17048,55.543
TFLite FP32,5,52623,48.552
TFLite FP32,5,6273,45.527
TFLite FP32,5,65591,29.454
TFLite FP32,5,30189,36.076
TFLite FP32,5,31186,34.764
TFLite FP32,5,49927,45.187
TFLite FP32,5,58274,34.03
TFLite FP32,5,6674,33.992
