segment,anomaly,train,channel,sampling,duration,len,mean,var,std,kurtosis,skew,n_peaks,smooth10_n_peaks,smooth20_n_peaks,diff_peaks,diff2_peaks,diff_var,diff2_var,gaps_squared,len_weighted,var_div_duration,var_div_len,actual_length,observed_anomaly,observed_train
1,1,1,CADC0872,1,279,280,8.533143499999998e-07,3.49428315570552e-10,1.8693001780627744e-05,0.6311173662492302,0.5520522696354365,4,3,2,4,6,1.2711755417075724e-10,2.9606660433502864e-10,279,280,1.2524312386041289e-12,1.2479582698948285e-12,280,1,1
2,1,1,CADC0872,1,476,477,-3.639396266247381e-06,6.476484614528283e-10,2.5448938316810556e-05,-1.2436105409484075,0.4256322649450154,1,1,1,5,8,1.4893834768968185e-12,3.004752494170574e-12,476,477,1.3606060114555216e-12,1.357753587951422e-12,477,1,1
3,1,1,CADC0872,1,594,595,1.1707879512605042e-05,5.59287714097435e-10,2.364926455722112e-05,-0.2845925576500123,-0.8261874641934153,3,2,2,2,3,4.112280202789317e-12,1.0299180074673246e-11,594,595,9.415618082448399e-13,9.399793514242604e-13,595,1,1
4,1,1,CADC0872,1,271,272,8.486808235294126e-07,5.46602384661463e-10,2.3379529179636252e-05,-0.8870884659002054,-0.1384979514679493,2,2,2,3,6,2.4757597647001087e-11,6.240984572962385e-11,271,272,2.016982969230492e-12,2.009567590667144e-12,272,1,1
5,0,0,CADC0872,1,256,257,1.0584846070038911e-05,5.27902278315266e-10,2.2976124092528443e-05,-1.4843933372949996,-0.0601548781724772,1,1,1,78,87,5.547101361564531e-13,7.035422088489087e-13,256,257,2.062118274669008e-12,2.054094468152786e-12,257,0,0
6,0,1,CADC0872,1,252,253,6.326025494071145e-06,6.643179719118847e-10,2.5774366566646883e-05,-1.3023085613490446,-0.179240113059536,1,1,1,66,84,6.430575230937019e-13,7.268033028148551e-13,252,253,2.636182428221765e-12,2.625762734829584e-12,253,0,1
7,0,0,CADC0872,1,379,380,2.9907951973684204e-06,3.8437252690564615e-10,1.9605420855101436e-05,-0.736378555471322,-0.0782942495914141,1,1,1,111,127,3.793821108523652e-13,6.80787912571573e-13,379,380,1.0141755327325757e-12,1.0115066497517005e-12,380,0,0
8,1,1,CADC0872,1,399,400,1.5204373149999998e-06,1.652298873352987e-10,1.2854177816387116e-05,-0.1114814980954337,0.5987550414758036,3,3,2,1,2,1.989722057280419e-11,5.946671994860804e-11,399,400,4.141099933215506e-13,4.1307471833824674e-13,400,1,1
9,1,1,CADC0872,1,513,514,4.173000953307394e-07,1.73340145538637e-10,1.316587048161408e-05,-0.8595242578461675,0.3059972421010178,1,1,1,4,2,1.1309735970453785e-12,2.510246914573329e-12,513,514,3.378950205431521e-13,3.372376372347024e-13,514,1,1
10,0,1,CADC0872,1,316,317,4.411687239747634e-06,6.31100611241738e-10,2.5121715929484952e-05,-1.2167116352009533,-0.1281759287096554,1,1,1,97,104,5.293624016340368e-13,8.428462406968079e-13,316,317,1.997153833043475e-12,1.9908536632231484e-12,317,0,1
11,0,1,CADC0872,1,229,230,-4.51954224e-06,4.3323061321283654e-10,2.0814192590942283e-05,-1.2642493263381809,-0.2320908424929871,1,1,1,71,84,5.909420092907243e-13,8.931564543910516e-13,229,230,1.891836738920684e-12,1.883611361794942e-12,230,0,1
12,0,0,CADC0872,1,238,239,8.207475334476986e-06,6.720664935050506e-10,2.592424528322957e-05,-1.4771013537511233,-0.0442376143489289,1,1,1,66,76,8.337571557841644e-13,1.0014874344090122e-12,238,239,2.8238087962397084e-12,2.811993696673852e-12,239,0,0
13,1,0,CADC0872,1,229,230,-1.595561282608696e-06,6.0866030893396e-10,2.4671041910182063e-05,-0.812622692797941,0.3897460704873026,1,1,1,1,1,9.853793080883763e-12,1.9199652146969388e-11,229,230,2.6579052791875986e-12,2.646349169278087e-12,230,1,0
14,0,1,CADC0872,1,221,222,6.963036954954955e-06,6.600910775784001e-10,2.569223769114711e-05,-1.3099544300386137,-0.1617670429963454,1,1,1,67,77,8.710885684176065e-13,1.0171315610337586e-12,221,222,2.9868374551058838e-12,2.9733832323351362e-12,222,0,1
15,1,1,CADC0872,1,200,201,-7.767890676616916e-06,1.4598433919622123e-10,1.2082397907543902e-05,-1.3764193585466062,-0.1466542507753611,8,2,1,21,32,4.035516531419921e-12,9.654801934071314e-12,200,201,7.299216959811063e-13,7.262902447573198e-13,201,1,1
16,0,1,CADC0872,1,249,250,2.560307673600001e-06,5.613340482840468e-10,2.369248928002389e-05,-1.4583843794155231,-0.0394007283374755,1,1,1,67,66,2.09028752873673e-12,4.5076300228425646e-12,249,250,2.2543536075664533e-12,2.245336193136188e-12,250,0,1
17,0,1,CADC0872,1,238,239,2.181008912133891e-06,3.4062737476365075e-10,1.845609316089542e-05,-1.0120805740067558,-0.363082320020136,1,1,1,54,64,1.6851626846655493e-12,3.865913626402384e-12,238,239,1.4312074569901292e-12,1.4252191412705053e-12,239,0,1
18,0,0,CADC0872,1,213,214,-1.104237738317757e-06,2.435482513359998e-10,1.5606032530274945e-05,-1.0863347541610358,-0.3215406848946128,1,1,1,47,51,1.5541308586841698e-12,3.651738322983825e-12,213,214,1.1434190203568064e-12,1.138075940822429e-12,214,0,0
19,1,1,CADC0872,1,202,203,-5.584398348768473e-06,1.9262978945958084e-10,1.387911342484025e-05,-1.2649221065817802,-0.1468441553509792,2,1,1,29,40,2.3599440551902203e-12,5.479548364194244e-12,202,203,9.536128191068358e-13,9.489152190127137e-13,203,1,1
20,1,0,CADC0872,1,267,268,3.992460474626865e-06,5.382671391492645e-10,2.320058488808557e-05,-1.02966075201578,-0.3120467255345933,1,1,1,18,19,5.083800741327838e-12,1.029699471866654e-11,267,268,2.015981794566534e-12,2.0084594744375546e-12,268,1,0
21,1,0,CADC0872,1,281,282,5.289524934397164e-06,4.226767056007608e-10,2.0559102743085867e-05,-0.6099811249142237,-0.5351140290160574,3,2,1,1,2,2.274486084271005e-11,6.684322749233181e-11,281,282,1.504187564415519e-12,1.4988535659601448e-12,282,1,0
22,1,1,CADC0872,1,183,184,-5.040148853641304e-06,2.2957973930255104e-10,1.5151888968130378e-05,0.5374727443578138,-1.5093964027183435,6,1,1,14,15,7.517321168711943e-12,1.5725877456716946e-11,183,184,1.2545340945494592e-12,1.247715974470386e-12,184,1,1
23,0,1,CADC0872,1,243,244,2.346611106557377e-06,8.908867435407415e-10,2.9847725935835408e-05,-1.4878089313826552,0.0022501749039919,1,1,1,47,53,3.0884833911403045e-12,6.299152873774194e-12,243,244,3.6662005907026396e-12,3.651175178445663e-12,244,0,1
24,1,1,CADC0872,1,201,202,-8.968957113861387e-06,4.0564902046655837e-10,2.0140730385627982e-05,-1.3019901857550655,-0.1811360840432008,1,1,1,12,13,6.703092841414196e-12,1.307913476781837e-11,201,202,2.018154330679395e-12,2.0081634676562297e-12,202,1,1
25,0,1,CADC0872,1,208,209,9.8655519138756e-07,6.941012221737457e-10,2.634580084517732e-05,-1.4755890643097809,-0.031255114779436,1,1,1,50,61,2.0925472008710955e-12,3.571336707892104e-12,208,209,3.3370251066045472e-12,3.321058479300219e-12,209,0,1
26,0,1,CADC0872,1,210,211,2.9755845450236967e-06,8.370861073143552e-10,2.8932440396799493e-05,-1.4931356400078035,-0.0093463402546961,1,1,1,42,53,2.494872292997721e-12,4.621311987082184e-12,210,211,3.9861243205445476e-12,3.967232736086992e-12,211,0,1
27,0,1,CADC0872,1,202,203,7.010657576354678e-06,5.013480960466014e-10,2.2390803827611936e-05,-0.8336900319426253,-0.4789567957926405,2,1,1,36,38,3.2894368618308617e-12,7.773531738830662e-12,202,203,2.481921267557433e-12,2.4696950544167558e-12,203,0,1
28,0,0,CADC0872,1,181,182,-4.743231538461536e-07,2.2825209786002243e-10,1.5108014358611873e-05,-0.7797241551683598,-0.6228378324931242,1,1,1,38,47,1.214893538327048e-12,2.8585815049018996e-12,181,182,1.2610613141437705e-12,1.2541324058242993e-12,182,0,0
29,1,1,CADC0872,1,225,226,2.5735809424778764e-06,3.991598831456679e-10,1.997898603897775e-05,-1.2579965834416331,-0.1848671680237747,4,2,1,13,27,6.237984693873817e-12,1.373772180159846e-11,225,226,1.7740439250918573e-12,1.76619417321092e-12,226,1,1
30,0,0,CADC0872,1,194,195,-2.1828606729743597e-06,1.2341850460009111e-10,1.110938812896962e-05,-0.8880815455825006,-0.3856325215567748,3,1,1,45,48,2.401660562436652e-12,6.975553311374877e-12,194,195,6.361778587633563e-13,6.329154082055955e-13,195,0,0
31,1,0,CADC0872,1,198,199,3.98613059798995e-06,1.4249355135748187e-10,1.1937066279345267e-05,-1.09267254842308,0.3714784956999048,1,1,1,19,16,3.387310865985416e-12,7.259268003026522e-12,198,199,7.19664400795363e-13,7.160479967712657e-13,199,1,0
32,0,1,CADC0872,1,202,203,6.426002753694582e-07,2.288334056561209e-10,1.5127240516899338e-05,-1.2901575129495155,-0.1535840082192607,1,1,1,55,61,1.886357072614889e-12,5.296148517595596e-12,202,203,1.132838641861985e-12,1.1272581559414826e-12,203,0,1
33,0,1,CADC0872,1,229,230,2.101973343478261e-06,3.6454762997174184e-10,1.909313043928999e-05,-1.4942384421491517,0.0198442970180315,1,1,1,64,64,2.332067506749891e-12,6.430783995253762e-12,229,230,1.5919110479115366e-12,1.5849896955293129e-12,230,0,1
34,0,1,CADC0872,1,185,186,-7.543538026881721e-06,8.746723383396739e-11,9.352391877694572e-06,-1.1978992609144303,-0.2081805538291964,3,1,1,41,44,1.5755302193307805e-12,4.361466225010511e-12,185,186,4.72795858561986e-13,4.702539453439108e-13,186,0,1
35,0,0,CADC0872,1,226,227,6.124206829515419e-06,6.458078624865878e-10,2.5412749998506415e-05,-1.1283898004965605,-0.2607257972634032,1,1,1,57,73,1.8920363921852597e-12,4.395055610008221e-12,226,227,2.8575569136574684e-12,2.8449685572096385e-12,227,0,0
36,0,1,CADC0872,1,213,214,3.743594481308412e-06,6.40731486430014e-10,2.531267442270797e-05,-1.1666609687637206,-0.2631781676284668,1,1,1,51,59,1.5349787323895149e-12,3.1348538200671495e-12,213,214,3.008129044272367e-12,2.9940723664953928e-12,214,0,1
37,0,1,CADC0872,1,192,193,6.116210595854922e-06,7.083659690789162e-10,2.661514548295606e-05,-1.153059937909473,-0.2862722087532431,1,1,1,31,38,1.7912677071097193e-12,3.085998146989425e-12,192,193,3.689406088952689e-12,3.670289995227546e-12,193,0,1
38,0,1,CADC0872,1,196,197,1.7975299492386502e-08,7.739083804899864e-10,2.781920884011597e-05,-1.4850694590849882,-0.0666227459606806,1,1,1,44,55,1.4800673793906628e-12,2.055843066294225e-12,196,197,3.948512145357074e-12,3.928468936497393e-12,197,0,1
39,0,1,CADC0872,1,201,202,-4.013059732673268e-06,7.030623892734438e-10,2.6515323669030403e-05,-1.5032768274517874,0.0422817171651537,1,1,1,53,63,2.0956523023503574e-12,4.619261055251599e-12,201,202,3.4978228322061884e-12,3.4805068775913067e-12,202,0,1
40,0,1,CADC0872,1,181,182,-5.13265655e-06,3.017189325157163e-10,1.737005850639877e-05,-1.0719674877397287,-0.2704383521480956,2,1,1,41,48,4.688929118648005e-12,1.2691291607019423e-11,181,182,1.666955428263626e-12,1.6577963325039357e-12,182,0,1
41,0,1,CADC0872,1,199,200,4.06904122e-06,4.4451811298617954e-10,2.108359819827203e-05,-1.4026988422537556,-0.1200316282187602,1,1,1,34,40,2.5415260430275344e-12,6.39152218713094e-12,199,200,2.233759361739596e-12,2.222590564930898e-12,200,0,1
42,0,0,CADC0872,1,192,193,4.740144067357513e-06,2.7336562420275036e-10,1.653377223148881e-05,-0.7344110338603698,-0.5283865011298791,2,1,1,43,54,2.5763674947990272e-12,6.9194882920046134e-12,192,193,1.4237792927226585e-12,1.416402197941712e-12,193,0,0
43,0,0,CADC0872,1,173,174,-2.7021560402298847e-06,1.2020044668510903e-10,1.0963596430237162e-05,-0.5898995336961526,-0.6651712810061887,2,1,1,47,58,2.5786907004658168e-12,7.280366690347954e-12,173,174,6.948002698561217e-13,6.908071648569486e-13,174,0,0
44,0,1,CADC0872,1,205,206,7.183812135922328e-07,3.1104888852690237e-10,1.7636578141093652e-05,-1.4721426388551364,-0.0150803784611694,2,1,1,34,41,2.7770370187511977e-12,7.85309143882054e-12,205,206,1.5173116513507432e-12,1.5099460608102057e-12,206,0,1
45,0,1,CADC0872,1,195,196,-1.312462500000001e-07,2.438485665346287e-10,1.561565133238536e-05,-1.4229913972403705,-0.0620299500774983,2,1,1,41,36,2.3971462657617682e-12,6.253709589544623e-12,195,196,1.2505054694083525e-12,1.2441253394623913e-12,196,0,1
46,0,1,CADC0872,1,185,186,6.967145411827957e-06,2.3819755769149706e-10,1.543365017393802e-05,-1.429684555894081,-0.1021904956909832,3,1,1,40,52,2.3558835814535306e-12,4.935010106102847e-12,185,186,1.2875543658999845e-12,1.2806320305994468e-12,186,0,1
47,0,1,CADC0872,1,184,185,-3.4006216e-06,2.0932254182656862e-10,1.4467983336545858e-05,-0.9771111583624026,-0.3765486249078456,1,1,1,44,53,9.644726418815068e-13,1.856168658358875e-12,184,185,1.1376225099270034e-12,1.131473199062533e-12,185,0,1
48,0,1,CADC0872,1,233,234,-1.4488028452991454e-06,6.032890044128558e-10,2.4561942195454656e-05,-1.4895453009880302,0.0157715787369657,1,1,1,55,63,1.6012962324056473e-12,3.132799937927992e-12,233,234,2.589223194904961e-12,2.5781581385164787e-12,234,0,1
49,0,1,CADC0872,1,185,186,-6.523637596774194e-06,2.5008550452398304e-10,1.5814091960146906e-05,-0.6905052180708902,-0.7442022222449438,2,1,1,27,35,1.823506578813816e-12,4.3735662208427516e-12,185,186,1.351813537967476e-12,1.3445457232472206e-12,186,0,1
50,0,0,CADC0872,1,197,198,5.0880126373737374e-06,5.857931368347816e-10,2.420316377738212e-05,-0.730640219116145,-0.5972663331352035,1,1,1,43,52,2.053498038814643e-12,3.842948188419347e-12,197,198,2.9735692225115824e-12,2.958551196135261e-12,198,0,0
51,1,1,CADC0872,1,206,207,3.2513048792270545e-06,8.375966271520161e-10,2.894126167173809e-05,-1.3118048273573302,-0.0988221558243367,1,1,1,18,26,5.002593956460421e-12,1.024830473634244e-11,206,207,4.066003044427263e-12,4.0463605176425896e-12,207,1,1
52,1,1,CADC0872,1,166,167,-1.8754152574850304e-06,5.697570098170464e-10,2.3869583360776248e-05,-1.2205775116636852,-0.2947699527317904,1,1,1,33,43,2.505382759431736e-12,5.010278248138061e-12,166,167,3.432271143476183e-12,3.4117186216589605e-12,167,1,1
53,0,1,CADC0872,1,193,194,-3.737276556701031e-06,8.166443576989557e-10,2.857699000417916e-05,-1.4758693751638186,-0.0164847932084414,1,1,1,45,62,3.1669332527812304e-12,6.061745467709311e-12,193,194,4.23131791553863e-12,4.209506998448225e-12,194,0,1
54,0,0,CADC0872,1,180,181,2.0111364640883998e-07,7.727336865109864e-10,2.779808782112515e-05,-1.454653076723475,-0.0703708418890259,1,1,1,39,42,2.504851863701707e-12,4.136274538327412e-12,180,181,4.292964925061036e-12,4.2692468868010296e-12,181,0,0
55,0,1,CADC0872,1,173,174,3.601382387931034e-06,5.119306924574624e-10,2.2625885451346705e-05,-1.0730512326690211,-0.3433641113262408,1,1,1,45,50,2.5160701738773417e-12,5.5222220290121546e-12,173,174,2.95913695062117e-12,2.9421304164221976e-12,174,0,1
56,0,1,CADC0872,1,190,191,4.68003470157068e-06,4.415157822380448e-10,2.1012276940827822e-05,-1.217343212252034,-0.1906420296395878,1,1,1,29,45,2.651447712992497e-12,5.423697489754469e-12,190,191,2.3237672749370777e-12,2.311600954125889e-12,191,0,1
57,1,1,CADC0872,1,190,191,3.63203292670157e-06,3.9690255818675715e-10,1.9922413462900453e-05,-1.2363885717823313,-0.2132621806319292,2,1,1,16,29,4.264999474465775e-12,8.612306281625527e-12,190,191,2.08896083256188e-12,2.078023864852132e-12,191,1,1
58,0,1,CADC0872,1,158,159,-4.3134840754716985e-06,9.74329108007339e-11,9.870811050807015e-06,-1.3936797186758496,0.0043021026279251,2,1,1,28,36,2.0130440020890228e-12,4.249245681800116e-12,158,159,6.166639924097082e-13,6.12785602520339e-13,159,0,1
59,1,1,CADC0872,1,194,195,2.892919692307692e-06,2.1281915687004408e-10,1.45883226201659e-05,-1.3743775799641456,-0.069716947064986,2,2,1,4,15,3.111372416656651e-12,6.166965234303396e-12,194,195,1.0970059632476498e-12,1.0913802916412518e-12,195,1,1
60,1,1,CADC0872,1,192,193,2.5781327461139894e-06,2.545791623726749e-10,1.5955537044320224e-05,-1.510190329450101,-0.0282323702724008,1,1,1,27,26,1.3298934947435105e-12,2.4942697544929287e-12,192,193,1.325933137357682e-12,1.3190630174749996e-12,193,1,1
61,0,0,CADC0872,1,184,185,3.033028583783784e-06,2.795995515021754e-10,1.6721230561838906e-05,-1.4817374727215182,-0.0570138534090869,1,1,1,51,57,6.821750112247423e-13,1.0305709339668388e-12,184,185,1.5195627799031274e-12,1.5113489270387866e-12,185,0,0
62,1,1,CADC0872,1,172,173,-4.602417971098265e-06,1.8269593844508818e-10,1.3516506147858188e-05,-1.2990520296010797,-0.1025238130996888,2,2,1,1,5,4.238231915108686e-12,6.898922805017506e-12,172,173,1.0621856886342337e-12,1.0560458869658277e-12,173,1,1
63,0,0,CADC0872,1,207,208,7.758007211538466e-07,6.311851535680607e-10,2.512339852742978e-05,-1.4288886955001552,-0.0352066460958525,1,1,1,58,71,8.404117628554484e-13,8.262101578803194e-13,207,208,3.0492036404254144e-12,3.034544007538754e-12,208,0,0
64,0,0,CADC0872,1,185,186,2.298144392473119e-06,4.828665429025704e-10,2.197422451197244e-05,-1.0283408368296691,-0.3693812014445832,1,1,1,54,64,7.461330539423793e-13,8.041403402180727e-13,185,186,2.6100894210949747e-12,2.5960566822718835e-12,186,0,0
65,0,1,CADC0872,1,189,190,7.0171540421052645e-06,7.616527140263473e-10,2.759805634508248e-05,-1.0739005137153346,-0.3149010869319039,1,1,1,58,68,1.0784858541917028e-12,1.1094434853895177e-12,189,190,4.029908539821943e-12,4.008698494875512e-12,190,0,1
66,0,0,CADC0872,1,195,196,3.7591720612244905e-06,9.645156750499034e-10,3.1056652669756655e-05,-1.495399910264106,-0.0500405732365078,1,1,1,54,67,1.2326429790891474e-12,7.096333049216229e-13,195,196,4.946234231025145e-12,4.920998342091344e-12,196,0,0
67,0,1,CADC0872,1,179,180,-3.84912996111111e-06,6.640561139815299e-10,2.5769286252853998e-05,-1.4956430025912677,-0.0036867545410024,1,1,1,48,56,1.086661011723246e-12,7.683594323691488e-13,179,180,3.709810692634245e-12,3.6892006332307206e-12,180,0,1
68,0,1,CADC0872,1,184,185,-5.100298848648649e-06,5.188734516159004e-10,2.2778793901695067e-05,-1.416096102682555,-0.0642284565779919,1,1,1,53,59,8.803084129211662e-13,8.900904496353864e-13,184,185,2.8199644109559807e-12,2.804721360085948e-12,185,0,1
69,0,1,CADC0872,1,184,185,2.671946816216216e-06,4.927733588189808e-10,2.219849902175777e-05,-1.4689595707856722,-0.0561836788134265,1,1,1,58,67,8.981383545909286e-13,1.0637560706832997e-12,184,185,2.6781160805379395e-12,2.663639777399897e-12,185,0,1
70,0,1,CADC0872,1,171,172,3.182576854651162e-06,2.6726509355641103e-10,1.6348244357006993e-05,-1.0258049602082415,-0.4235697550629071,1,1,1,52,60,5.422247932519427e-13,7.784233211330322e-13,171,172,1.5629537634877838e-12,1.5538668230023896e-12,172,0,1
71,1,1,CADC0872,1,182,183,2.893392010382513e-06,1.7731739285995887e-10,1.3316057707142864e-05,-1.1040904271965803,-0.2735371710611026,1,1,1,44,52,5.436368282674422e-13,9.315069785279786e-13,182,183,9.742713893404333e-13,9.689475019669884e-13,183,1,1
72,0,0,CADC0872,1,187,188,1.5482294946808511e-06,2.3533914099406087e-10,1.5340767288309307e-05,-1.4463689695446549,-0.0129745063913853,1,1,1,61,65,5.548524560768719e-13,8.476325002096805e-13,187,188,1.2584980801821436e-12,1.2518039414577709e-12,188,0,0
73,0,1,CADC0872,1,162,163,-4.1057247484662585e-06,9.305489476574432e-11,9.646496502137153e-06,-1.4643084778714672,-0.0251626262914755,1,1,1,48,55,3.9829594881921e-13,6.973088195415398e-13,162,163,5.744129306527428e-13,5.708889249432167e-13,163,0,1
74,1,1,CADC0872,1,190,191,5.308426963350783e-07,2.1922667955327403e-10,1.4806305398487297e-05,-1.2258996184457776,0.1034148049537675,1,1,1,13,16,2.330147984264057e-12,3.773585642967591e-12,190,191,1.153824629227758e-12,1.1477836625825865e-12,191,1,1
75,0,0,CADC0872,1,188,189,2.738583562962963e-06,2.4363128236749434e-10,1.5608692525881032e-05,-1.4228862421816684,-0.0784838111123839,1,1,1,54,61,6.157478321882545e-13,9.692337487614106e-13,188,189,1.2959110764228422e-12,1.2890544040608166e-12,189,0,0
76,0,1,CADC0872,1,180,181,3.495366430939227e-06,2.587241683162709e-10,1.6084904983128465e-05,-1.4225883367707646,-0.0773036654387795,1,1,1,31,34,3.1433002442956957e-12,8.166129331452272e-12,180,181,1.4373564906459497e-12,1.429415294565033e-12,181,0,1
77,0,1,CADC0872,1,180,181,-6.273053140331491e-06,2.1093718662050679e-10,1.4523676759708843e-05,-1.3798790827668337,0.0179007956267788,11,1,1,31,44,5.328779836742249e-12,1.5160421130533637e-11,180,181,1.1718732590028157e-12,1.1653988211077725e-12,181,0,1
78,0,1,CADC0872,1,198,199,-1.0495236432160806e-06,5.339947695131565e-10,2.310832684365436e-05,-1.3874609017024164,-0.1041889661129474,1,1,1,41,55,3.913336729971621e-12,9.945435765051948e-12,198,199,2.696943280369478e-12,2.6833908015736517e-12,199,0,1
79,0,1,CADC0872,1,182,183,1.781611322404373e-06,4.034177597538902e-10,2.008526225255449e-05,-0.8338558517755952,-0.4487887167373275,1,1,1,26,37,3.6082947542946738e-12,9.701650285892871e-12,182,183,2.216581097548847e-12,2.204468632534919e-12,183,0,1
80,1,1,CADC0872,1,177,178,6.674827876404496e-07,5.137744458321065e-10,2.266659316774593e-05,0.4634700531724163,-0.8369032610276442,2,1,1,2,2,6.962235263410451e-11,2.020517843314645e-10,177,178,2.902680484927156e-12,2.8863732911916096e-12,178,1,1
81,1,0,CADC0872,1,181,182,2.7613645109890102e-06,8.387918034430805e-10,2.8961902621255404e-05,-1.4544127293462146,-0.1321786336700885,1,1,1,30,43,3.2987976919972282e-12,6.519578720607465e-12,181,182,4.63420885880155e-12,4.608746172764179e-12,182,1,0
82,1,1,CADC0872,1,165,166,-7.583311739759037e-06,4.3068742204816514e-10,2.075300995152668e-05,-1.4463011708546298,0.0201990359882362,2,1,1,9,26,4.210050502464988e-12,9.279822016730595e-12,165,166,2.6102268002919104e-12,2.5945025424588264e-12,166,1,1
83,0,1,CADC0872,1,184,185,6.311814000000077e-08,7.821093261316575e-10,2.796621758714713e-05,-1.4898144084296108,-0.0164111850420139,1,1,1,47,58,1.477979682258526e-12,1.4723699328012557e-12,184,185,4.2505941637590084e-12,4.2276179790900415e-12,185,0,1
84,0,1,CADC0872,1,177,178,2.7145980494382026e-06,7.429013812823033e-10,2.725621729591807e-05,-1.4306010913298026,-0.0610239754201624,1,1,1,43,56,1.427421743962808e-12,1.4108920922930565e-12,177,178,4.197182945097758e-12,4.173603265630917e-12,178,0,1
85,0,1,CADC0872,1,173,174,7.936907586206898e-06,5.965982205763822e-10,2.442536019338061e-05,-1.4700929404093162,-0.0325844290585811,1,1,1,45,56,1.0256166462561637e-12,7.324357024993022e-13,173,174,3.4485446276091454e-12,3.428725405611392e-12,174,0,1
86,0,0,CADC0872,1,176,177,3.284200141242938e-06,5.25711357488014e-10,2.2928396313044093e-05,-1.4530862609027564,-0.0425118669404759,1,1,1,51,64,1.0281426797197442e-12,1.0634296544059628e-12,176,177,2.986996349363716e-12,2.9701206637740906e-12,177,0,0
87,0,0,CADC0872,1,177,178,2.208765617977528e-07,5.141055765632126e-10,2.267389636924392e-05,-1.4957787948396222,0.0152093887620653,1,1,1,54,62,9.687954173582148e-13,1.017118662657163e-12,177,178,2.9045512800181507e-12,2.888233576197824e-12,178,0,0
88,0,1,CADC0872,1,161,162,-3.433459209876543e-06,2.1741008990639618e-10,1.474483265101358e-05,-1.3995810314278638,-0.0951258002999912,1,1,1,41,51,6.194370348541968e-13,8.185023715281874e-13,161,162,1.3503732292322745e-12,1.3420375920147914e-12,162,0,1
89,0,1,CADC0872,1,180,181,3.0945816270718224e-06,2.778229699351285e-10,1.6668022376248732e-05,-1.50866547228592,-0.0133803783681097,1,1,1,58,63,7.235222004563904e-13,1.1707568306613525e-12,180,181,1.5434609440840472e-12,1.5349335355531961e-12,181,0,1
90,1,1,CADC0872,1,178,179,4.10232853631285e-06,2.429536738482512e-10,1.5586971285283464e-05,-1.4390862605150303,-0.1161229677640195,1,1,1,32,34,8.78514743172998e-13,1.5524453321279176e-12,178,179,1.364908280046355e-12,1.3572830941243085e-12,179,1,1
91,0,0,CADC0872,1,177,178,4.341548820224719e-07,2.586415198167186e-10,1.608233564556836e-05,-1.3704141178834812,-0.0982646630239422,1,1,1,51,57,5.63576105585588e-13,6.998270079582643e-13,177,178,1.4612515243882409e-12,1.4530422461613405e-12,178,0,0
92,0,1,CADC0872,1,171,172,-3.592388377906977e-06,2.79823589375466e-10,1.6727928424508098e-05,-1.471195927967888,0.0407507457859605,1,1,1,48,56,6.32703271027755e-13,7.471556964289924e-13,171,172,1.6363952595056489e-12,1.6268813335782905e-12,172,0,1
93,0,1,CADC0872,1,184,185,1.7363352054054051e-06,4.906889083525271e-10,2.2151499009153472e-05,-1.4573953880218091,-0.0468666031016188,1,1,1,52,64,8.772932490443871e-13,9.471598148829386e-13,184,185,2.6667875453941695e-12,2.652372477581228e-12,185,0,1
94,0,0,CADC0872,1,175,176,6.039060977272728e-06,5.07516575048916e-10,2.2528128529660783e-05,-1.3201792493597653,-0.1472410003128667,1,1,1,52,59,9.04111810546067e-13,8.668689179994368e-13,175,176,2.900094714565235e-12,2.883616903687024e-12,176,0,0
95,1,1,CADC0872,1,178,179,4.147243346368715e-06,6.28026548113771e-10,2.5060457859220597e-05,-0.8749599126935235,-0.2064508289548608,1,1,1,1,2,1.0047557932407453e-11,1.9378686908980858e-11,178,179,3.528239034347029e-12,3.508528201752912e-12,179,1,1
96,0,1,CADC0872,1,184,185,1.437770978378378e-06,9.426989031052215e-10,3.0703402142193e-05,-1.4942722552801424,-0.0229708851640948,1,1,1,46,63,1.3173679043932238e-12,6.08737514873977e-13,184,185,5.123363603832727e-12,5.095669746514712e-12,185,0,1
97,1,1,CADC0872,1,170,171,-7.196355608187134e-06,6.804697576918915e-10,2.6085815258333243e-05,-1.3265286513853711,0.1016824882778344,2,1,1,1,2,5.4709485894941185e-11,1.6092712328626835e-10,170,171,4.002763280540538e-12,3.9793553081397156e-12,171,1,1
98,0,1,CADC0872,1,181,182,-5.298504725274738e-07,7.905372265744045e-10,2.8116493852797588e-05,-1.4850829787355693,-0.0324248094894206,1,1,1,51,64,1.1998542810252676e-12,7.806928749304099e-13,181,182,4.36760898659892e-12,4.343611135024201e-12,182,0,1
99,1,1,CADC0872,1,177,178,-6.080523601123596e-06,2.9846780421774486e-10,1.7276220773587747e-05,-0.3642965800776485,0.0054435665612418,1,1,1,1,1,6.760747639954245e-12,1.3071690773946318e-11,177,178,1.686258780891214e-12,1.676785416953623e-12,178,1,1
100,0,1,CADC0872,1,177,178,5.531299657303371e-06,4.2015404471798825e-10,2.0497659493658984e-05,-1.4436734263109798,-0.0325044466133817,1,1,1,52,57,7.566201279780084e-13,6.878774364224371e-13,177,178,2.3737516650733797e-12,2.360415981561732e-12,178,0,1
101,0,1,CADC0872,1,175,176,1.4944010170454544e-06,2.718116871940872e-10,1.6486712443482696e-05,-1.4919572667748202,-0.0152433013510625,1,1,1,50,57,7.106335581868916e-13,1.149226248322459e-12,175,176,1.5532096411090696e-12,1.5443845863300408e-12,176,0,1
102,0,1,CADC0872,1,169,170,1.5444158823529192e-08,2.3654979389362953e-10,1.538017535314957e-05,-1.5192484455591122,-0.0227404409111167,1,1,1,50,56,6.547871452329411e-13,9.636567911954909e-13,169,170,1.3997029224475121e-12,1.3914693758448797e-12,170,0,1
103,0,0,CADC0872,1,163,164,-3.3772070701219508e-06,1.2333576515527495e-10,1.110566365217653e-05,-1.4473567245843493,-0.0146940282585836,1,1,1,45,55,4.3075143630128653e-13,7.341146198410868e-13,163,164,7.566611359219322e-13,7.520473485077739e-13,164,0,0
104,1,0,CADC0872,1,174,175,-1.6305293142857126e-07,1.5586363234359536e-10,1.248453572799547e-05,-1.34504730968096,0.0568702020274285,2,2,2,2,5,4.6911008909631756e-12,9.22113355077834e-12,174,175,8.95768001974686e-13,8.906493276776878e-13,175,1,0
105,0,1,CADC0872,1,169,170,2.4936633905882363e-06,1.4784626466487359e-10,1.2159204935556996e-05,-1.2895263564033577,-0.1073631482139543,1,1,1,54,58,4.977309343060324e-13,9.294165552150837e-13,169,170,8.748299684312049e-13,8.696839097933743e-13,170,0,1
106,1,1,CADC0872,1,177,178,4.434545005617978e-06,1.9120541510090828e-10,1.3827704621552642e-05,0.3660157247453517,0.0650394441445405,2,2,1,1,2,4.330064134269116e-11,1.2931585249754594e-10,177,178,1.0802565824910073e-12,1.0741877252860017e-12,178,1,1
107,0,1,CADC0872,1,177,178,-5.142483426966294e-07,2.2768186545527467e-10,1.5089130705752224e-05,-1.4939471522519352,-0.0131832263241863,1,1,1,56,60,5.679105230513337e-13,8.188402323544929e-13,177,178,1.2863382229111562e-12,1.2791116036813185e-12,178,0,1
108,0,0,CADC0872,1,180,181,-1.5398929668508289e-06,2.2431928477854884e-10,1.497729230463734e-05,-1.4614961163656404,-0.0003316723968342,5,1,1,26,32,1.89440286060444e-12,5.059638128023586e-12,180,181,1.2462182487697158e-12,1.2393330650748554e-12,181,0,0
109,0,1,CADC0872,1,177,178,2.7725879550561803e-06,2.4019666628027256e-10,1.5498279461936173e-05,-1.3626892964164463,-0.0222535607745982,8,1,1,30,44,6.121295225264183e-12,1.7720287320060974e-11,177,178,1.3570433123179245e-12,1.3494194734846776e-12,178,0,1
110,1,0,CADC0872,1,171,172,4.567061761627908e-06,3.3370297398047483e-10,1.82675388046796e-05,-0.9776479575418944,-0.3830410337597241,2,2,1,16,26,1.6371326049538258e-11,3.931132785995845e-11,171,172,1.9514793800027768e-12,1.940133569653924e-12,172,1,0
111,0,1,CADC0872,1,183,184,-7.178251793478263e-07,5.542761809864477e-10,2.354307076373955e-05,-1.4902804586425396,0.0325055706981565,1,1,1,26,42,6.835457946125205e-12,1.851519071448359e-11,183,184,3.028831590089879e-12,3.0123705488393904e-12,184,0,1
112,0,0,CADC0872,1,159,160,-7.13331532375e-06,4.158692672745971e-10,2.039287295293621e-05,-1.428764844401614,-0.0219969629523018,1,1,1,31,40,6.507022667617873e-12,1.7878730571369878e-11,159,160,2.6155299828591014e-12,2.5991829204662327e-12,160,0,0
113,0,1,CADC0872,1,182,183,-2.9480549617486337e-06,6.954670548444273e-10,2.6371709365235072e-05,-1.497065087826975,0.0311215645095931,1,1,1,30,36,2.768676594840002e-12,5.819877153271209e-12,182,183,3.8212475540902586e-12,3.800366419914903e-12,183,0,1
114,1,0,CADC0872,1,162,163,-1.413188423312884e-06,5.224997430351775e-10,2.2858253280493188e-05,-1.064793426879995,0.0879224909305077,3,2,1,2,5,1.554453532824869e-11,3.014140872369753e-11,162,163,3.2253070557727013e-12,3.205519895921335e-12,163,1,0
115,0,0,CADC0872,1,180,181,8.081112889502762e-06,7.247176029488675e-10,2.692057954333204e-05,-1.451142940463944,-0.05126756262822,1,1,1,47,64,1.1404303703911472e-12,7.820272319617394e-13,180,181,4.026208905271486e-12,4.003964657176063e-12,181,0,0
116,0,1,CADC0872,1,180,181,6.070373187845303e-06,7.855700485497806e-10,2.802802255867832e-05,-1.5064694057741888,-0.0311183291688051,1,1,1,43,56,1.1905763739299693e-12,7.105954690152855e-13,180,181,4.364278047498781e-12,4.340166014087186e-12,181,0,1
117,0,1,CADC0872,1,168,169,-1.46027224852071e-06,6.395613600594785e-10,2.5289550412363573e-05,-1.477610249264654,-0.0345059873626682,1,1,1,48,51,1.198986310968835e-12,1.0070893406039982e-12,168,169,3.806912857496896e-12,3.784386745914075e-12,169,0,1
118,0,1,CADC0872,1,177,178,-3.254902657303371e-06,6.183474954419583e-10,2.4866593965438017e-05,-1.484768758297597,-0.0189562081915686,1,1,1,54,60,1.0289784959613222e-12,7.735265280480834e-13,177,178,3.4934886748133245e-12,3.473862333943587e-12,178,0,1
119,1,0,CADC0872,1,178,179,7.275469273742831e-09,4.554870721891993e-10,2.1342143102069182e-05,-1.3084587667114072,-0.1184358841442671,2,1,1,2,1,2.7533875121484987e-11,8.036560536101421e-11,178,179,2.5589161358943778e-12,2.54462051502346e-12,179,1,0
120,0,0,CADC0872,1,175,176,5.233998823863636e-06,3.2201117091316857e-10,1.7944669707552953e-05,-1.4329275322134478,-0.0601089298161865,1,1,1,51,58,6.971624302669487e-13,8.504958163814128e-13,175,176,1.8400638337895347e-12,1.8296089256430038e-12,176,0,0
121,1,1,CADC0872,1,183,184,2.2454212282608697e-06,2.349690394745728e-10,1.5328699862498866e-05,-1.0406986180660247,0.2775466582003152,3,2,1,3,6,6.513045969471966e-12,1.2826976891600122e-11,183,184,1.283983822265425e-12,1.2770056493183304e-12,184,1,1
122,0,1,CADC0872,1,175,176,-9.255720852272724e-07,2.581884844387609e-10,1.6068244597303118e-05,-1.4676663734827202,-0.0085579091497641,1,1,1,54,59,6.012835730111704e-13,8.415360837910738e-13,175,176,1.4753627682214908e-12,1.4669800252202325e-12,176,0,1
123,0,1,CADC0872,1,184,185,-1.7774205027027027e-06,2.8010692212227673e-10,1.6736395135221825e-05,-1.4983242979589435,0.0133804083158065,1,1,1,56,60,5.546739853157392e-13,6.337277621886063e-13,184,185,1.522320228925417e-12,1.5140914709312257e-12,185,0,1
124,0,1,CADC0872,1,176,177,3.862645152542373e-06,3.4628444299675304e-10,1.8608719542105876e-05,-1.4776581213307702,-0.0401971481031012,1,1,1,53,63,6.930182033110659e-13,7.944374062067297e-13,176,177,1.967525244299733e-12,1.956409282467532e-12,177,0,1
125,1,1,CADC0872,1,172,173,7.562725064161849e-06,4.6297949509214204e-10,2.1516958314133115e-05,-1.4248329702693008,-0.0865799000409812,1,1,1,2,2,6.55581411750908e-12,1.2300614369268376e-11,172,173,2.69174125053571e-12,2.676182052555735e-12,173,1,1
126,1,1,CADC0872,1,187,188,5.918951968085106e-06,5.278737627488753e-10,2.297550353635096e-05,-0.7192408572686344,-0.3122210302439409,1,1,1,15,23,1.3338099666014122e-12,1.6164980112962534e-12,187,188,2.8228543462506697e-12,2.807839163557848e-12,188,1,1
127,1,1,CADC0872,1,169,170,-7.725837017647058e-06,6.265967225050615e-10,2.5031914079931275e-05,-1.3946256926742733,0.0412112620378664,2,2,2,2,2,5.92627457251049e-11,1.6650113383188122e-10,169,170,3.707672914231134e-12,3.685863073559186e-12,170,1,1
128,0,1,CADC0872,1,188,189,-1.787396867724868e-06,9.552887372362426e-10,3.090774558644229e-05,-1.498484037764069,0.0116839869013488,1,1,1,54,63,1.3363103545671772e-12,8.301171559844913e-13,188,189,5.081323070405547e-12,5.054437763154724e-12,189,0,1
129,1,1,CADC0872,1,184,185,-3.199592545945946e-06,5.704154650107844e-10,2.388337214487905e-05,-0.91979361008989,-0.0044808091943833,2,2,2,1,2,1.6594510109712626e-11,3.2602290545641697e-11,184,185,3.100084048971655e-12,3.0833268378961324e-12,185,1,1
130,0,1,CADC0872,1,182,183,8.497664262295082e-06,7.297155659200724e-10,2.701324797058052e-05,-1.4730382419644317,-0.0531778674429865,1,1,1,47,59,1.1153178833197377e-12,7.465269972040043e-13,182,183,4.009426186374025e-12,3.987516753661598e-12,183,0,1
131,0,0,CADC0872,1,190,191,3.908168623036649e-06,6.151222066032483e-10,2.480165733581626e-05,-1.4829706498455342,-0.039196930514112,1,1,1,54,67,1.0289688888334733e-12,1.066846816487566e-12,190,191,3.2374852979118337e-12,3.220535113106013e-12,191,0,0
132,1,0,CADC0872,1,176,177,-2.901705118644068e-06,3.318119588356973e-10,1.821570637762086e-05,-1.4613426820998086,0.0857365026002015,1,1,1,17,23,1.7688424609553472e-12,2.8725784457575928e-12,176,177,1.885295220657371e-12,1.874643835229928e-12,177,1,0
133,0,1,CADC0872,1,184,185,-2.679946854594594e-06,2.6902261510643476e-10,1.6401908886054537e-05,-1.4514986195572848,-0.0281121033379274,1,1,1,53,63,6.315581173775428e-13,9.139533813915389e-13,184,185,1.4620794299262762e-12,1.4541762978726206e-12,185,0,1
134,1,1,CADC0872,1,178,179,-1.858890735195531e-06,1.897119955069628e-10,1.377359776917283e-05,-0.1270711579261507,-0.3417235842882896,2,2,2,1,1,3.4929054383756886e-11,6.974969863866063e-11,178,179,1.0657977275672066e-12,1.0598435503182277e-12,179,1,1
135,0,1,CADC0872,1,175,176,2.2546554545454547e-06,1.3221829161478352e-10,1.1498621291910762e-05,-1.468346690467857,-0.0469621844186943,1,1,1,55,56,4.691559265042268e-13,8.32442738129494e-13,175,176,7.555330949416201e-13,7.512402932658154e-13,176,0,1
136,1,1,CADC0872,1,188,189,2.9166292857142864e-06,1.4835877912788038e-10,1.2180261866145588e-05,-1.5048907687574025,-0.0154254847205833,1,1,1,40,47,4.71449596387371e-13,7.311259956967983e-13,188,189,7.891424421695766e-13,7.849670853327005e-13,189,1,1
137,0,1,CADC0872,1,182,183,1.730631210928962e-06,1.6294646171912082e-10,1.2765048441706786e-05,-1.486411880067798,0.0131717210670932,1,1,1,51,58,4.669670317352995e-13,7.317833747166514e-13,182,183,8.953102292259386e-13,8.904178236017533e-13,183,0,1
138,0,1,CADC0872,1,189,190,1.7198987842105263e-06,3.752356580922959e-10,1.9371000441182584e-05,-1.495990145617166,-0.0308050569182987,1,1,1,57,67,6.622959345584009e-13,7.522868851461215e-13,189,190,1.98537385234019e-12,1.9749245162752414e-12,190,0,1
139,1,1,CADC0872,1,194,195,7.0993456620512825e-06,5.15831965425035e-10,2.271193442719125e-05,-1.2966215800059686,-0.0700483202711926,2,1,1,1,2,5.5801963398854994e-11,1.6470647832844474e-10,194,195,2.6589276568300777e-12,2.645292130384796e-12,195,1,1
140,0,1,CADC0872,1,188,189,2.3475870158730163e-06,6.817550368199745e-10,2.611043923069803e-05,-1.389598825230904,-0.1031564151034949,1,1,1,50,66,1.0005719994736748e-12,7.922688051383694e-13,188,189,3.6263565788296523e-12,3.607169506983993e-12,189,0,1
141,1,1,CADC0872,1,188,189,-5.285984036507937e-06,7.147917828834586e-10,2.673559019141823e-05,-1.2108317971295934,0.0067994398559526,3,3,1,2,5,2.3485162729222453e-11,4.599140120905013e-11,188,189,3.802083951507759e-12,3.781967105203485e-12,189,1,1
142,0,0,CADC0872,1,201,202,-3.5120796534653463e-06,9.605579001175124e-10,3.099286853644742e-05,-1.4924345316589196,0.0026231889746752,1,1,1,56,69,1.1835697731144182e-12,7.259779053997505e-13,201,202,4.7788950254602595e-12,4.755237129294615e-12,202,0,0
143,1,1,CADC0872,1,199,200,-3.76249284e-06,4.2272862189392705e-10,2.0560365315186572e-05,0.0211439257265477,-0.4343601175481853,1,1,1,1,1,9.94107949851559e-12,1.927378860534124e-11,199,200,2.1242644316277744e-12,2.113643109469636e-12,200,1,1
144,0,1,CADC0872,1,206,207,7.768148739130436e-06,7.219219050707172e-10,2.6868604449630747e-05,-1.4117759282924864,-0.1126041011278292,1,1,1,53,67,9.391332787495384e-13,8.671450061262046e-13,206,207,3.5044752673335787e-12,3.4875454351242373e-12,207,0,1
145,0,1,CADC0872,1,212,213,6.163727824413145e-06,5.406971020033051e-10,2.325289448656457e-05,-1.1013740765917042,-0.34532683784316,1,1,1,55,71,6.586540202517837e-13,7.171191124427443e-13,212,213,2.550458028317477e-12,2.5384840469638738e-12,213,0,1
146,1,1,CADC0872,1,196,197,1.9226841573604054e-07,1.8928624708554163e-10,1.3758133851854387e-05,-0.6539800984488155,-0.4800756927215989,2,2,1,1,5,5.769793537903537e-12,1.1371263262769944e-11,196,197,9.657461585997025e-13,9.608438938352368e-13,197,1,1
147,0,0,CADC0872,1,217,218,-2.569142665137617e-07,2.8608843121257034e-10,1.691414884682556e-05,-1.4331014065909031,-0.0400891825581654,1,1,1,67,78,4.983098532868963e-13,8.396632802573819e-13,217,218,1.318379867339034e-12,1.3123322532686712e-12,218,0,0
148,1,0,CADC0872,1,192,193,-4.5592841352331605e-06,8.931838685251097e-11,9.450840536825864e-06,-1.0864755103792196,-0.0802138211690207,1,1,1,20,23,8.505806167758712e-13,1.7097043972953108e-12,192,193,4.651999315234947e-13,4.627895691839947e-13,193,1,0
149,0,1,CADC0872,1,203,204,1.5210467681372549e-06,1.2780850266076102e-10,1.1305242264576246e-05,-1.472738422659563,-0.0618977404070774,1,1,1,58,66,4.0172850337526973e-13,7.71811408149356e-13,203,204,6.29598535274685e-13,6.265122679449071e-13,204,0,1
150,1,1,CADC0872,1,216,217,2.265338898617511e-06,1.3622748220699782e-10,1.1671652933796388e-05,-1.4890603769227575,0.0019479593487525,2,1,1,26,51,6.692201249068052e-13,1.3332062639864765e-12,216,217,6.306827879953603e-13,6.277764157004509e-13,217,1,1
151,1,1,CADC0872,1,211,212,3.164178822169812e-06,1.1582833516843627e-10,1.0762357323952604e-05,-1.3783019472212494,-0.0445365880453412,2,1,1,2,18,1.826376296937111e-12,3.60756381441748e-12,211,212,5.489494557745794e-13,5.463600715492277e-13,212,1,1
152,0,1,CADC0872,1,191,192,-2.8827177390625e-06,1.0048276671519308e-10,1.0024109272907648e-05,-1.2498167037314607,-0.1570674954471162,1,1,1,56,63,3.628328619550296e-13,7.520203082007499e-13,191,192,5.260877838491786e-13,5.233477433082974e-13,192,0,1
153,0,1,CADC0872,1,219,220,-1.781899090909097e-07,3.2306511167793756e-10,1.7974012119667037e-05,-1.472423262965432,0.0372601848115595,1,1,1,64,72,5.752136210578944e-13,8.971635648849389e-13,219,220,1.475183158346747e-12,1.4684777803542617e-12,220,0,1
154,0,1,CADC0872,1,204,205,3.07853767804878e-06,3.558216679876522e-10,1.886323588326383e-05,-1.381150540821647,-0.1238730113175909,1,1,1,65,69,6.30648344627036e-13,9.44976629907646e-13,204,205,1.7442238626845697e-12,1.7357154535983033e-12,205,0,1
155,0,0,CADC0872,1,208,209,5.3377053732057406e-06,5.392836018744721e-10,2.3222480528024397e-05,-1.3777008011508434,-0.058894301161923,1,1,1,69,71,7.636936924957077e-13,8.103915966244774e-13,208,209,2.5927096243965002e-12,2.580304315188861e-12,209,0,0
156,0,1,CADC0872,1,198,199,4.406177587939705e-07,7.194354450084974e-10,2.682229380587159e-05,-1.4440643173689034,-0.0460616337276411,1,1,1,52,74,1.0829901983728074e-12,1.1130446102822105e-12,198,199,3.633512348527765e-12,3.615253492505013e-12,199,0,1
157,0,1,CADC0872,1,216,217,-3.8975903917050695e-06,7.793099452656105e-10,2.791612339250582e-05,-1.4952048260924922,0.0182986683434696,1,1,1,66,73,1.0935445317644569e-12,1.2156780130940786e-12,216,217,3.607916413266716e-12,3.591290070348436e-12,217,0,1
158,0,1,CADC0872,1,205,206,-7.279649669902911e-06,5.2130737111929e-10,2.2832156514864956e-05,-1.4054538536145942,-0.0540107957675127,1,1,1,56,65,8.320981484636078e-13,9.900839158442413e-13,205,206,2.5429627859477567e-12,2.5306183064043205e-12,206,0,1
159,0,1,CADC0872,1,233,234,3.8069060470085474e-06,8.763908379121282e-10,2.960389903225804e-05,-1.4340995665339882,-0.0715958190065987,1,1,1,63,74,1.0726205750316916e-12,1.142500742304392e-12,233,234,3.761334068292396e-12,3.745259991077472e-12,234,0,1
160,1,1,CADC0872,1,224,225,6.156609288888878e-07,5.51405733151937e-10,2.3482030004919444e-05,-0.802509489673739,-0.5833269879792162,2,1,1,2,7,2.8720934925361855e-12,5.390838524882769e-12,224,225,2.4616327372854333e-12,2.4506921473419423e-12,225,1,1
161,0,1,CADC0872,1,236,237,7.597927864978903e-06,6.122274204437358e-10,2.474322979006047e-05,-0.899726720541453,-0.4660022738690266,1,1,1,74,81,6.455087343672056e-13,8.692005276339149e-13,236,237,2.5941839849310844e-12,2.5832380609440336e-12,237,0,1
162,1,1,CADC0872,1,256,257,3.045158715953307e-06,6.31668522281188e-10,2.513301657742636e-05,-1.2361360700664434,-0.0865607206049422,1,1,1,1,5,2.518005440993241e-12,4.7928148830772345e-12,256,257,2.467455165160891e-12,2.457854172300343e-12,257,1,1
163,1,1,CADC0872,1,209,210,-5.804209585714285e-06,2.2828397914368475e-10,1.510906943341266e-05,-1.0094025089171297,-0.2659266425775475,2,2,2,2,2,3.410170924427095e-11,9.96863594773635e-11,209,210,1.09226784279275e-12,1.0870665673508797e-12,210,1,1
164,0,1,CADC0872,1,236,237,-2.9906392869198306e-06,3.1476653684874155e-10,1.7741661051004824e-05,-1.4580653156951324,0.004047994313287,1,1,1,67,76,5.392907317368543e-13,8.423955435268399e-13,236,237,1.333756512070939e-12,1.3281288474630448e-12,237,0,1
165,1,1,CADC0872,1,231,232,2.2651312456896558e-06,4.6113194738637214e-10,2.147398303497449e-05,-1.368997063096835,0.0094168414015433,2,2,1,1,7,3.414993229582004e-12,6.315722288721196e-12,231,232,1.9962421964778016e-12,1.9876377042516042e-12,232,1,1
166,1,1,CADC0872,1,231,232,6.452190948275862e-06,5.687374639473726e-10,2.384821720689772e-05,-1.468352043505801,-0.0362892735979425,1,1,1,5,12,1.7728343702261138e-12,3.0315992800161627e-12,231,232,2.4620669434951188e-12,2.4514545859800547e-12,232,1,1
167,0,0,CADC0872,1,219,220,-6.086074954545458e-07,6.245819898345727e-10,2.4991638398363814e-05,-1.2190705201894751,-0.2270634755296945,1,1,1,55,67,8.062227468040914e-13,8.678262705883647e-13,219,220,2.851972556322249e-12,2.8390090447026028e-12,220,0,0
168,0,1,CADC0872,1,222,223,-7.387198448430493e-06,7.343261582869615e-10,2.709845306077381e-05,-1.474828414686742,-0.0003539082299746,1,1,1,57,75,9.813063849373225e-13,1.049372963178986e-12,222,223,3.3077754877791065e-12,3.2929424138428773e-12,223,0,1
169,0,1,CADC0872,1,264,265,-3.578292388679245e-06,9.166051643131991e-10,3.027548784599844e-05,-1.504733324016941,0.0274887193238036,1,1,1,79,90,9.442408807281893e-13,1.200791579432733e-12,264,265,3.471989258762118e-12,3.4588874125026384e-12,265,0,1
170,1,1,CADC0872,1,220,221,-9.529907714932126e-06,2.847326737856142e-10,1.6874023639476574e-05,-0.7054197609054382,-0.6717362687782633,3,2,1,3,16,2.825806897474057e-12,5.715622258434287e-12,220,221,1.2942394262982469e-12,1.288383139301422e-12,221,1,1
171,0,1,CADC0872,1,312,313,5.127767999999999e-06,4.849830632923755e-10,2.2022331014049704e-05,-1.3553814667095845,-0.0864288413145342,1,1,1,98,105,4.459515359457431e-13,8.014538288796714e-13,312,313,1.5544328951678699e-12,1.5494666558861837e-12,313,0,1
172,0,1,CADC0872,1,254,255,-3.4845312088627445e-06,1.7525812639142322e-10,1.323850922088372e-05,-0.5598356107346052,-0.9846450845881158,1,1,1,80,86,2.9998411059476733e-13,7.726466666449263e-13,254,255,6.899926235882805e-13,6.872867701624443e-13,255,0,1
173,0,1,CADC0872,1,289,290,6.450108189655173e-06,1.4446052885709103e-10,1.2019173384933384e-05,-0.6482444627710864,-0.6914390510597769,1,1,1,86,92,3.5335891092920295e-13,8.701874217827662e-13,289,290,4.99863421650834e-13,4.981397546796244e-13,290,0,1
174,1,1,CADC0872,1,275,276,3.0582612019202896e-06,1.2270443886641848e-10,1.1077203567074971e-05,-1.1484231967124183,-0.2313200103446751,2,2,1,4,19,1.167915010104813e-12,2.394958964827787e-12,275,276,4.46197959514249e-13,4.445813002406467e-13,276,1,1
175,0,1,CADC0872,1,261,262,5.858064340839695e-06,8.687656095722944e-11,9.320759677045076e-06,-1.4744492997948284,-0.0119767111225826,1,1,1,90,92,3.090379404355029e-13,7.556492171155742e-13,261,262,3.328603868093082e-13,3.315899273176696e-13,262,0,1
176,1,1,CADC0872,1,250,251,-2.9451357191633474e-06,1.2677944047642415e-10,1.1259637670743416e-05,-0.5860973573117447,-0.582709335246371,1,1,1,47,60,3.987809242825326e-13,8.807271221918807e-13,250,251,5.071177619056968e-13,5.050973724160326e-13,251,1,1
177,0,1,CADC0872,1,285,286,-1.0323486412587417e-06,4.4691333411829276e-10,2.1140324834739244e-05,-1.441201515794101,0.0297378503368945,1,1,1,91,100,5.081391789614496e-13,9.083472135161433e-13,285,286,1.5681169618185712e-12,1.5626340353786461e-12,286,0,1
178,0,1,CADC0872,1,252,253,-1.0241679411067191e-05,2.7050208669530044e-10,1.6446947640680944e-05,-1.458085778653079,-0.0475477001232453,1,1,1,75,90,4.824718621302999e-13,9.407023030110262e-13,252,253,1.073420978949605e-12,1.06917820828182e-12,253,0,1
179,1,1,CADC0872,1,271,272,-5.743108445955883e-06,5.41615778053019e-10,2.3272640117808277e-05,-1.154320703575232,0.1881230608846961,2,2,2,1,3,2.153502274057323e-11,5.695634608330962e-11,271,272,1.998582206837709e-12,1.9912344781360997e-12,272,1,1
180,0,1,CADC0872,1,313,314,-6.265987289808918e-06,6.566076227491925e-10,2.5624356045551515e-05,-1.5111726451667071,0.0423899300871552,1,1,1,87,105,5.44108853077956e-13,8.395420535494058e-13,313,314,2.0977879321060466e-12,2.0911070788190843e-12,314,0,1
181,0,1,CADC0872,1,275,276,-2.206591628985507e-05,2.5878766076117787e-10,1.6086878527581972e-05,-1.4863839637580174,0.0314823057343434,1,1,1,87,93,4.262516150652972e-13,8.867528233503712e-13,275,276,9.41046039131556e-13,9.376364520332534e-13,276,0,1
182,1,0,CADC0872,1,437,438,1.1864028664383564e-05,8.028740718512357e-10,2.833503258955662e-05,-0.7456957262434574,-0.7366122331699382,2,2,2,1,2,6.628435717517676e-12,1.3215246612756358e-11,437,438,1.837240439018846e-12,1.833045826144374e-12,438,1,0
183,0,1,CADC0872,1,325,326,1.6483633196319018e-05,5.10413549173475e-10,2.259233385849003e-05,-0.5887700711331796,-0.803056437831646,1,1,1,89,101,4.10277038121123e-13,8.955850294504753e-13,325,326,1.570503228226077e-12,1.5656857336609665e-12,326,0,1
184,1,0,CADC0872,1,336,337,2.391140048367952e-06,3.719921978275686e-10,1.9287099259027227e-05,-1.2718779859688765,-0.1562558010679321,2,2,2,1,4,3.015101447371624e-12,6.079412987987352e-12,336,337,1.1071196363915732e-12,1.103834414918601e-12,337,1,0
185,0,1,CADC0872,1,328,329,6.43280142857143e-06,1.810106665663588e-10,1.345402046105025e-05,-0.6693012066905544,-0.5799301018865818,1,1,1,91,105,2.7237375898865584e-13,6.066451516254314e-13,328,329,5.518617883120694e-13,5.501843968582333e-13,329,0,1
186,0,1,CADC0872,1,308,309,1.2264492864077668e-05,4.00193314768621e-10,2.000483228544096e-05,-0.9893204216410902,-0.3639221840895109,1,1,1,89,105,4.231169663347885e-13,7.711882641833487e-13,308,309,1.2993289440539645e-12,1.295123996014955e-12,309,0,1
187,0,1,CADC0872,1,309,310,7.711808558064515e-06,5.852471200081189e-10,2.419188128294529e-05,-1.488193913409654,-0.073212956617457,1,1,1,86,103,5.208496801227832e-13,7.327327100234495e-13,309,310,1.894003624621744e-12,1.887893935510061e-12,310,0,1
188,1,1,CADC0872,1,306,307,7.2115288273615645e-06,4.2813963864418463e-10,2.0691535434669525e-05,-1.109411690212349,-0.2124769989012457,1,1,1,2,1,1.8698047814132475e-12,3.6885134263616e-12,306,307,1.3991491458960285e-12,1.3945916568214485e-12,307,1,1
189,0,0,CADC0872,1,330,331,7.201651991238672e-06,4.843423872688505e-10,2.2007780153137904e-05,-0.8160550721692026,-0.56322707078932,1,1,1,91,105,3.8398420645534643e-13,7.271704839113073e-13,330,331,1.467704203845002e-12,1.4632700521717541e-12,331,0,0
190,1,0,CADC0872,1,460,461,4.138084288503254e-06,4.0126107512117865e-10,2.003150206852144e-05,-0.6325053763014936,-0.794795152994248,3,3,2,2,7,4.239989191808657e-12,8.620588578177406e-12,460,461,8.723066850460406e-13,8.704144796554854e-13,461,1,0
191,1,1,CADC0872,1,274,275,-5.346578342181819e-06,8.961308728395816e-11,9.46641892607538e-06,-0.842751943833298,-0.8455014703426457,1,1,0,69,80,2.899482711169029e-13,7.731650736658986e-13,274,275,3.270550630801393e-13,3.2586577194166613e-13,275,1,1
192,1,1,CADC0872,1,359,360,-1.3641331194444445e-06,2.1907181786110482e-10,1.4801074888706726e-05,-1.426620461205589,-0.0303968619978541,2,1,1,32,55,5.907294644040084e-13,1.2991242577090481e-12,359,360,6.102279049055845e-13,6.085328273919579e-13,360,1,1
193,1,1,CADC0872,1,361,362,-2.131730232044199e-06,1.7953251780808559e-10,1.3398974505837589e-05,-1.2788943826388497,0.0843739144712085,2,2,2,3,6,2.758649891376353e-12,5.791622342779594e-12,361,362,4.97319993928215e-13,4.959461817902919e-13,362,1,1
194,1,1,CADC0872,1,330,331,-2.522479438670695e-06,1.1317326368979183e-10,1.0638292329588984e-05,-0.9351172021378428,-0.4471626870008666,1,1,1,2,2,2.122322875672187e-12,4.470099080759077e-12,330,331,3.429492839084601e-13,3.419131833528454e-13,331,1,1
195,1,1,CADC0872,1,306,307,5.07453661237785e-06,1.7746441813181524e-10,1.3321577163827683e-05,1.2731496252625174,1.4718480086714258,1,1,1,2,2,1.5722030463390354e-11,4.201539843437158e-11,306,307,5.799490788621415e-13,5.780599939147078e-13,307,1,1
196,0,1,CADC0872,1,386,387,3.865033665116278e-06,8.044136695012788e-10,2.836218731870444e-05,-1.4347893965041068,0.0136373835510623,1,1,1,123,132,4.812199761055778e-13,7.857985989041365e-13,386,387,2.0839732370499454e-12,2.0785882932849584e-12,387,0,1
197,1,1,CADC0872,1,359,360,-7.372667083333335e-07,4.118371139250703e-10,2.0293770323059003e-05,-0.5857540253033928,-0.8021793183165029,2,2,1,1,3,1.1158628515878956e-11,3.1153748620265126e-11,359,360,1.14717859032053e-12,1.1439919831251952e-12,360,1,1
198,1,0,CADC0872,1,514,515,8.13889450699029e-06,6.942083879319377e-10,2.6347834596640723e-05,-0.7816365767105089,-0.5199306380923239,2,2,2,2,2,1.7786868785452203e-11,5.051940455832797e-11,514,515,1.3505999765212798e-12,1.347977452295025e-12,515,1,0
199,0,1,CADC0872,1,441,442,1.2137942963800925e-06,6.507066881385252e-10,2.550895309765819e-05,-1.1175481762292698,-0.3655591565358119,1,1,1,137,152,3.172895337972982e-13,6.566294588547886e-13,441,442,1.4755253699286288e-12,1.4721870772364829e-12,442,0,1
200,0,1,CADC0872,1,425,426,7.195646134976526e-06,2.740600593263693e-10,1.655475941614282e-05,-1.5082766435689812,0.1080302129369434,1,1,1,132,142,3.0953365757988093e-13,7.582793706191015e-13,425,426,6.448471984149867e-13,6.433334725971109e-13,426,0,1
201,1,1,CADC0872,1,371,372,-5.399599475806451e-06,5.598374411792185e-11,7.482228552906003e-06,-1.5106559654891054,-0.1216109051076716,1,1,1,64,81,3.967502534542017e-13,9.71900408956819e-13,371,372,1.5089957983267348e-13,1.504939358008652e-13,372,1,1
202,1,1,CADC0872,1,363,364,7.4849615947802196e-06,2.8343254635136816e-10,1.683545503844099e-05,-1.4645320966901652,0.0175520294267232,3,2,2,3,16,2.284553376819741e-12,4.779038674451918e-12,363,364,7.808059128136865e-13,7.786608416246378e-13,364,1,1
203,0,1,CADC0872,1,380,381,3.7094338687664022e-06,4.764353387261347e-10,2.182739880806081e-05,-1.261445429960568,-0.1952858670124467,1,1,1,111,118,3.7658546724251243e-13,7.420733187492433e-13,380,381,1.2537772071740386e-12,1.2504864533494349e-12,381,0,1
204,1,0,CADC0872,1,347,348,-3.685781908505749e-06,2.857401886928538e-10,1.6903851297643795e-05,0.2092634389330263,-0.3298612649312685,2,2,2,1,2,2.0540132316660936e-11,4.148774573169176e-11,347,348,8.234587570399246e-13,8.210924962438327e-13,348,1,0
205,1,1,CADC0872,1,365,366,1.1993602360655738e-05,2.976570060266713e-10,1.7252739087654207e-05,-0.791996159067506,-0.747134493613411,1,1,1,105,123,2.761303928297889e-13,6.482730524428124e-13,365,366,8.154986466484144e-13,8.132705082695937e-13,366,1,1
206,0,0,CADC0872,1,316,317,-1.0564048236277603e-05,9.296345334476308e-11,9.641755718994497e-06,-1.3570052851924943,-0.0625157008826298,1,1,1,85,100,2.819497901309936e-13,6.866184949478286e-13,316,317,2.941881434960857e-13,2.93260105188527e-13,317,0,0
207,1,1,CADC0872,1,387,388,-1.7437637487113397e-06,1.9207660675232272e-10,1.3859170492937978e-05,-1.2551677674172048,-0.2006331689135973,1,1,1,31,36,5.622952658732363e-13,1.2374812005937192e-12,387,388,4.963219812721517e-13,4.950428009080483e-13,388,1,1
208,0,1,CADC0872,1,456,457,2.802405646608315e-06,2.415806573034458e-10,1.5542865157474854e-05,-1.3319764533110423,-0.1874447876181039,1,1,1,134,149,2.9268661142252773e-13,7.168999309547485e-13,456,457,5.29782143209311e-13,5.286228825020696e-13,457,0,1
209,1,0,CADC0872,1,394,395,1.109155767088608e-06,4.1442847596792634e-10,2.0357516448917003e-05,-1.4143061035898723,-0.0042027012267853,1,1,1,10,9,1.1308548031365214e-12,2.143005656858428e-12,394,395,1.051848923776463e-12,1.0491860151086744e-12,395,1,0
210,0,1,CADC0872,1,426,427,9.97950330765808e-06,5.119773900325633e-10,2.262691737803812e-05,-1.3276585842539963,-0.165896501662277,1,1,1,129,145,3.5849029793067294e-13,7.51943708838455e-13,426,427,1.2018248592313692e-12,1.1990102811067056e-12,427,0,1
211,0,1,CADC0872,1,282,283,-1.7146484240282687e-05,3.5450215982831485e-11,5.954008396268138e-06,-0.6609700824723754,-0.8690961354483692,1,1,1,89,101,2.760567343400282e-13,7.935113801161282e-13,282,283,1.257099857547216e-13,1.252657808580618e-13,283,0,1
212,1,1,CADC0872,1,391,392,-3.2345738512755098e-06,1.9776540497410636e-10,1.4062908837580736e-05,-0.7957637475531518,-0.8117325925619459,1,2,2,2,3,1.0906849047416252e-11,3.126487378288847e-11,391,392,5.057938746140827e-13,5.045035841176183e-13,392,1,1
213,0,1,CADC0872,1,444,445,1.6091926896629212e-05,6.127863896194258e-10,2.475452260940263e-05,-0.4079492594322289,-0.7743515936701686,1,1,1,136,147,3.7564557837939125e-13,8.149785373562236e-13,444,445,1.3801495261698782e-12,1.3770480665605078e-12,445,0,1
214,1,1,CADC0872,1,399,400,-1.3118091725000005e-06,5.873722615325412e-10,2.423576410044753e-05,-1.3220762758443247,-0.0521393501344321,2,2,2,2,3,2.941218596663443e-11,8.571269151390089e-11,399,400,1.4721109311592517e-12,1.4684306538313534e-12,400,1,1
215,0,1,CADC0872,1,485,486,1.8665750265432089e-06,2.6367844945956324e-10,1.6238178760549572e-05,-0.8110008888106943,-0.5788830432762104,1,1,1,143,154,3.047002513102544e-13,7.965191664860903e-13,485,486,5.436669061021922e-13,5.425482499167968e-13,486,0,1
216,0,1,CADC0872,1,369,370,4.963643330270269e-06,1.4585835383448943e-10,1.2077183191228386e-05,-1.351203041077904,-0.0835901704726101,1,1,1,116,124,2.5613066167259343e-13,6.385856507564633e-13,369,370,3.952800916923834e-13,3.942117671202418e-13,370,0,1
217,0,1,CADC0872,1,353,354,-7.953226887005652e-06,9.358227231315778e-11,9.67379306751792e-06,-1.145400587520538,-0.2395255286442159,1,1,1,115,116,2.885577810277509e-13,7.814318132326915e-13,353,354,2.651055872893988e-13,2.6435670144959824e-13,354,0,1
218,0,0,CADC0872,1,686,687,5.635406951965064e-06,4.068492818284688e-10,2.0170505244749543e-05,-1.006234852904028,-0.6072766097153642,1,1,1,211,230,3.0318041868660534e-13,7.78963452651357e-13,686,687,5.930747548519953e-13,5.922114728216431e-13,687,0,0
1796,0,1,CADC0872,5,520,105,-3.2459535885714285e-06,7.056315631693552e-11,8.400187873907077e-06,-1.4014856844403778,-0.0017150387634802,1,1,1,29,35,4.96102677500584e-13,6.469953009414841e-13,2600,525,1.356983775325683e-13,6.720300601612908e-13,105,0,1
1797,0,1,CADC0872,5,605,122,5.084253254098361e-06,1.8233318867245e-10,1.3503080710432342e-05,-1.4403343557446813,-0.1115450559444778,1,1,1,32,41,8.194200626720827e-13,1.0461123618778057e-12,3025,610,3.013771713594214e-13,1.4945343333807377e-12,122,0,1
1798,0,1,CADC0872,5,700,141,9.445327872340428e-07,1.91762008476406e-10,1.3847816018289888e-05,-1.3808427113760229,-0.1811462097252811,1,1,1,39,48,5.915052100527897e-13,7.072623538066727e-13,3500,705,2.7394572639486574e-13,1.3600142445135178e-12,141,0,1
1799,0,1,CADC0872,5,940,188,-5.370821982446809e-06,1.0116579540681688e-10,1.0058120868572662e-05,-0.9044532103121404,-0.4285123839946289,1,1,1,58,62,3.849842997765305e-13,7.907341081781658e-13,4792,940,1.076231866029967e-13,5.381159330149835e-13,188,0,1
1800,1,1,CADC0872,5,815,148,-8.375030533783784e-06,6.341295599080263e-10,2.5181929233242363e-05,-1.0635554134401008,0.1570950353432822,5,2,1,5,9,5.1147784565706985e-11,1.3438547390688562e-10,10891,740,7.780730796417502e-13,4.284659188567745e-12,148,1,1
1801,0,1,CADC0872,5,1335,268,-1.0750317313432835e-05,4.97317663075386e-10,2.230062023970154e-05,-1.4741160147327237,-0.1287524325250835,1,1,1,80,90,4.967066767680425e-13,6.223949999677747e-13,6675,1340,3.725225940639595e-13,1.855662921923082e-12,268,0,1
1802,0,1,CADC0872,5,890,179,-1.03674145698324e-05,2.8549285713916477e-10,1.689653387944299e-05,-1.2821648276221789,-0.180238656091997,1,1,1,52,60,6.491689210560579e-13,7.139221643881289e-13,4450,895,3.207784911676009e-13,1.59493216278863e-12,179,0,1
1803,1,0,CADC0872,5,930,187,5.071832524064172e-06,5.082029692521433e-10,2.2543357541682724e-05,-1.460710042415064,-0.1578636144043858,3,1,1,2,4,1.3273278485571528e-11,3.046783662429221e-11,4650,935,5.464548056474659e-13,2.717662937177237e-12,187,1,0
1804,1,1,CADC0872,5,900,156,2.3139875663461534e-05,8.966620521035037e-10,2.994431585632745e-05,0.1449144505661888,-1.1793362184602392,2,1,1,2,3,3.143740975919186e-11,6.136023996396869e-11,20750,780,9.96291169003893e-13,5.7478336673301506e-12,156,1,1
1805,1,0,CADC0872,5,616,124,-9.254690283629036e-06,2.4955272953619863e-10,1.5797238035055325e-05,-0.7300209167974696,-0.6970441152391552,2,2,1,1,1,4.4912141779856063e-11,1.351887124570742e-10,3086,620,4.051180674288939e-13,2.0125220123886985e-12,124,1,0
1806,0,1,CADC0872,5,560,113,1.1806977230088497e-05,3.4458290878568883e-10,1.8562944507423624e-05,-1.2455118631699371,-0.1311400200317582,1,1,1,31,43,1.6111347631728136e-12,1.153117390619114e-12,2800,565,6.153266228315873e-13,3.049406272439724e-12,113,0,1
1807,0,1,CADC0872,5,510,103,-1.7335889320388397e-07,2.781485633302589e-10,1.6677786523704486e-05,-1.5021383508452502,-0.048840640570074,1,1,1,26,34,1.349687062194093e-12,8.276034904977174e-13,2550,515,5.453893398632529e-13,2.7004714886432906e-12,103,0,1
1808,0,1,CADC0872,5,580,117,3.741888811965812e-06,4.2227594067582044e-10,2.054935377757219e-05,-1.4018470241716396,-0.1044377543967828,1,1,1,26,39,1.6850315421829718e-12,8.876349870416091e-13,2900,585,7.280619666824491e-13,3.609196074152312e-12,117,0,1
1809,0,1,CADC0872,5,535,108,-6.7203611851851845e-06,1.4988010902925591e-10,1.2242553207123744e-05,-0.5310923193760222,-0.6838269194845955,1,1,1,27,33,6.895272116590365e-13,7.2988326055576e-13,2675,540,2.801497365032821e-13,1.3877787873079253e-12,108,0,1
1810,1,1,CADC0872,5,1115,224,1.5332640294642856e-05,3.1960478327479187e-10,1.787749376380235e-05,1.5847302560567176,0.6517728758988862,12,4,3,12,21,2.474553953379042e-10,7.053767874245123e-10,5575,1120,2.8664106123299723e-13,1.4268070681910353e-12,224,1,1
1811,1,1,CADC0872,5,695,140,3.1775917642857136e-06,4.840165732278672e-10,2.200037666104531e-05,0.1832392950011208,0.3932562302724324,6,2,1,7,10,1.4781280346737346e-10,4.0483056789630175e-10,3475,700,6.964267240688736e-13,3.4572612373419084e-12,140,1,1
1812,1,0,CADC0872,5,680,137,-6.574501357664234e-06,4.659054632372504e-10,2.158484336837426e-05,3.49958047735426,1.4914924112849357,10,5,1,10,15,5.749235498848713e-10,1.7864335913782695e-09,3400,685,6.851550929959564e-13,3.4007698046514625e-12,137,1,0
1813,0,1,CADC0872,5,785,158,2.805441829113924e-06,6.344314077537252e-10,2.518792186254605e-05,-1.3453066103818874,-0.2583843496294722,1,1,1,38,56,1.5514252105638217e-12,9.533696721506425e-13,3925,790,8.081928761193953e-13,4.015388656669148e-12,158,0,1
1814,0,1,CADC0872,5,1030,207,-1.221384836231884e-05,3.3492212146512557e-10,1.830087761461525e-05,-1.49033027883763,0.0932592831538022,1,1,1,57,64,6.206478756894795e-13,9.068351352939967e-13,5150,1035,3.2516710821856855e-13,1.617981263116549e-12,207,0,1
1815,1,1,CADC0872,5,985,198,-2.303626871717173e-06,3.8428430403974887e-10,1.9603170764948943e-05,1.7198640966306211,0.7937532076371356,6,3,1,6,8,1.411211142025681e-10,3.7332842670152686e-10,4925,990,3.901363492789329e-13,1.94082981838257e-12,198,1,1
1816,0,0,CADC0872,5,680,137,-2.2314420437956207e-06,6.690327011058262e-10,2.586566645392742e-05,-1.3769525298981722,-0.0613754516162551,1,1,1,40,47,1.6899295553839265e-12,8.917754519911948e-13,3400,685,9.838716192732738e-13,4.883450373035228e-12,137,0,0
1817,1,1,CADC0872,5,525,106,-1.9524160754716984e-06,7.580032671895224e-10,2.753185913064213e-05,-1.2606820415412114,0.0632660098129861,3,1,1,3,12,5.0345882883986266e-11,7.743266987492675e-11,2625,530,1.443815747027662e-12,7.150974218769081e-12,106,1,1
1818,0,1,CADC0872,5,80,17,1.1787463529411764e-05,3.68340131950317e-10,1.919218934750064e-05,-1.4662277995718058,0.0336718365767385,1,1,2,1,3,5.605312286321875e-11,1.3182441614355547e-11,400,85,4.604251649378963e-12,2.1667066585312763e-11,17,0,1
1819,0,1,CADC0872,5,95,20,2.05594465e-05,5.215213285004628e-10,2.28368414738217e-05,-1.382135411430483,-0.2597744034745464,1,1,1,2,4,5.917392730686149e-11,1.0272535418544445e-11,475,100,5.4896981947417135e-12,2.6076066425023137e-11,20,0,1
1820,0,0,CADC0872,5,75,16,1.1673439999999998e-05,5.222433377789625e-10,2.2852643999742403e-05,-1.5283387300750322,0.0047203013499478,1,1,2,1,4,8.801346935840002e-11,2.3717392219663272e-11,375,80,6.963244503719499e-12,3.2640208611185156e-11,16,0,0
1821,0,0,CADC0872,5,95,20,1.8566541500000003e-05,6.030049968922829e-10,2.455616005999885e-05,-1.3653960005171109,-0.3112730038205596,1,1,1,1,6,6.599495925899335e-11,8.160022011380552e-12,475,100,6.347421019918767e-12,3.0150249844614144e-11,20,0,0
1822,0,0,CADC0872,5,75,16,1.062909625e-05,6.333195331934611e-10,2.516584060176534e-05,-1.3976355577813675,-0.1009554237583118,1,1,2,1,3,9.971644803203555e-11,1.3990603764369382e-11,375,80,8.44426044257948e-12,3.958247082459131e-11,16,0,0
1823,0,1,CADC0872,5,95,20,1.4558575999999996e-05,6.399102579213738e-10,2.529644753560021e-05,-1.3928137700410066,-0.3203345234872126,1,1,2,1,3,7.021084271423546e-11,8.992438487888888e-12,475,100,6.735897451803937e-12,3.19955128960687e-11,20,0,1
1824,0,1,CADC0872,5,75,16,9.284875e-06,7.050580494178625e-10,2.655292920598145e-05,-1.3767685601902833,-0.0981538784824404,1,1,2,2,2,1.1173259979019555e-10,2.344404965328164e-11,375,80,9.400773992238166e-12,4.4066128088616405e-11,16,0,1
1825,0,1,CADC0872,5,95,20,1.0621028e-05,5.90370031201346e-10,2.4297531380807928e-05,-1.1960223534020469,-0.483824391135453,1,1,2,3,4,6.679440461783047e-11,1.1300595867409878e-11,475,100,6.2144213810668e-12,2.95185015600673e-11,20,0,1
1826,0,1,CADC0872,5,80,17,5.972781764705882e-06,7.406373039198615e-10,2.721465237551017e-05,-1.4334758664784668,-0.0067025527648722,1,1,2,1,1,1.0650506586094843e-10,2.0372400047728883e-11,400,85,9.25796629899827e-12,4.356690023058009e-11,17,0,1
1827,0,1,CADC0872,5,100,21,3.0094304761904752e-06,5.227864879070998e-10,2.2864524659548466e-05,-1.385647021300561,-0.2911360409358955,1,1,2,3,5,5.683520118578499e-11,2.575904563206205e-11,500,105,5.227864879070998e-12,2.4894594662242847e-11,21,0,1
1828,0,0,CADC0872,5,75,16,4.708849375e-06,6.137507696667683e-10,2.4773993817444305e-05,-1.405731639461674,-0.087736276827585,1,1,2,1,4,9.614438658292888e-11,1.2346363631383676e-11,375,80,8.183343595556913e-12,3.835942310417303e-11,16,0,0
1829,0,1,CADC0872,5,95,20,-3.565375000000005e-07,3.5169826523286867e-10,1.875362005674821e-05,-1.3537965242009775,-0.3006599120394578,1,1,2,2,6,4.1379931766146266e-11,1.037891170801358e-11,475,100,3.70208700245125e-12,1.7584913261643436e-11,20,0,1
1830,0,0,CADC0872,5,65,14,5.044568542857144e-06,3.8622624792432246e-10,1.965263971898744e-05,-1.4704931088164457,-0.0937919759693791,1,1,2,1,2,8.276408940396811e-11,1.1877033416346307e-11,325,70,5.941942275758808e-12,2.7587589137451607e-11,14,0,0
1831,0,1,CADC0872,5,100,21,-4.8190409523809525e-06,2.679038155386753e-10,1.6367767579565495e-05,-1.395944788855063,-0.0853765995720434,1,1,2,2,7,2.8364861894575002e-11,9.022227316719112e-12,500,105,2.679038155386753e-12,1.2757324549460728e-11,21,0,1
1832,0,1,CADC0872,5,75,16,-1.5877667375e-06,2.8401573230583515e-10,1.6852766310188814e-05,-1.5055028077330774,0.0775953372813357,1,1,2,1,3,4.68956209713874e-11,7.85370240314028e-12,375,80,3.786876430744469e-12,1.7750983269114697e-11,16,0,1
1833,0,0,CADC0872,5,95,20,-3.8527222e-06,1.9812687258959598e-10,1.407575477868224e-05,-1.4083009911521442,0.0291842784562261,1,1,2,3,5,2.396121565467548e-11,7.881728468581131e-12,475,100,2.085546027258905e-12,9.906343629479798e-12,20,0,0
1834,0,1,CADC0872,5,75,16,-4.111335675e-06,2.465821522773522e-10,1.5702934511655847e-05,-1.5141322850878658,0.0762004480546307,1,1,2,1,4,4.18418819783758e-11,1.0231093385549648e-11,375,80,3.287762030364697e-12,1.5411384517334516e-11,16,0,1
1835,0,1,CADC0872,5,95,20,-2.63644685e-06,2.5329608391250557e-10,1.5915278317155048e-05,-1.4406343658536795,0.1371958324796667,1,1,2,3,5,2.994884390066793e-11,9.09900747847659e-12,475,100,2.6662745675000587e-12,1.2664804195625278e-11,20,0,1
1836,0,1,CADC0872,5,75,16,-3.2497727500000003e-06,2.9322848073038847e-10,1.712391546143546e-05,-1.3423768873253783,0.0560694583528142,1,1,2,2,4,5.199610815379413e-11,2.3796234421681556e-11,375,80,3.90971307640518e-12,1.832678004564928e-11,16,0,1
1837,0,1,CADC0872,5,90,19,5.033332631578954e-07,3.6701577096647324e-10,1.915765567512041e-05,-1.4298944216016969,0.0714728130761725,1,1,2,3,5,4.557072252253823e-11,9.249150112489645e-12,450,95,4.077953010738593e-12,1.9316619524551222e-11,19,0,1
1838,0,1,CADC0872,5,85,18,-2.581062777777777e-06,4.6483604912787556e-10,2.156005679788148e-05,-1.3610667717451623,0.0597006111234651,1,1,2,1,5,6.14929757538699e-11,1.3257744022048439e-11,425,90,5.4686594015044185e-12,2.582422495154864e-11,18,0,1
1839,0,1,CADC0872,5,85,18,3.875377555555555e-06,4.744045885935551e-10,2.178083075994933e-05,-1.3747584967009605,0.0410851912899916,1,1,2,1,3,6.448606782365766e-11,1.0847651898051938e-11,425,90,5.581230454041823e-12,2.635581047741972e-11,18,0,1
1840,0,1,CADC0872,5,90,19,-1.944846e-06,5.740221861777112e-10,2.395876011353073e-05,-1.300950961383643,0.0975984012597577,1,1,2,1,3,7.036494553891239e-11,1.2118481816991946e-11,450,95,6.378024290863457e-12,3.0211694009353216e-11,19,0,1
1841,0,1,CADC0872,5,90,19,5.266696842105262e-06,5.38783186832432e-10,2.3211703660705995e-05,-1.1664914653093736,-0.0010668980575964,1,1,2,2,3,7.050749958060988e-11,9.641678045811074e-12,450,95,5.98647985369369e-12,2.8357009833285905e-11,19,0,1
1842,0,0,CADC0872,5,80,17,5.777653529411764e-06,5.86053195690705e-10,2.420853559575021e-05,-1.1169570447177928,-0.1538966814150611,1,1,2,1,3,8.457320876139374e-11,1.2188585134555568e-11,400,85,7.325664946133815e-12,3.4473717393570886e-11,17,0,0
1843,0,1,CADC0872,5,95,20,5.6908273e-06,6.193378023501485e-10,2.4886498394714925e-05,-0.9768611369788324,-0.2118321534734465,1,1,2,2,4,6.775226320787171e-11,1.8691522356879232e-11,475,100,6.519345287896301e-12,3.096689011750743e-11,20,0,1
1844,0,1,CADC0872,5,80,17,9.852384705882352e-06,5.843438181354131e-10,2.417320454833023e-05,-1.0553617376161113,-0.207656999153409,1,1,1,1,3,8.181109765941875e-11,1.4730301701943984e-11,400,85,7.304297726692665e-12,3.4373165772671366e-11,17,0,1
1845,0,1,CADC0872,5,95,20,7.639572299999999e-06,5.387766333635124e-10,2.321156249293684e-05,-0.811626578056055,-0.2896369727556007,1,1,1,2,5,5.795962052227714e-11,1.3222761210218729e-11,475,100,5.671332982773815e-12,2.693883166817562e-11,20,0,1
1846,0,1,CADC0872,5,80,17,1.126429705882353e-05,5.736035691992796e-10,2.395002232147769e-05,-1.0037714659006345,-0.2921281750945944,1,1,1,1,3,7.754964976594648e-11,2.1237593976730663e-11,400,85,7.170044614990995e-12,3.3741386423487034e-11,17,0,1
1847,0,1,CADC0872,5,90,19,9.549170789473683e-06,4.786453063224137e-10,2.1877963943713174e-05,-0.8481542259599006,-0.3888863639571074,1,1,1,2,4,5.199219371925909e-11,9.54292965798751e-12,450,95,5.3182811813601535e-12,2.5191858227495463e-11,19,0,1
1848,0,0,CADC0872,5,85,18,9.55005922222222e-06,5.046360647248237e-10,2.2464106141238374e-05,-0.9782997433853762,-0.2762079707573837,1,1,1,1,4,6.290639031982873e-11,1.5326485133330998e-11,425,90,5.936894879115573e-12,2.803533692915687e-11,18,0,0
1849,0,1,CADC0872,5,95,20,9.3147705e-06,4.3536140198246465e-10,2.0865315765223028e-05,-0.8456062829225561,-0.240263013700924,1,1,1,3,5,5.0103726964350144e-11,1.6501617157555548e-11,475,100,4.582751599815418e-12,2.1768070099123237e-11,20,0,1
1850,0,1,CADC0872,5,85,18,6.501197777777777e-06,5.861262958427394e-10,2.4210045349869537e-05,-1.1382893226309614,-0.2883590286375198,1,1,1,1,3,5.856440903752387e-11,9.032950550443747e-12,425,90,6.895603480502818e-12,3.2562571991263306e-11,18,0,1
1851,0,1,CADC0872,5,90,19,1.0965714736842108e-05,3.719089190824039e-10,1.9284940214644276e-05,-1.1206948356628976,-0.1378727896911286,1,1,2,2,3,5.073961441818766e-11,1.3710940930112112e-11,450,95,4.132321323137821e-12,1.9574153635915992e-11,19,0,1
1852,0,1,CADC0872,5,80,17,6.848825235294118e-06,5.590717727971809e-10,2.3644698619292675e-05,-1.0778637750728557,-0.2656563771583488,1,1,1,2,3,7.022378970490636e-11,1.879003217083596e-11,400,85,6.988397159964761e-12,3.2886574870422405e-11,17,0,1
1853,0,0,CADC0872,5,90,19,9.018716526315788e-06,4.63191474695352e-10,2.152188362331123e-05,-0.7850750010120628,-0.4467365298622391,1,1,1,1,4,5.2088030121902574e-11,7.891108367440528e-12,450,95,5.146571941059467e-12,2.437849866817642e-11,19,0,0
1854,0,1,CADC0872,5,80,17,1.0818454705882354e-05,4.879660564442954e-10,2.208995374472965e-05,-0.9778127223071502,-0.1727699268197319,1,1,1,2,3,7.316420246631209e-11,9.881898345664891e-12,400,85,6.099575705553694e-12,2.870388567319385e-11,17,0,1
1855,0,1,CADC0872,5,95,20,9.7486265e-06,5.007601247059704e-10,2.237767022515906e-05,-1.1139368528793758,-0.2524963677409572,1,1,1,3,4,5.2228564260207344e-11,1.4624527093693668e-11,475,100,5.2711592074312665e-12,2.5038006235298518e-11,20,0,1
1856,0,0,CADC0872,5,80,17,7.273201176470589e-06,4.6368240430482207e-10,2.153328596161817e-05,-1.16403188243942,-0.1200549404588644,1,1,2,2,3,7.013883046234375e-11,8.916839743182225e-12,400,85,5.796030053810276e-12,2.727543554734248e-11,17,0,0
1857,0,1,CADC0872,5,100,21,5.345763047619047e-06,3.988342887246372e-10,1.9970835954577293e-05,-1.3264226997224435,-0.0942555941225844,1,1,2,1,3,3.9147065473101596e-11,5.723933637195084e-12,500,105,3.9883428872463706e-12,1.8992108986887484e-11,21,0,1
1858,0,0,CADC0872,5,80,17,3.740232941176471e-06,4.02866250099209e-10,2.00715283448772e-05,-1.382280532471239,-0.0387524222248176,1,1,2,2,4,5.458797813867343e-11,1.3454287824728887e-11,400,85,5.035828126240113e-12,2.3698014711718177e-11,17,0,0
1859,0,1,CADC0872,5,95,20,3.5885344e-06,2.4265739732765977e-10,1.5577464406239542e-05,-1.323976598259642,-0.1846913462808737,1,1,2,3,6,3.064659967824984e-11,1.3013818260158614e-11,475,100,2.554288392922735e-12,1.2132869866382989e-11,20,0,1
1860,0,0,CADC0872,5,75,16,4.005921875000001e-06,2.7516376218441526e-10,1.658806083255108e-05,-1.4095105114720934,-0.0715083644601076,1,1,2,2,5,4.372681658200888e-11,8.049643600026533e-12,375,80,3.668850162458871e-12,1.7197735136525954e-11,16,0,0
1861,0,1,CADC0872,5,95,20,8.924950499999994e-07,1.7857724919762449e-10,1.3363279881736538e-05,-1.3510020170568962,-0.2011507921651899,1,1,2,1,7,1.977204971713529e-11,3.961033644460581e-12,475,100,1.879760517869732e-12,8.928862459881226e-12,20,0,1
1862,0,1,CADC0872,5,80,17,1.7794649235294117e-06,2.1842825772296856e-10,1.4779318581144686e-05,-1.535118945132219,0.0422494676001833,1,1,2,1,2,3.234911060663015e-11,8.054044563475964e-12,400,85,2.730353221537107e-12,1.2848721042527563e-11,17,0,1
1863,0,1,CADC0872,5,95,20,5.530715e-07,1.2972591142003272e-10,1.1389728329509564e-05,-1.3769182757644378,-0.2298982620377234,1,1,2,4,6,1.6168395535795568e-11,7.685804747683952e-12,475,100,1.365535909684555e-12,6.486295571001637e-12,20,0,1
1864,0,1,CADC0872,5,75,16,3.016153125e-06,1.6260661907530894e-10,1.2751730042441652e-05,-1.397936653341065,0.0024809280219443,1,1,2,2,4,2.674777598503556e-11,5.719421083165816e-12,375,80,2.168088254337453e-12,1.0162913692206809e-11,16,0,1
1865,0,1,CADC0872,5,95,20,7.505479499999998e-07,1.1041467563882646e-10,1.0507838771071168e-05,-1.3809027976280437,-0.3075632591689468,1,1,2,2,4,1.2942283031652892e-11,2.018875332601617e-12,475,100,1.1622597435665945e-12,5.520733781941323e-12,20,0,1
1866,0,1,CADC0872,5,75,16,2.7621930625e-06,1.4308630921646198e-10,1.1961868968370368e-05,-1.4915127174512877,0.016991028114493,1,1,2,2,5,2.717396953176813e-11,1.3499033589342064e-11,375,80,1.907817456219493e-12,8.942894326028873e-12,16,0,1
1867,0,0,CADC0872,5,100,21,6.012670476190475e-07,1.1027843344126955e-10,1.0501353886107713e-05,-1.4914071605006396,-0.1523030762446153,1,1,2,3,4,1.1337404268697399e-11,4.640729611866193e-12,500,105,1.1027843344126957e-12,5.251353973393789e-12,21,0,0
1868,0,0,CADC0872,5,75,16,3.487229625e-06,1.323639764329446e-10,1.1504954429850843e-05,-1.4699521641059456,-0.0699484164914965,1,1,2,1,2,2.168153345560036e-11,2.9604803290676745e-12,375,80,1.7648530191059278e-12,8.272748527059037e-12,16,0,0
1869,0,0,CADC0872,5,100,21,1.1577642857142856e-06,1.17875503746034e-10,1.0857048574360987e-05,-1.4794593860591,-0.1966771005435545,1,1,2,4,5,1.229623398842e-11,4.530326668296953e-12,500,105,1.1787550374603398e-12,5.6131192260016186e-12,21,0,0
1870,0,1,CADC0872,5,75,16,4.233304e-06,1.533022130639075e-10,1.2381527089333831e-05,-1.4487890352736137,-0.0867024475823689,1,1,2,1,3,2.521992925774613e-11,3.1252985807542048e-12,375,80,2.044029507518767e-12,9.581388316494218e-12,16,0,1
1871,0,1,CADC0872,5,100,21,1.96587e-06,1.5201879285167618e-10,1.2329590133158367e-05,-1.4969246454693337,-0.1631357529456812,1,1,2,1,4,1.490764587482e-11,2.0000278135789463e-12,500,105,1.520187928516762e-12,7.238990135794105e-12,21,0,1
1872,0,0,CADC0872,5,75,16,5.31057875e-06,1.9946925499404844e-10,1.4123358488477464e-05,-1.4468105612811133,-0.0840816888475698,1,1,2,2,3,3.5022227038088893e-11,1.189429302549592e-11,375,80,2.6595900665873127e-12,1.2466828437128027e-11,16,0,0
1873,0,1,CADC0872,5,100,21,3.173327142857143e-06,2.1496462703952519e-10,1.466167204105743e-05,-1.4686447102278846,-0.0601528385607583,1,1,2,2,4,2.2117233659450003e-11,4.301105296383936e-12,500,105,2.149646270395252e-12,1.0236410811405962e-11,21,0,1
1874,0,1,CADC0872,5,75,16,7.14805125e-06,2.84057955017186e-10,1.6854018957423357e-05,-1.5224313964553466,-0.0753246633973588,1,1,2,1,2,4.8505979810106656e-11,1.4891549265538773e-11,375,80,3.787439400229146e-12,1.7753622188574122e-11,16,0,1
1875,0,1,CADC0872,5,100,21,5.656672380952382e-06,3.2092839754166565e-10,1.791447452597105e-05,-1.4890621440043077,-0.028660575325284,1,1,2,2,4,3.25695738781e-11,5.52693355428255e-12,500,105,3.2092839754166568e-12,1.5282304644841225e-11,21,0,1
1876,0,1,CADC0872,5,75,16,9.362885625e-06,3.5869899842194955e-10,1.893935052798669e-05,-1.4305996133301164,-0.097795518107778,1,1,2,1,3,5.923458687628886e-11,9.147333001897962e-12,375,80,4.782653312292661e-12,2.241868740137185e-11,16,0,1
1877,0,1,CADC0872,5,100,21,8.922690000000001e-06,4.1740623022784764e-10,2.043052202533865e-05,-1.3907931984221833,0.001121283029955,1,1,2,3,6,4.4146914934250005e-11,1.1840724599163996e-11,500,105,4.174062302278477e-12,1.987648715370703e-11,21,0,1
1878,0,1,CADC0872,5,75,16,1.2166772e-05,4.2717287692583246e-10,2.0668160946872667e-05,-1.4276078495618,-0.156765669971068,1,1,2,1,3,7.04770472962761e-11,1.127315160587682e-11,375,80,5.695638359011099e-12,2.669830480786453e-11,16,0,1
1879,0,1,CADC0872,5,100,21,1.1313047619047616e-05,5.070828454414277e-10,2.251850007086235e-05,-1.3804593217366845,-0.0400498360131197,1,1,2,2,4,5.3829299264060007e-11,1.1648618721896948e-11,500,105,5.070828454414277e-12,2.4146802163877508e-11,21,0,1
1880,0,1,CADC0872,5,75,16,1.3011560374999998e-05,4.856762845332045e-10,2.203806444616234e-05,-1.3793997419931057,-0.1499116534323444,1,1,2,1,3,7.944313045026347e-11,1.5267664687240408e-11,375,80,6.4756837937760615e-12,3.035476778332529e-11,16,0,1
1881,0,1,CADC0872,5,100,21,1.203191142857143e-05,5.971624730608122e-10,2.443690800941912e-05,-1.3359566360419024,-0.0458353258090243,1,1,2,2,5,6.227733571176499e-11,1.2470882006970635e-11,500,105,5.971624730608121e-12,2.843630824099105e-11,21,0,1
1882,0,1,CADC0872,5,75,16,1.39907220625e-05,5.581644050594737e-10,2.3625503276321413e-05,-1.3395139729822931,-0.1131337550561452,1,1,2,1,4,9.145615784346875e-11,1.4052562229995686e-11,375,80,7.442192067459651e-12,3.4885275316217113e-11,16,0,1
1883,0,1,CADC0872,5,100,21,1.0778753333333334e-05,6.559471323774318e-10,2.5611464861999435e-05,-1.271772518406875,-0.0309334253638186,1,1,2,2,4,6.729586126224001e-11,1.162927377565097e-11,500,105,6.5594713237743175e-12,3.123557773225866e-11,21,0,1
1884,0,1,CADC0872,5,75,16,1.380999125e-05,6.35966262638261e-10,2.5218371530260653e-05,-1.4152868525997042,-0.1035544429558766,1,1,2,1,4,1.0618611295724887e-10,2.2690879670077554e-11,375,80,8.479550168510147e-12,3.974789141489132e-11,16,0,1
1885,0,1,CADC0872,5,100,21,8.724665238095236e-06,6.850723495897201e-10,2.617388678797477e-05,-1.2382120663942415,-0.0177762242534491,1,1,2,1,4,7.108656298494999e-11,1.095134538844543e-11,500,105,6.850723495897202e-12,3.2622492837605715e-11,21,0,1
1886,0,1,CADC0872,5,80,17,1.1650574176470587e-05,7.052203102068746e-10,2.655598445184954e-05,-1.2790192566621408,-0.1567448010363718,1,1,2,1,6,1.0062536205047356e-10,1.2092658626729276e-11,400,85,8.815253877585932e-12,4.1483547659227917e-11,17,0,1
1887,0,1,CADC0872,5,100,21,5.38769e-06,6.109856209266667e-10,2.471812332938459e-05,-1.280557971351724,0.0233950067144236,1,1,2,1,4,6.541207634917e-11,9.310829618219946e-12,500,105,6.109856209266667e-12,2.909455337746032e-11,21,0,1
1888,0,1,CADC0872,5,85,18,7.155837222222224e-06,6.965401366618977e-10,2.6392046844871617e-05,-1.3892583554648494,-0.0918656529578828,1,1,2,1,2,8.820878508550031e-11,1.0383633421781251e-11,425,90,8.194589843081149e-12,3.869667425899432e-11,18,0,1
1889,0,1,CADC0872,5,95,20,-6.598838999999999e-07,4.996038806263311e-10,2.235182052152198e-05,-1.354142114105526,0.1232733589756821,1,1,2,1,5,5.850017536537071e-11,9.195575157234174e-12,475,100,5.258988217119274e-12,2.4980194031316557e-11,20,0,1
1890,0,0,CADC0872,5,85,18,3.102006666666667e-06,6.201133216570334e-10,2.4902074645640136e-05,-1.4215052336120046,-0.0331403271103908,1,1,2,1,4,8.139634097702215e-11,1.08560024985e-11,425,90,7.295450843023921e-12,3.445074009205741e-11,18,0,0
1891,0,1,CADC0872,5,90,19,-5.089101052631579e-06,3.47458275120662e-10,1.864023270028199e-05,-1.3845595287564068,0.1879655354886352,1,1,2,1,4,4.578620443124321e-11,8.543833633053284e-12,450,95,3.860647501340689e-12,1.8287277637929583e-11,19,0,1
1892,0,0,CADC0872,5,95,20,-2.926714e-06,5.158797151492538e-10,2.2712985606239746e-05,-1.433324461973465,0.2439503571539708,1,1,2,2,6,6.243037151115789e-11,2.349500678659876e-11,475,100,5.430312791044778e-12,2.5793985757462695e-11,20,0,0
1893,0,0,CADC0872,5,80,17,-6.113347647058824e-06,2.4389377611395915e-10,1.561709883793911e-05,-1.4473607344248764,0.0099229150287619,1,1,2,3,4,3.906096524787499e-11,1.2166966207408879e-11,400,85,3.0486722014244893e-12,1.4346692712585832e-11,17,0,0
1894,0,1,CADC0872,5,90,19,-2.911464210526316e-06,3.7013822075698225e-10,1.923897660368093e-05,-1.5101307430409376,0.0478062072179896,1,1,2,1,2,4.4772503289098766e-11,1.0602178299446372e-11,450,95,4.112646897299804e-12,1.9480958987209595e-11,19,0,1
1895,0,0,CADC0872,5,95,20,-9.92310235e-06,1.9909191341712794e-10,1.4109993388273714e-05,-1.4642882391809755,0.1546918546110145,1,1,1,4,7,2.7053948139963768e-11,2.0619967789534097e-11,475,100,2.0957043517592416e-12,9.954595670856397e-12,20,0,0
1896,0,1,CADC0872,5,85,18,-4.848388888888926e-08,3.9363404172465707e-10,1.984021274393642e-05,-1.4506258226460085,0.040556840799118,1,1,2,2,3,5.821758393828859e-11,2.868051948395625e-11,425,90,4.630988726172436e-12,2.1868557873592058e-11,18,0,1
1897,0,1,CADC0872,5,95,20,-7.995916000000001e-06,2.88300178090934e-10,1.6979404526983093e-05,-1.3833578408317964,0.1833735523947524,1,1,1,2,6,3.449912603900387e-11,1.1823910362388889e-11,475,100,3.0347387167466735e-12,1.4415008904546698e-11,20,0,1
1898,0,1,CADC0872,5,85,18,2.418256666666667e-06,4.748449435604333e-10,2.1790937188667065e-05,-1.477960424357837,0.0049247333665763,1,1,2,1,4,6.191885452956607e-11,8.629514265210936e-12,425,90,5.58641110071098e-12,2.638027464224629e-11,18,0,1
1899,0,1,CADC0872,5,100,21,-3.823205761904762e-06,4.468048369059525e-10,2.1137758559174443e-05,-1.441352643515746,0.1278169882050807,1,1,2,1,6,4.95051043796561e-11,1.5250947395968512e-11,500,105,4.468048369059525e-12,2.127642080504536e-11,21,0,1
1900,0,1,CADC0872,5,95,20,1.760690499999999e-06,5.951709690494246e-10,2.439612610742584e-05,-1.4901711199354246,0.1331332767731165,1,1,2,1,5,6.883549423650748e-11,1.719543187990989e-11,475,100,6.264957568941313e-12,2.975854845247124e-11,20,0,1
1901,0,1,CADC0872,5,90,19,1.2739657894736836e-06,5.749122569927927e-10,2.397732797858829e-05,-1.269517984905834,-0.0551890002427997,1,1,2,3,5,7.148463543568889e-11,2.201813017034256e-11,450,95,6.387913966586587e-12,3.0258539841725935e-11,19,0,1
1902,0,1,CADC0872,5,85,18,7.033657222222221e-06,6.028002577675312e-10,2.455199091250099e-05,-1.0956803977864271,-0.2045585632447,1,1,2,2,3,7.328171127666783e-11,1.3925127649781244e-11,425,90,7.091767738441544e-12,3.3488903209307287e-11,18,0,1
1903,0,1,CADC0872,5,100,21,4.259462857142858e-06,5.912179845724205e-10,2.431497449253074e-05,-1.2509562757985204,0.0887406693718939,1,1,2,1,4,6.3119591944975e-11,1.064181379881662e-11,500,105,5.912179845724205e-12,2.8153237360591447e-11,21,0,1
1904,0,0,CADC0872,5,95,20,8.530288e-06,5.78082800999926e-10,2.404335253245533e-05,-1.0300348124896477,-0.1727385379177769,1,1,2,2,6,6.33256773630338e-11,1.650029224501637e-11,475,100,6.085082115788696e-12,2.8904140049996302e-11,20,0,0
1905,0,1,CADC0872,5,85,18,1.1652245e-05,5.07005740791236e-10,2.2516787976779373e-05,-1.147221846429804,-0.1424645724110685,1,1,2,1,4,6.903736471271764e-11,9.5422668434e-12,425,90,5.9647734210733645e-12,2.8166985599513117e-11,18,0,1
1906,0,0,CADC0872,5,100,21,8.353535714285715e-06,5.792091223754244e-10,2.4066763853402157e-05,-0.9637559949577068,-0.3436828362807113,1,1,1,3,6,4.9417228958484e-11,1.2302775746645429e-11,500,105,5.792091223754245e-12,2.758138677978212e-11,21,0,0
1907,0,1,CADC0872,5,90,19,9.90276994736842e-06,5.068052595453591e-10,2.2512335719452998e-05,-1.018389186946398,-0.2317445209725342,1,1,1,1,5,5.6098695011889876e-11,1.5236684150953743e-11,450,95,5.631169550503991e-12,2.667396102870312e-11,19,0,1
1908,0,1,CADC0872,5,95,20,1.3116469999999998e-05,4.909917574505998e-10,2.2158333814856206e-05,-0.7153421208656825,-0.5061756727527479,1,1,1,1,5,4.7130930237961215e-11,1.062436164830248e-11,475,100,5.168334288953684e-12,2.454958787253e-11,20,0,1
1909,0,1,CADC0872,5,90,19,9.711220157894737e-06,4.935068662245718e-10,2.2215014432238655e-05,-0.9932461496794408,-0.2279807970478361,1,1,1,1,4,5.290494223303376e-11,8.763903469926888e-12,450,95,5.483409624717464e-12,2.5974045590766937e-11,19,0,1
1910,0,1,CADC0872,5,100,21,1.2778189047619046e-05,4.670065313402656e-10,2.161033390163756e-05,-0.919250724725444,-0.4101995289257754,1,1,1,1,6,4.268950327468899e-11,5.663162029655956e-12,500,105,4.670065313402657e-12,2.2238406254298368e-11,21,0,1
1911,0,1,CADC0872,5,85,18,9.518507888888888e-06,5.028077251901001e-10,2.2423374527267305e-05,-1.131622034296982,-0.2776706714722084,1,1,1,2,5,5.798409729266912e-11,1.4225510377655252e-11,425,90,5.915385002236473e-12,2.7933762510561124e-11,18,0,1
1912,0,1,CADC0872,5,100,21,1.246996519047619e-05,5.060565357115816e-10,2.2495700382774964e-05,-1.1075575167441696,-0.3784664979081344,1,1,1,2,5,4.8450754185093094e-11,8.726981100921473e-12,500,105,5.060565357115816e-12,2.4097930271980075e-11,21,0,1
1913,0,0,CADC0872,5,85,18,7.385436111111113e-06,4.995864630750236e-10,2.2351430895471183e-05,-1.287717127277718,-0.091790798774135,1,1,2,1,5,6.004024529115846e-11,1.2087099927137104e-11,425,90,5.877487800882632e-12,2.7754803504167987e-11,18,0,0
1914,0,0,CADC0872,5,100,21,1.3459552523809524e-05,6.101171962563665e-10,2.470055052537021e-05,-1.1789215869449523,-0.3538438865135973,1,1,1,2,5,5.6011389854697896e-11,5.314543359204727e-12,500,105,6.101171962563665e-12,2.9053199821731736e-11,21,0,0
1915,0,0,CADC0872,5,85,18,1.0562101666666667e-05,5.436743106375694e-10,2.33168246259556e-05,-1.387359724530535,-0.050705363138336,1,1,2,1,4,7.070359480338686e-11,1.8131534010062503e-11,425,90,6.3961683604419945e-12,3.020412836875386e-11,18,0,0
1916,0,1,CADC0872,5,100,21,1.0243899523809524e-05,4.776446928036711e-10,2.185508391207115e-05,-1.3954485410420856,-0.2667908079754623,1,1,1,1,4,4.656314161304e-11,6.491852794130188e-12,500,105,4.776446928036712e-12,2.2744985371603396e-11,21,0,1
1917,0,0,CADC0872,5,85,18,8.034340000000001e-06,5.213893805610778e-10,2.283395236399248e-05,-1.4764302395880946,0.0263655456689474,1,1,2,2,4,7.119721234544081e-11,2.659003361823593e-11,425,90,6.133992712483268e-12,2.896607669783765e-11,18,0,0
1918,0,0,CADC0872,5,100,21,3.800610476190477e-06,3.5564612629814744e-10,1.8858582298204376e-05,-1.435298139353821,-0.2045576920710034,1,1,2,3,7,3.838867869117e-11,1.4477084703833797e-11,500,105,3.5564612629814747e-12,1.6935529823721307e-11,21,0,0
1919,0,1,CADC0872,5,90,19,3.6493026315789456e-06,4.3936099204262986e-10,2.096093967460977e-05,-1.491031032658101,0.0563169091098774,1,1,2,2,6,5.2549601481687644e-11,1.2928931550108651e-11,450,95,4.8817888004736656e-12,2.3124262739085785e-11,19,0,1
1920,0,1,CADC0872,5,90,19,1.6760505263157896e-06,2.116518790872787e-10,1.4548260345734768e-05,-1.4558089950421624,-0.2167616475078956,1,1,2,3,4,2.840800151101358e-11,9.5588581818263e-12,450,95,2.351687545414208e-12,1.1139572583540983e-11,19,0,1
1921,0,0,CADC0872,5,95,20,7.509934999999998e-07,3.2268182137152275e-10,1.7963346608344525e-05,-1.519240289496465,0.1385044751384328,1,1,2,1,6,3.5250024182356227e-11,7.829190384339503e-12,475,100,3.3966507512791877e-12,1.613409106857614e-11,20,0,0
1922,0,1,CADC0872,5,95,20,-2.4234671000000003e-06,1.5826811042271382e-10,1.2580465429494802e-05,-1.5172810461992996,-0.0490913763490214,1,1,2,1,6,1.8024267248981252e-11,4.488853894119114e-12,475,100,1.665980109712777e-12,7.913405521135689e-12,20,0,1
1923,0,0,CADC0872,5,95,20,-4.10145635e-07,2.0988242914794188e-10,1.4487319598460646e-05,-1.5656047217867588,0.0814749198792672,1,1,2,3,6,2.483317388742372e-11,1.2475265937971984e-11,475,100,2.2092887278730728e-12,1.0494121457397095e-11,20,0,0
1924,0,1,CADC0872,5,85,18,-2.104187e-06,8.936024973070089e-11,9.45305504748073e-06,-1.3351325142085286,-0.1493872950447168,1,1,1,2,7,1.3683963374975544e-11,3.822718762998939e-12,425,90,1.0512970556553045e-12,4.964458318372272e-12,18,0,1
1925,0,1,CADC0872,5,95,20,-5.861354499999996e-07,1.6723416291987032e-10,1.2931904844989789e-05,-1.5194456893816983,0.0485234035976868,1,1,2,3,6,1.8895026358400268e-11,6.232370457639099e-12,475,100,1.7603596096828457e-12,8.361708145993516e-12,20,0,1
1926,0,1,CADC0872,5,95,20,-2.5906568e-06,1.0186682253974055e-10,1.0092909518059724e-05,-1.4110634745213542,0.1350898033168317,1,1,1,4,5,1.2788748746570548e-11,5.07935036999595e-12,475,100,1.0722823425235849e-12,5.093341126987029e-12,20,0,1
1927,0,1,CADC0872,5,95,20,1.3877605000000026e-07,1.7022034746645344e-10,1.3046852013664194e-05,-1.5321270887373009,0.1134657274057572,1,1,2,3,5,1.9667314591619164e-11,7.811295669332432e-12,475,100,1.7917931312258257e-12,8.511017373322672e-12,20,0,1
1928,0,1,CADC0872,5,90,19,-1.450146842105263e-06,1.1930001492599004e-10,1.0922454620001404e-05,-1.4238548915980114,-0.0803111413070615,1,1,2,2,5,1.61020516920321e-11,6.282862801570245e-12,450,95,1.3255557213998893e-12,6.278948153999476e-12,19,0,1
1929,0,0,CADC0872,5,95,20,1.296451e-06,1.9941598840554895e-10,1.4121472600460229e-05,-1.46645878435137,-0.0001259209826485,1,1,2,3,6,2.504912970284488e-11,1.7717834903577778e-11,475,100,2.099115667426832e-12,9.970799420277447e-12,20,0,0
1930,0,1,CADC0872,5,95,20,-5.73913e-07,1.76221864449131e-10,1.3274858358910314e-05,-1.3682216776415947,0.1159170769606244,1,1,2,4,6,2.364292378312465e-11,1.3314442074988883e-11,475,100,1.854966994201379e-12,8.811093222456549e-12,20,0,1
1931,0,1,CADC0872,5,100,21,2.338985285714285e-06,2.6445914885015776e-10,1.6262200000312313e-05,-1.4031743646510488,0.1353215435878772,1,1,2,2,5,2.7199047106159093e-11,6.811187105467351e-12,500,105,2.6445914885015778e-12,1.2593292802388467e-11,21,0,1
1932,0,1,CADC0872,5,90,19,3.4800298421052635e-06,2.9653047027037834e-10,1.72200601122754e-05,-1.3947400535506664,-0.036241007365117,1,1,2,2,7,3.617440127686433e-11,9.378469136187676e-12,450,95,3.294783003004204e-12,1.5606866856335703e-11,19,0,1
1933,0,1,CADC0872,5,100,21,5.817436857142859e-06,3.6741362424075945e-10,1.9168036525444107e-05,-1.2792908096381477,-0.0625657253820489,1,1,2,2,8,3.60989082514676e-11,1.0066539536908988e-11,500,105,3.6741362424075945e-12,1.7495886868607593e-11,21,0,1
1934,0,1,CADC0872,5,90,19,6.916547894736842e-06,4.4228645646382705e-10,2.1030607610428836e-05,-1.3347213423395736,-0.0170198030984764,1,1,2,2,3,5.389470024851358e-11,1.1904029199900352e-11,450,95,4.9142939607091894e-12,2.3278234550727738e-11,19,0,1
1935,0,1,CADC0872,5,105,22,8.06535909090909e-06,4.804922391944901e-10,2.192013319290031e-05,-1.2380398970264517,-0.0571565222814107,1,1,1,1,4,4.2735492811494335e-11,7.363626725240002e-12,525,110,4.576116563757048e-12,2.1840556327022272e-11,22,0,1
1936,0,1,CADC0872,5,470,95,-3.371988936842105e-06,4.754203014681177e-10,2.1804134962619307e-05,-1.461748355801599,-0.0622767407554387,1,1,1,18,32,2.406749694985601e-12,7.660461251282932e-13,2350,475,1.011532556315144e-12,5.004424225980186e-12,95,0,1
1937,0,1,CADC0872,5,660,133,-1.3066504887218046e-05,2.8590671448698563e-10,1.690877625634054e-05,-1.4884998485671477,-0.1236935252697928,1,1,1,35,43,9.273222119152857e-13,7.6280613158393e-13,3300,665,4.331919916469479e-13,2.1496745450149297e-12,133,0,1
1938,0,0,CADC0872,5,610,123,-1.75161935796748e-05,1.4661455260920714e-10,1.210844963689436e-05,-1.272961138311596,-0.1391727443814431,1,1,1,38,41,5.412228748145817e-13,7.807246539165029e-13,3050,615,2.4035172558886416e-13,1.19198823259518e-12,123,0,0
1939,1,1,CADC0872,5,480,97,5.594184948453608e-06,2.714402116090003e-10,1.6475442683248312e-05,-1.3550270276375522,-0.0147327999157271,3,1,1,2,3,3.3615031170676955e-11,8.070916509977308e-11,2400,485,5.655004408520839e-13,2.798352697000003e-12,97,1,1
1940,0,1,CADC0872,5,505,102,-1.890631159509804e-05,2.592045027317542e-10,1.60998292764785e-05,-1.197062233772582,-0.2805923695302887,1,1,1,26,34,1.0617379457259989e-12,7.102072238555671e-13,2525,510,5.132762430331766e-13,2.5412206150171977e-12,102,0,1
1941,0,1,CADC0872,5,435,88,5.721893681818181e-06,7.263857160327435e-10,2.6951543852490965e-05,-0.6689597049968219,-0.802144490843386,1,1,1,21,29,2.3676739819081084e-12,8.251158745518255e-13,2175,440,1.6698522207649278e-12,8.254383136735723e-12,88,0,1
1942,1,1,CADC0872,5,525,106,1.1027805310377358e-05,1.9878360408307623e-10,1.4099063943506187e-05,-1.1815836891205838,-0.0094600712060504,2,2,1,1,3,1.0458552265969379e-11,1.9796667552918124e-11,2625,530,3.786354363487167e-13,1.8753170196516626e-12,106,1,1
1943,0,1,CADC0872,5,600,121,4.668614305785124e-06,1.025412534966329e-09,3.202206325280008e-05,-1.406495380737641,-0.068382222351252,1,1,1,28,38,2.9486454537525167e-12,8.327823181977509e-13,3000,605,1.7090208916105489e-12,8.474483760052309e-12,121,0,1
1944,0,1,CADC0872,5,490,99,2.8195648585858582e-06,4.4133583722624206e-10,2.100799460268024e-05,-1.4284441722586965,-0.0949742361887295,1,1,1,21,34,2.226390708168013e-12,1.0128287897997272e-12,2450,495,9.006853820943715e-13,4.457937749760021e-12,99,0,1
1945,1,1,CADC0872,5,401,81,-1.8879913172839503e-05,2.901333194412552e-10,1.7033300309724338e-05,-1.2821003078542097,-0.2098005535002576,3,1,1,19,20,7.961135874124427e-12,1.9613949485405974e-11,2011,405,7.235244873846764e-13,3.5818928326080884e-12,81,1,1
1946,1,1,CADC0872,5,423,61,3.2986824590163933e-06,3.5344536800389387e-10,1.8800142765518933e-05,-1.454176304818026,0.0787713475903819,2,1,1,6,7,2.3213769421795554e-11,5.301344409476887e-11,17617,305,8.355682458720897e-13,5.7941863607195716e-12,61,1,1
1947,1,1,CADC0872,5,346,70,-1.0565160971428572e-05,2.6745137779327707e-10,1.6353940742013132e-05,-1.000596273947046,-0.3254217182725709,3,1,1,3,3,4.191203493568416e-11,8.022784782124378e-11,1736,350,7.729808606742111e-13,3.820733968475387e-12,70,1,1
1948,1,1,CADC0872,5,705,134,-4.6737670373134325e-06,4.2527554610465536e-10,2.0622210019894945e-05,-0.9653486898338342,-0.4739561026632691,2,2,1,5,6,7.019435190200691e-11,2.0357665359354046e-10,5325,670,6.032277249711424e-13,3.1736981052586224e-12,134,1,1
1949,1,0,CADC0872,5,640,129,-2.807474093023256e-06,3.5142935565885103e-10,1.874644914800803e-05,-0.9442069525187096,-0.3798738790315798,2,1,1,2,2,1.9081822982206188e-11,5.1396255306350005e-11,3200,645,5.491083682169547e-13,2.7242585709988453e-12,129,1,0
1950,1,1,CADC0872,5,475,96,1.066272046875e-05,3.4216677649554376e-10,1.8497750579341907e-05,-0.2682115955795616,-0.7112639414741366,2,2,1,2,3,1.8004328840821903e-11,3.5166002799645895e-11,2375,480,7.203511084116712e-13,3.5642372551619146e-12,96,1,1
1951,1,1,CADC0872,5,824,142,3.5545548450704213e-06,4.681177823633438e-10,2.1636029727363198e-05,-0.9360550922389606,-0.6065381011369992,1,1,1,2,1,2.492768171223371e-12,4.805527831043453e-12,19176,710,5.681041048098832e-13,3.2966041011503084e-12,142,1,1
1952,1,1,CADC0872,5,465,80,7.5355451375e-06,5.721083777223377e-10,2.3918787128998364e-05,-0.7158860598449315,-0.5747516098498767,1,1,1,4,8,3.738736094511428e-12,2.9474576580496927e-12,7575,400,1.2303405972523394e-12,7.151354721529223e-12,80,1,1
1953,1,0,CADC0872,5,605,122,-3.3664686344262293e-06,3.294798068618671e-10,1.8151578632776465e-05,-1.429715017736493,0.0862926753980087,2,1,1,1,4,8.100688738421924e-12,1.5111160759800697e-11,3025,610,5.445947220857307e-13,2.700654154605468e-12,122,1,0
1954,0,0,CADC0872,5,575,116,-5.578325698275862e-06,1.492508120985728e-10,1.2216824959807389e-05,-1.1037556764933858,-0.3747377136263936,1,1,1,33,40,5.520552541265807e-13,5.629447496103431e-13,2875,580,2.595666297366484e-13,1.2866449318842485e-12,116,0,0
1955,1,0,CADC0872,5,591,119,4.045802890756302e-06,1.4561930133945782e-10,1.2067282268160376e-05,-1.423918677194929,-0.1042224749277302,2,1,1,5,19,2.043707315684421e-12,3.418633166566374e-12,2961,595,2.463947569195564e-13,1.2236916078946036e-12,119,1,0
1956,1,0,CADC0872,5,655,132,2.6004598484848484e-06,7.697854347756862e-10,2.774500738467529e-05,-1.3696694097197206,-0.153468117161602,1,1,1,3,7,4.642380293655276e-12,6.277249351321537e-12,3275,660,1.175244938588834e-12,5.831707839209745e-12,132,1,0
1957,1,0,CADC0872,5,310,63,-6.07490226984127e-06,5.460767794198672e-10,2.3368285761259152e-05,-1.3335079508801628,0.0096757988052727,2,1,1,1,3,2.207857849032967e-11,3.4627432366367055e-11,1550,315,1.761537998128604e-12,8.66788538761694e-12,63,1,0
1958,0,1,CADC0872,5,275,56,3.644168428571428e-06,3.700510847262458e-10,1.923671190006873e-05,-1.071708911206779,-0.328652036609431,1,1,1,9,17,4.720148424637236e-12,6.774390749491142e-13,1375,280,1.3456403080954396e-12,6.608055084397248e-12,56,0,1
1959,0,1,CADC0872,5,225,46,-6.101513195652173e-06,7.413076547419031e-11,8.609922501055995e-06,-1.5077952105771202,0.0224363451443686,1,1,1,7,15,1.6956805246364693e-12,6.78893437368492e-13,1125,230,3.2947006877417923e-13,1.6115383798737024e-12,46,0,1
1960,0,0,CADC0872,5,271,55,3.000976127272727e-06,2.4015799631588883e-10,1.5497031855032397e-05,-1.4986225114230372,-0.0119437919662131,1,1,1,7,17,3.4512991680783586e-12,8.260672267208838e-13,1361,275,8.86191868324313e-13,4.366509023925251e-12,55,0,0
1961,1,1,CADC0872,5,281,57,4.732425087719299e-07,2.762628523936228e-10,1.662115677062288e-05,-1.2987933921195367,-0.133055752253307,2,1,1,1,2,2.089740205691867e-11,5.4024114232563007e-11,1433,285,9.831418234648498e-13,4.846716708660049e-12,57,1,1
1962,0,0,CADC0872,5,250,51,-1.4710129803921568e-05,2.6707629585220366e-10,1.634246908677522e-05,-1.1195103832864548,-0.5294902028210347,1,1,1,10,16,2.4823652879945205e-12,9.2274385189249e-13,1272,255,1.068305183408815e-12,5.236790114749091e-12,51,0,0
1963,1,1,CADC0872,5,301,61,3.65106231147541e-06,4.359278057642187e-10,2.0878884207835885e-05,-1.238481956695033,0.0031113877726803,2,1,1,1,2,3.621849509045718e-11,6.719709321399073e-11,1533,305,1.4482651354292982e-12,7.1463574715445685e-12,61,1,1
1964,0,0,CADC0872,5,270,55,-2.686129418181818e-06,3.0454919081692813e-10,1.745133779447662e-05,-1.4859578062371668,-0.0385190763755888,1,1,1,11,18,4.487389873119406e-12,1.1182511597285977e-12,1370,275,1.1279599659886229e-12,5.537258014853239e-12,55,0,0
1965,0,1,CADC0872,5,206,42,-8.6837375e-06,8.319143179523985e-11,9.120933712906804e-06,-1.064682516427942,-0.3041362710061417,1,1,1,11,14,2.08100193844936e-12,8.844123915160506e-13,1040,210,4.038419019186402e-13,1.98074837607714e-12,42,0,1
1966,0,1,CADC0872,5,260,53,4.997050716981133e-06,2.1421800815149839e-10,1.463618830677914e-05,-1.4726779020939351,0.0518231214693881,1,1,1,13,18,3.5661364837929174e-12,1.3651420248575437e-12,1300,265,8.239154159673016e-13,4.04184921040563e-12,53,0,1
1967,1,0,CADC0872,5,236,48,-6.203774458333334e-06,1.6979610868082967e-10,1.3030583589418766e-05,-0.8855683505533354,-0.4110009994251173,2,1,1,2,5,8.548472191215388e-12,1.2540580933822212e-11,1186,240,7.194750367831767e-13,3.537418930850618e-12,48,1,0
1968,0,0,CADC0872,5,276,56,-1.724191607142857e-06,5.220901717759885e-10,2.2849292588086583e-05,-1.449117211613929,-0.056340244033313,1,1,1,10,17,7.243200889283311e-12,1.8802414724664626e-12,1386,280,1.8916310571593785e-12,9.32303878171408e-12,56,0,0
1969,1,1,CADC0872,5,335,58,-1.061743655172414e-06,8.260075669951461e-10,2.8740347370815583e-05,-1.100029847021582,0.4747306260283037,2,1,1,2,4,1.5052434726494176e-10,3.6486890376640956e-10,4425,290,2.4656942298362574e-12,1.4241509775778384e-11,58,1,1
1970,0,1,CADC0872,5,220,45,3.7425108e-06,4.5445685368722787e-10,2.1317993659986577e-05,-1.475077703713269,-0.1285491445210413,1,1,1,3,16,9.570658742695324e-12,1.282681814837959e-12,1100,225,2.0657129713055814e-12,1.009904119304951e-11,45,0,1
1971,0,1,CADC0872,5,205,42,1.5397443357142858e-06,3.7993792928050684e-10,1.9491996544235967e-05,-1.49266275646847,-0.0189975306973115,1,1,1,3,14,9.216890176863288e-12,1.3940772170839109e-12,1025,210,1.8533557525878386e-12,9.046141173345404e-12,42,0,1
1972,1,1,CADC0872,5,201,32,4.21977765625e-06,1.7340883226624214e-10,1.3168478737737409e-05,-1.1294459147313782,-0.4197726761970249,1,1,1,1,3,1.328849011655312e-11,1.4878218612177883e-11,3261,160,8.627305087872744e-13,5.419026008320068e-12,32,1,1
1973,0,0,CADC0872,5,205,42,3.5078240476190675e-08,2.2763796865875079e-10,1.5087676052286872e-05,-1.4874123768358845,0.0615050978533787,1,1,1,8,12,5.635763064996785e-12,1.1151391985671317e-12,1025,210,1.1104291154085405e-12,5.419951634732161e-12,42,0,0
1974,1,1,CADC0872,5,186,38,2.7345076315789492e-08,2.4455471666385825e-10,1.5638245319212073e-05,-1.0291234720236466,-0.2831646977121878,2,1,1,2,2,3.240600932085093e-11,5.588526460072602e-11,936,190,1.3148103046443993e-12,6.435650438522585e-12,38,1,1
1975,0,0,CADC0872,5,186,38,1.521575657894737e-06,2.0256565079762919e-10,1.423255601772321e-05,-1.3515493114944666,-0.0676358028514511,1,1,1,7,11,5.6949771945637335e-12,1.2681687507375017e-12,936,190,1.089062638696931e-12,5.3306750209902416e-12,38,0,0
1976,0,1,CADC0872,5,175,36,3.1372147222222213e-06,2.2418073877745824e-10,1.4972666388371118e-05,-1.346340637318627,-0.0957137343622121,1,1,1,4,10,7.187029857835102e-12,1.846090779752596e-12,875,180,1.281032793014047e-12,6.227242743818284e-12,36,0,1
1977,0,1,CADC0872,5,185,38,2.175378294736843e-06,3.811690765303344e-10,1.952355184207869e-05,-0.9660562919701512,-0.3501398198195072,1,1,1,4,12,1.0124947264305291e-11,1.340485342688729e-12,925,190,2.060373386650456e-12,1.0030765171850904e-11,38,0,1
1978,0,1,CADC0872,5,220,45,3.767907555555557e-07,9.192009306418162e-10,3.0318326646466094e-05,-1.4999831632168557,0.0247764470149141,1,1,1,4,17,1.8890408934568743e-11,2.209750707327963e-12,1100,225,4.1781860483718906e-12,2.042668734759592e-11,45,0,1
1979,0,1,CADC0872,5,230,47,1.6009652127659569e-06,1.0931816779358454e-09,3.306329804988979e-05,-1.4747806191763255,-0.0126670512920831,1,1,1,4,15,2.0369993184046438e-11,1.7619078364532896e-12,1150,235,4.752963817112372e-12,2.3259184636932884e-11,47,0,1
1980,0,1,CADC0872,5,235,48,3.0413920000000004e-06,6.259566669007021e-10,2.501912602191976e-05,-0.7619086957003929,-0.5604007117766745,1,1,1,8,16,9.266217649733754e-12,1.8819213994621724e-12,1175,240,2.6636453910668178e-12,1.304076389376463e-11,48,0,1
1981,0,1,CADC0872,5,220,45,3.8071681777777793e-06,9.405849618637922e-10,3.066895762597406e-05,-1.4757024217930357,-0.0326150930085105,1,1,1,6,14,1.9131949870328363e-11,2.0119191709044528e-12,1100,225,4.275386190289965e-12,2.090188804141761e-11,45,0,1
1982,0,1,CADC0872,5,240,49,-1.4222716938775512e-06,8.354309709418722e-10,2.8903822773845543e-05,-1.4939921289567897,-0.0141626857398999,1,1,1,8,15,1.4782894797824783e-11,2.1206668812884163e-12,1200,245,3.480962378924468e-12,1.7049611651874943e-11,49,0,1
1983,0,1,CADC0872,5,222,45,-2.83096488888889e-07,1.9093176203334078e-10,1.3817805977554496e-05,-1.5245632533534954,0.0539887315197657,1,1,1,11,16,4.276053176331239e-12,1.3596801320055479e-12,1122,225,8.600529821321657e-13,4.24292804518535e-12,45,0,1
1984,0,1,CADC0872,5,235,48,2.746224375e-06,4.186633702713329e-10,2.0461265119032423e-05,-1.3183601146774382,-0.1546290591380444,1,1,1,5,17,7.359769269089e-12,1.1450506255342177e-12,1175,240,1.7815462564737573e-12,8.722153547319436e-12,48,0,1
1985,0,1,CADC0872,5,245,50,-3.4800887999999995e-06,4.917487656760388e-10,2.2175409030636588e-05,-1.4644593095135132,-0.0411505985640509,1,1,1,5,16,8.2104632910236e-12,1.0118310131690545e-12,1225,250,2.0071378190858725e-12,9.834975313520775e-12,50,0,1
1986,0,0,CADC0872,5,290,59,-1.1974657288135592e-06,7.292156674190695e-10,2.7003993545753e-05,-1.5020206734072816,0.0628917092846277,1,1,1,6,18,8.895738593294929e-12,1.0770721831845665e-12,1450,295,2.514536784203688e-12,1.2359587583374058e-11,59,0,0
1987,0,1,CADC0872,5,360,73,-1.9752176493150684e-06,3.77511370504808e-10,1.9429651836942627e-05,-1.3750054941202192,-0.1771324089651458,1,1,1,19,27,3.3268436773241664e-12,1.3243763441711765e-12,1800,365,1.048642695846689e-12,5.171388637052165e-12,73,0,1
1988,0,0,CADC0872,5,240,49,-1.8820476734693875e-06,1.8094698478250208e-10,1.3451653607735448e-05,-1.185418251040793,-0.2654194649154636,1,1,1,11,15,2.7939472178833058e-12,5.418879010962114e-13,1200,245,7.53945769927092e-13,3.692795607806165e-12,49,0,0
1989,0,1,CADC0872,5,250,51,4.5324282352941166e-07,4.736135697964946e-10,2.1762664584018537e-05,-0.7687576352787411,-0.5431003724970135,1,1,1,10,17,6.6892398824792e-12,1.446162971847181e-12,1250,255,1.894454279185979e-12,9.286540584244994e-12,51,0,1
1990,0,0,CADC0872,5,235,48,1.6027335416666667e-06,9.295484932278644e-10,3.0488497720088875e-05,-1.4580511813520094,-0.0805417768887699,1,1,1,8,16,1.666524683373617e-11,2.042900813994521e-12,1175,240,3.955525503097296e-12,1.9365593608913843e-11,48,0,0
1991,0,1,CADC0872,5,225,46,1.5333113260869568e-06,7.412577526836822e-10,2.7226049156711707e-05,-1.478526012201365,-0.0473901906656789,1,1,1,5,17,1.4628863981034215e-11,1.913699467714969e-12,1125,230,3.294478900816366e-12,1.6114298971384398e-11,46,0,1
1992,0,1,CADC0872,5,285,58,1.1333271034482765e-06,1.0371248502693901e-09,3.2204422837079226e-05,-1.4862782337845213,0.0636499500149535,1,1,1,2,16,1.3144658608775635e-11,1.196731853079178e-12,1447,290,3.639034562348736e-12,1.7881462935679135e-11,58,0,1
1993,0,1,CADC0872,5,240,49,1.0721045959183672e-06,3.2298069048631156e-10,1.7971663542541396e-05,-1.4349290376613355,-0.0502586374195326,1,1,1,5,14,5.667929237664903e-12,1.3491503229192536e-12,1214,245,1.3457528770262985e-12,6.591442662985951e-12,49,0,1
1994,0,1,CADC0872,5,235,48,6.82788125e-07,2.2549305764398207e-10,1.5016426260731348e-05,-1.471223362404603,-0.0249272299338144,1,1,1,8,15,4.234730670823354e-12,1.017149746276318e-12,1175,240,9.595449261446045e-13,4.697772034249626e-12,48,0,1
1995,0,1,CADC0872,5,195,40,6.926226825000002e-06,4.489386664377762e-10,2.1188172796109064e-05,-1.222798325420107,-0.3614530458577419,1,1,1,3,11,9.332028529602198e-12,7.633170057589816e-13,975,200,2.302249571475775e-12,1.1223466660944405e-11,40,0,1
1996,1,0,CADC0872,5,205,42,-1.1796900404761904e-05,5.718092690596859e-10,2.3912533723127e-05,2.4103194897344817,0.8051178161510765,2,2,1,2,4,4.309822426757149e-10,1.2865259129061767e-09,1025,210,2.789313507608224e-12,1.3614506406182996e-11,42,1,0
1997,1,1,CADC0872,5,295,37,-3.710702432432433e-05,4.416109882994887e-11,6.645381767058148e-06,-1.2837920932162326,0.3522458095427211,1,1,0,2,2,6.504589866820991e-12,1.3006116853142864e-11,15275,185,1.496986401015216e-13,1.1935432116202397e-12,37,1,1
1998,0,1,CADC0872,5,400,81,-2.1314777160493823e-05,2.1305354472988947e-10,1.4596353816275127e-05,-1.3817867183891692,-0.1086869859754538,1,1,1,21,25,1.4426161160484378e-12,5.411675655389521e-13,2000,405,5.326338618247238e-13,2.630290675677648e-12,81,0,1
1999,0,0,CADC0872,5,435,88,-2.7928586136363632e-06,4.3002136760964767e-10,2.073695656574628e-05,-1.50209336677549,0.0693872563488023,1,1,1,22,31,2.69047385559709e-12,1.4237397148813189e-12,2175,440,9.885548680681556e-13,4.8866064501096324e-12,88,0,0
2000,1,1,CADC0872,5,305,62,2.7018313387096777e-06,3.503179669074109e-10,1.8716783027737724e-05,0.2751138813205216,0.3768986283623968,3,1,1,2,3,1.9377831669650744e-10,5.680516372283762e-10,1525,310,1.148583498057085e-12,5.650289788829208e-12,62,1,1
2001,0,1,CADC0872,5,225,46,7.037503478260868e-06,1.6455144969176178e-10,1.2827760899383874e-05,-1.435084843744962,-0.1503978141112555,1,1,1,10,14,3.4485326203402464e-12,6.794137904066114e-13,1125,230,7.313397764078304e-13,3.5772054280817785e-12,46,0,1
2002,0,1,CADC0872,5,325,66,2.217263072727273e-06,2.2933934068240543e-10,1.5143953931599418e-05,-1.4937155363258623,0.0692127223517155,1,1,1,15,24,2.372294702010875e-12,7.453228021299936e-13,1625,330,7.056595097920168e-13,3.4748384951879613e-12,66,0,1
2003,0,1,CADC0872,5,241,49,1.153726530612245e-06,6.082568671503574e-10,2.4662864131125517e-05,-1.4430754377350496,-0.0557719610448765,1,1,1,6,18,1.0570786615906252e-11,1.4605018950472653e-12,1231,245,2.523887415561649e-12,1.241340545204811e-11,49,0,1
2004,0,1,CADC0872,5,270,55,2.538369581818181e-06,3.784014593546802e-10,1.9452543775935327e-05,-1.4983806612712551,-0.0012458760428061,1,1,1,6,19,5.2256865114257655e-12,6.231670474660108e-13,1350,275,1.4014868864988157e-12,6.880026533721459e-12,55,0,1
2005,0,1,CADC0872,5,195,40,-1.41659925e-05,4.643123757086375e-11,6.814047077241524e-06,-1.3543954279603283,-0.154427429976711,1,1,1,12,15,1.4015716015425377e-12,8.970730295232676e-13,975,200,2.381089106198141e-13,1.1607809392715938e-12,40,0,1
2006,0,1,CADC0872,5,315,64,4.088207656249999e-06,6.576752568528873e-10,2.56451799926007e-05,-1.3040683856051445,-0.0546984306854673,1,1,1,6,20,7.084962960949601e-12,7.578763533716675e-13,1575,320,2.087857958263134e-12,1.0276175888326364e-11,64,0,1
2007,1,1,CADC0872,5,295,45,-1.078147862222222e-05,3.164439972399922e-10,1.7788872849059106e-05,-0.9404732282351668,-0.7609767107088559,1,0,0,2,9,3.563345971352221e-12,4.267483102240388e-12,7475,225,1.0726915160677701e-12,7.032088827555382e-12,45,1,1
2008,1,1,CADC0872,5,250,43,5.071793023255815e-06,4.3865254145216057e-10,2.094403355259346e-05,-1.3948281468525303,-0.3634894945104616,1,1,1,2,2,1.665746959804739e-11,1.1186018187480787e-11,3050,215,1.7546101658086425e-12,1.0201221894236291e-11,43,1,1
2009,0,1,CADC0872,5,275,56,1.2552323928571428e-06,4.207725369914128e-10,2.051274084542124e-05,-1.4668700504926957,-0.0529647648211193,1,1,1,11,18,5.833809604869144e-12,1.6983813199929988e-12,1375,280,1.5300819526960464e-12,7.513795303418085e-12,56,0,1
2010,0,1,CADC0872,5,250,51,-3.0286641960784315e-06,1.3446491040224963e-10,1.1595900586079964e-05,-1.0782339000663963,-0.2665642936639306,1,1,1,14,15,2.231981118256e-12,1.1434961430253059e-12,1250,255,5.378596416089986e-13,2.6365668706323456e-12,51,0,1
2011,0,1,CADC0872,5,230,47,6.185928723404255e-06,1.3687627176717708e-10,1.1699413308673948e-05,-1.388805222079884,-0.1331804259896825,1,1,1,11,14,2.7288972867582705e-12,1.3925089931384699e-12,1150,235,5.95114225074683e-13,2.9122611014292996e-12,47,0,1
2012,0,1,CADC0872,5,315,64,4.941079546875e-06,4.348741945391201e-10,2.08536374414422e-05,-1.482589367485454,-0.0385579986640495,1,1,1,11,24,4.53517538628879e-12,8.456742782615441e-13,1575,320,1.3805529985368893e-12,6.794909289673752e-12,64,0,1
2013,1,1,CADC0872,5,240,49,3.871657979591837e-06,5.558118690188564e-10,2.3575662642200677e-05,-0.9654069226587798,-0.2239701504739549,3,1,1,3,4,7.72860905729397e-11,1.682824372571117e-10,1200,245,2.3158827875785684e-12,1.1343099367731762e-11,49,1,1
2014,0,1,CADC0872,5,225,46,5.068784673913043e-06,4.2312247004127804e-10,2.0569940934316705e-05,-1.3702938718365494,-0.0805610454042291,1,1,1,5,15,8.231357928628411e-12,1.1324042876171952e-12,1125,230,1.880544311294569e-12,9.19831456611474e-12,46,0,1
2015,0,1,CADC0872,5,240,49,-3.3475531632653068e-06,3.6427041194254355e-10,1.9085869431140507e-05,-1.500544362312287,0.0041571255349618,1,1,1,6,18,6.429755753525347e-12,1.2711571012221593e-12,1200,245,1.5177933830939317e-12,7.434090039643747e-12,49,0,1
2016,0,1,CADC0872,5,245,50,1.3686058400000003e-06,3.2143384377601915e-10,1.7928576178158128e-05,-1.421337383888455,-0.0759496627851173,1,1,1,11,20,5.469864454356731e-12,1.2513541143711585e-12,1225,250,1.3119748725551802e-12,6.428676875520383e-12,50,0,1
2017,1,0,CADC0872,5,260,53,3.4311902641509435e-06,2.4186905859403906e-10,1.5552140000464217e-05,-1.3573815447577673,-0.1663525178179567,3,1,1,3,3,1.945309352668816e-11,4.195388991500953e-11,1300,265,9.302656099770734e-13,4.563567143283757e-12,53,1,0
2018,0,0,CADC0872,5,240,49,1.892446734693877e-06,3.1058357384247507e-10,1.762338145312854e-05,-1.4351218835613058,-0.0514709892548752,1,1,1,9,17,5.515267310874827e-12,1.3196443729243101e-12,1200,245,1.2940982243436462e-12,6.338440282499491e-12,49,0,0
2019,0,1,CADC0872,5,215,44,-7.76722493181818e-06,2.060523855133377e-10,1.4354524914233062e-05,-1.4967065876745025,-0.0120813245858241,1,1,1,9,14,4.789885974199283e-12,1.4127169681598593e-12,1075,220,9.583831884341289e-13,4.683008761666766e-12,44,0,1
2020,0,1,CADC0872,5,260,53,-4.217315094339623e-07,7.436648674076768e-10,2.727021942353374e-05,-1.379160991290325,-0.0577511293246552,1,1,1,5,17,1.0782885125182543e-11,1.176464535564014e-12,1300,265,2.8602494900295266e-12,1.403141259259768e-11,53,0,1
2021,0,1,CADC0872,5,227,47,1.0171093617021282e-06,5.068270463094571e-10,2.2512819599274032e-05,-1.489301475519626,0.0003983578572911,1,1,1,6,14,9.584282438823818e-12,1.2976219983565434e-12,1129,235,2.232718265680428e-12,1.078355417679696e-11,47,0,1
2022,1,1,CADC0872,5,235,40,-2.0241685e-06,4.4293804398887774e-10,2.1046093318924485e-05,0.4396557477427865,0.8017510297206263,3,1,1,3,3,2.562069588280245e-10,8.61022126448005e-10,2975,200,1.884842740378204e-12,1.1073451099721948e-11,40,1,1
2023,0,0,CADC0872,5,250,51,6.863399019607844e-07,3.5525521367092e-10,1.8848215132232547e-05,-1.454770159572533,-0.0401603273283365,1,1,1,7,15,5.8725966661630004e-12,1.5117331510271766e-12,1250,255,1.42102085468368e-12,6.965788503351373e-12,51,0,0
2024,0,1,CADC0872,5,235,48,-9.0702715e-07,1.5316122437890952e-10,1.2375832270150944e-05,-1.1484399384977733,-0.1836705560119746,1,1,1,10,16,2.915566376175387e-12,1.174115801698125e-12,1175,240,6.517498909740831e-13,3.1908588412272816e-12,48,0,1
2025,0,1,CADC0872,5,220,45,4.705147708888888e-06,1.3989396297407915e-10,1.1827677835233725e-05,-1.497041897456654,0.0093894621216489,1,1,1,8,15,3.099915294010408e-12,1.1401860704129446e-12,1100,225,6.358816498821779e-13,3.1087547327573147e-12,45,0,1
2026,1,1,CADC0872,5,220,45,-5.373102222222227e-07,6.083054350272955e-10,2.466384874725142e-05,-1.149009005201655,-0.2904759665055366,1,1,1,3,3,2.603506795644008e-11,3.334006068772244e-11,1100,225,2.7650247046695248e-12,1.3517898556162122e-11,45,1,1
2027,0,1,CADC0872,5,220,45,7.21340688888889e-06,5.210523883782836e-10,2.282657198044165e-05,-1.4976287221366305,-0.0017170857315178,1,1,1,6,14,1.0836617957533467e-11,1.6412923495665765e-12,1100,225,2.368419947174017e-12,1.1578941963961859e-11,45,0,1
2028,0,1,CADC0872,5,225,46,2.8724782608694764e-08,3.9815848682103364e-10,1.9953909061159763e-05,-1.4400924643568,-0.0328161968235832,1,1,1,8,16,8.052227640426665e-12,1.3634577153477276e-12,1125,230,1.7695932747601497e-12,8.655619278718125e-12,46,0,1
2029,0,1,CADC0872,5,235,48,-2.7431883333333344e-07,4.32804834045819e-10,2.0803961979532146e-05,-1.4832892554032633,-0.0093221659427433,1,1,1,5,14,7.829785247383388e-12,1.0571960312814445e-12,1175,240,1.841722698067315e-12,9.016767375954562e-12,48,0,1
2030,0,1,CADC0872,5,240,49,1.3573850204081631e-06,2.651341369924146e-10,1.6282940059842223e-05,-1.3992044930298932,-0.1156962141563571,1,1,1,11,16,4.821113881076493e-12,1.6095046098060119e-12,1200,245,1.1047255708017275e-12,5.410900754947237e-12,49,0,1
2031,0,1,CADC0872,5,225,46,2.043107913043478e-06,3.430979035859673e-10,1.8522902137245325e-05,-1.4016356920672348,-0.079119221989014,1,1,1,5,14,6.5411246966313286e-12,7.703515302377196e-13,1125,230,1.5248795714931884e-12,7.458650077955813e-12,46,0,1
2032,0,1,CADC0872,5,205,42,-6.796630476190475e-06,2.9131665179129027e-10,1.7068000814134333e-05,-1.4310063893254672,0.0226181762553665,1,1,1,4,11,6.894410191041762e-12,8.866031962087509e-13,1025,210,1.4210568380062941e-12,6.9361107569354826e-12,42,0,1
2033,0,1,CADC0872,5,215,44,5.9175781818181816e-06,7.065265938979694e-10,2.6580567975458488e-05,-1.15290334187831,-0.2353269205648376,1,1,1,3,11,1.3558579797202269e-11,9.516724721677987e-13,1075,220,3.2861702041766018e-12,1.6057422588590212e-11,44,0,1
2034,0,1,CADC0872,5,225,46,-8.688482826086955e-07,8.094559537842458e-10,2.8450939418308247e-05,-1.4898828843344318,0.0005583185207966,1,1,1,2,11,1.5891104061193184e-11,1.7926023138946437e-12,1125,230,3.5975820168188708e-12,1.7596868560527084e-11,46,0,1
2035,0,1,CADC0872,5,220,45,5.636126888888887e-07,6.32161648796707e-10,2.5142824996342536e-05,-1.46516991382282,-0.0177599382128339,1,1,1,6,14,1.314633251554484e-11,1.952294917708217e-12,1100,225,2.873462039985032e-12,1.4048036639926822e-11,45,0,1
2036,0,0,CADC0872,5,245,50,3.45461304e-06,3.2424710538380645e-10,1.8006862730187244e-05,-1.1539485543674133,-0.2797531648863802,1,1,1,8,17,5.344393516968827e-12,1.4395605601353258e-12,1225,250,1.3234575729951284e-12,6.484942107676129e-12,50,0,0
2037,0,1,CADC0872,5,225,46,-2.792316521739137e-07,2.6789240493954535e-10,1.6367419006659096e-05,-1.0938299336310968,-0.2928684136997347,1,1,1,3,15,4.847990506775624e-12,8.439774521053231e-13,1125,230,1.190632910842424e-12,5.823747933468379e-12,46,0,1
2038,0,1,CADC0872,5,215,44,7.702657954545446e-07,4.3224293072768285e-10,2.0790452874521107e-05,-1.4690274020233642,-0.0168404581356361,1,1,1,7,14,9.338902011236208e-12,1.8927670990842963e-12,1075,220,2.0104322359427118e-12,9.823702971083704e-12,44,0,1
2039,0,1,CADC0872,5,231,47,2.659975744680851e-06,6.933844055347692e-10,2.633219332935958e-05,-1.3433433281585607,-0.1254392731801853,1,1,1,4,12,1.2919472976740074e-11,1.1564135983920984e-12,1161,235,3.001664093224109e-12,1.4752859692229133e-11,47,0,1
2040,0,0,CADC0872,5,250,51,3.001022098039216e-06,7.287378901055506e-10,2.6995145676686963e-05,-1.1976302492715116,-0.2220113897676286,1,1,1,7,18,1.0352068418771158e-11,1.823639704631047e-12,1250,255,2.914951560422203e-12,1.428897823736374e-11,51,0,0
2041,0,0,CADC0872,5,190,39,-9.528309358974358e-06,1.4948776122670719e-10,1.222651876973602e-05,-1.023284968911746,-0.3689711613874281,1,1,1,8,14,3.5820819816176537e-12,9.805916665386222e-13,950,195,7.867776906668799e-13,3.8330195186335175e-12,39,0,0
2042,0,0,CADC0872,5,255,52,2.0454179807692304e-06,8.171366298459965e-10,2.8585601792615745e-05,-1.4555853855980172,-0.013965124045854,1,1,1,1,17,1.2679508706654268e-11,9.73457259909e-13,1275,260,3.2044573719450842e-12,1.5714165958576854e-11,52,0,0
2043,0,1,CADC0872,5,220,45,-2.588592555555556e-06,4.82975821958125e-10,2.1976710899452743e-05,-0.8788411344468554,-0.611740100982194,1,1,1,8,14,6.118875665544732e-12,1.0098046016132236e-12,1100,225,2.1953446452642045e-12,1.073279604351389e-11,45,0,1
2044,0,1,CADC0872,5,225,46,3.890899086956522e-06,4.99780867463359e-10,2.23557792855306e-05,-0.8033842929099504,-0.5128962255934782,1,1,1,3,15,7.945194987541268e-12,6.322300912536856e-13,1125,230,2.221248299837151e-12,1.086480146659476e-11,46,0,1
2045,0,1,CADC0872,5,235,48,1.7362872916666668e-06,7.625801550870738e-10,2.761485388494884e-05,-1.4580165273557566,-0.0460230703596639,1,1,1,4,15,1.3502212330864737e-11,1.5174087013313817e-12,1175,240,3.24502193654074e-12,1.588708656431404e-11,48,0,1
2046,0,1,CADC0872,5,211,43,-1.1140367441860465e-06,4.272914906079848e-10,2.067103022609141e-05,-1.38238328723924,-0.1140612843107516,1,1,1,5,13,9.313548650681632e-12,1.1587106211785837e-12,1061,215,2.025078154540212e-12,9.93701140948802e-12,43,0,1
2047,0,1,CADC0872,5,235,48,2.9478083541666664e-06,2.951184999271485e-10,1.7179013357208514e-05,-1.3749994884505523,-0.0923911776893706,1,1,1,6,19,5.165145183641465e-12,1.185492428303401e-12,1175,240,1.255823403945313e-12,6.148302081815595e-12,48,0,1
2048,0,1,CADC0872,5,237,48,2.543127645833333e-06,1.794168282094284e-10,1.3394656703679584e-05,-1.4445769502133607,-0.0030486587964504,1,1,1,4,15,3.3758279102038498e-12,4.536014789646708e-13,1199,240,7.570330304195291e-13,3.737850587696425e-12,48,0,1
2049,0,1,CADC0872,5,229,46,-9.333506521739097e-08,1.6492920295395704e-10,1.2842476511715216e-05,-1.503451314818584,-0.0128781397256037,1,1,1,5,14,3.2905121107604694e-12,5.627190412156822e-13,1169,230,7.202148600609478e-13,3.585417455520805e-12,46,0,1
2050,0,1,CADC0872,5,235,48,1.7989268124999996e-06,1.4142479971755542e-10,1.1892215929655643e-05,-1.460208574613688,-0.0142909271471164,1,1,1,11,16,2.676570169956978e-12,7.022371805290186e-13,1175,240,6.018076583725762e-13,2.946349994115738e-12,48,0,1
2051,0,1,CADC0872,5,226,46,3.780932934782609e-06,1.491759254384509e-10,1.2213759676629096e-05,-1.4774042866817647,-0.0377659512697425,1,1,1,7,15,3.090893710236113e-12,7.796109862358308e-13,1136,230,6.600704665418181e-13,3.242954900835889e-12,46,0,1
2052,0,1,CADC0872,5,250,51,1.866454921568627e-06,5.70220809449375e-10,2.3879296669905814e-05,-1.443251017789596,-0.0224849176221137,1,1,1,4,18,9.05120039059244e-12,1.0286567681515525e-12,1250,255,2.2808832377975e-12,1.1180800185281864e-11,51,0,1
2053,1,1,CADC0872,5,225,46,-1.1464999782608693e-06,2.920587197669789e-10,1.7089725561488076e-05,-0.5332121014135613,-0.423526214619388,3,1,1,2,4,4.3519254388447936e-11,8.255584960082022e-11,1125,230,1.2980387545199064e-12,6.349102603629977e-12,46,1,1
2054,0,1,CADC0872,5,245,50,6.641711179999999e-06,7.162696627920706e-10,2.6763214732017352e-05,-0.7804901007832994,-0.5870695631137711,1,1,1,6,18,9.24043025273644e-12,1.6181949369990137e-12,1225,250,2.923549644049268e-12,1.4325393255841414e-11,50,0,1
2055,0,1,CADC0872,5,265,54,5.6881284259259255e-06,1.026029118418024e-09,3.203168928448864e-05,-1.407236277116529,-0.0902641879606272,1,1,1,6,19,1.4033993545353987e-11,1.631225667984247e-12,1325,270,3.871807994030279e-12,1.900053922996341e-11,54,0,1
2056,0,1,CADC0872,5,210,43,-5.731291599999998e-06,4.0859341818657455e-10,2.0213693828357413e-05,-1.5240908734978484,0.0197633161964641,1,1,1,4,11,9.2728503749092e-12,1.2100567908698461e-12,1050,215,1.945682943745593e-12,9.502172515966849e-12,43,0,1
2057,0,1,CADC0872,5,255,52,3.487004423076924e-06,8.054077326889325e-10,2.837970635311318e-05,-1.5027936032551985,0.0029388158108115,1,1,1,5,16,1.2487092946204617e-11,1.508857415395999e-12,1275,260,3.158461696819344e-12,1.5488610244017934e-11,52,0,1
2058,0,0,CADC0872,5,256,52,2.5952745e-06,4.801447025547803e-10,2.191220442024901e-05,-1.4978255065060837,0.0029250640397772,1,1,1,7,16,7.443739260937545e-12,1.0632090531499209e-12,1286,260,1.875565244354611e-12,9.233551972207317e-12,52,0,0
2059,0,1,CADC0872,5,261,53,-1.782453471698113e-06,3.0814253568243047e-10,1.7553989167207277e-05,-1.490180818525342,-0.0002370851683991,1,1,1,7,18,4.728935913667634e-12,9.942356078952565e-13,1311,265,1.1806227420782777e-12,5.8140101072156696e-12,53,0,1
2060,0,1,CADC0872,5,245,50,7.064198500000001e-06,5.163320264178197e-10,2.2722940531934236e-05,-1.4669161669155064,-0.0407035684468966,1,1,1,8,19,8.77131827882747e-12,1.4182803708243681e-12,1225,250,2.107477658848244e-12,1.0326640528356394e-11,50,0,1
2061,0,1,CADC0872,5,220,45,-3.786227044444444e-06,6.078579653982617e-10,2.465477571178172e-05,-1.3048457237353313,-0.1500278700881482,1,1,1,5,14,1.1864459244035489e-11,1.8861450954656693e-12,1100,225,2.7629907518102797e-12,1.3507954786628036e-11,45,0,1
2062,0,1,CADC0872,5,255,52,-6.024436538461535e-07,1.0555071532848655e-09,3.2488569578928305e-05,-1.5000571762907648,0.0132834454723616,1,1,1,4,16,1.6198297343170012e-11,1.801294926168001e-12,1275,260,4.139243738372021e-12,2.029821448624741e-11,52,0,1
2063,0,1,CADC0872,5,220,45,-6.672847511111111e-06,3.219771422456184e-10,1.7943721527197707e-05,-0.4981591962125802,-0.7845009995268448,1,1,1,10,16,4.523463770643157e-12,1.1612517653432725e-12,1100,225,1.4635324647528108e-12,7.155047605458186e-12,45,0,1
2064,0,1,CADC0872,5,235,48,3.7476030833333335e-06,6.115317815603008e-10,2.472916863868053e-05,-0.8247891997365837,-0.5452023179772262,1,1,1,5,15,8.415105667291461e-12,1.0984822384632085e-12,1175,240,2.6022629002565988e-12,1.2740245449172931e-11,48,0,1
2065,1,0,CADC0872,5,345,70,1.1100248445714289e-05,8.462866464431917e-10,2.909100628103455e-05,-0.6553961362825231,-0.7469891619279626,3,1,1,3,3,9.127397356097529e-11,2.3229013095952767e-10,1725,350,2.4530047722991063e-12,1.2089809234902736e-11,70,1,0
2066,0,0,CADC0872,5,380,77,-1.340854486883117e-05,4.892700361361503e-10,2.211944927289444e-05,-1.476610485869116,-0.0885617786041153,1,1,1,19,25,3.6692226660592575e-12,9.844937666026825e-13,1932,385,1.2875527266740801e-12,6.354156313456499e-12,77,0,0
2067,0,1,CADC0872,5,240,49,-2.3052229163265304e-05,2.87881267557119e-10,1.6967064199711128e-05,-1.51903833834972,0.0130461558594259,1,1,1,10,14,5.428127375573035e-12,1.6730982878067657e-12,1210,245,1.199505281487996e-12,5.8751279093289585e-12,49,0,1
2068,1,0,CADC0872,5,250,27,-2.293999433333333e-05,3.2269981254756456e-10,1.79638473759817e-05,-0.7263132530339496,0.621775650074938,1,1,0,1,1,6.548432013533241e-11,1.2321673837738219e-10,16250,135,1.2907992501902585e-12,1.1951844909169058e-11,27,1,0
2069,1,1,CADC0872,5,250,51,9.016336519607842e-06,3.828828020776236e-10,1.95673912946418e-05,-1.046049035116299,-0.3423723032234838,1,1,1,5,7,9.681369791676527e-12,9.061556303678248e-12,1250,255,1.5315312083104945e-12,7.507505923090658e-12,51,1,1
2070,1,1,CADC0872,5,321,65,-2.84764764e-06,3.901940336588528e-10,1.975332968536831e-05,-1.4264841179812764,0.1220441738228388,2,1,1,9,10,1.7636711973765158e-11,4.2478022664613786e-11,1617,325,1.2155577372549932e-12,6.0029851332131196e-12,65,1,1
2071,1,1,CADC0872,5,240,49,-1.4941875342857145e-05,1.4962660395157779e-10,1.2232195385603427e-05,-1.4425646090428537,-0.1935645959365123,3,1,1,3,6,3.9987172363877215e-11,8.324393643922812e-11,1200,245,6.234441831315742e-13,3.0536041622770977e-12,49,1,1
2072,1,1,CADC0872,5,245,50,-1.295550108e-05,1.1414847411988591e-10,1.0684028927323529e-05,-1.3357697192577875,-0.1694695980992651,2,2,1,1,2,4.404785011841059e-11,9.065094585464782e-11,1225,250,4.659121392648405e-13,2.2829694823977186e-12,50,1,1
2073,1,1,CADC0872,5,270,55,1.0273315727272727e-05,4.718557150055821e-10,2.1722240101002065e-05,0.2405576021230548,-0.6819903080093447,2,1,1,1,2,3.8858449726644756e-10,1.3086576440119082e-09,1350,275,1.7476137592799341e-12,8.579194818283313e-12,55,1,1
2074,0,1,CADC0872,5,75,16,2.931040625e-06,3.438874217229684e-10,1.8544201835694317e-05,-1.4696432161398514,-0.0377615236355649,1,1,2,1,2,5.668640841838223e-11,6.9396038963632656e-12,375,80,4.585165622972912e-12,2.1492963857685524e-11,16,0,1
2075,0,1,CADC0872,5,70,15,-9.888173333333331e-07,2.529827389281129e-10,1.59054311141859e-05,-1.4748536384448976,-0.0301550051781692,1,1,2,1,2,4.7487043643877545e-11,6.7658445048686356e-12,350,75,3.6140391275444715e-12,1.6865515928540864e-11,15,0,1
2076,0,0,CADC0872,5,75,16,2.9166675e-06,4.914113476941813e-10,2.216779979371388e-05,-1.4349233854049597,-0.0599489939151406,1,1,2,1,2,7.970614006075552e-11,9.67571194803878e-12,375,80,6.552151302589084e-12,3.071320923088633e-11,16,0,0
2077,0,1,CADC0872,5,75,16,2.153553125e-06,5.855112924799088e-10,2.4197340607593825e-05,-1.4898030105773803,0.0043794418684879,1,1,2,1,2,9.568583772431556e-11,1.313840302941224e-11,375,80,7.806817233065452e-12,3.659445577999431e-11,16,0,1
2078,0,1,CADC0872,5,75,16,9.243531250000004e-07,6.177764107128588e-10,2.4855108342408387e-05,-1.4991053482700742,-0.0562785862190873,1,1,2,1,2,1.0107079425711556e-10,1.1967406360648982e-11,375,80,8.237018809504785e-12,3.8611025669553676e-11,16,0,1
2079,0,0,CADC0872,5,75,16,-3.328106250000004e-07,6.087369658019933e-10,2.4672595441136576e-05,-1.4655910589011512,0.0039295957343228,1,1,2,1,3,9.926108290550663e-11,1.3328929979367343e-11,375,80,8.116492877359911e-12,3.804606036262459e-11,16,0,0
2080,0,1,CADC0872,5,80,17,1.5621015294117643e-06,8.101519677897642e-10,2.846316861822949e-05,-1.4749160546471771,-0.0089870085963247,1,1,2,1,2,1.1517457211971544e-10,1.4654139171321067e-11,400,85,1.0126899597372054e-11,4.7655998105280256e-11,17,0,1
2081,0,0,CADC0872,5,75,16,5.676996875e-06,7.10286075263184e-10,2.665119275498161e-05,-1.397879309936597,-0.142112802074285,1,1,2,1,3,1.1378769042326219e-10,1.1505241952626537e-11,375,80,9.47048100350912e-12,4.4392879703949e-11,16,0,0
2082,0,1,CADC0872,5,75,16,-3.1579923750000005e-06,3.7888032569832706e-10,1.9464848463276747e-05,-1.48774156271512,-0.0484403372954453,1,1,2,1,1,6.22929671518441e-11,6.539286014313142e-12,375,80,5.051737675977695e-12,2.3680020356145444e-11,16,0,1
2083,0,0,CADC0872,5,85,18,3.213416666666665e-06,7.706097253797112e-10,2.7759858165698743e-05,-1.4967904933856455,-0.0120567053175909,1,1,2,1,2,9.861508661554048e-11,1.0344755067010942e-11,425,90,9.065996769173072e-12,4.281165140998396e-11,18,0,0
2084,1,1,CADC0872,5,110,23,3.7984639130434778e-06,2.7175452747894554e-10,1.6484978843751835e-05,-1.208027091501764,-0.1825681424103514,2,1,3,1,1,1.972943785391901e-10,5.724663369044202e-10,550,115,2.4704957043540505e-12,1.1815414238215024e-11,23,1,1
2085,0,0,CADC0872,5,85,18,2.3334706111111112e-06,2.290062201694264e-10,1.513295146920872e-05,-0.8679530693038591,-0.5139861933944764,1,1,1,1,3,2.3047487087572853e-11,2.608824030743734e-12,425,90,2.6941908255226638e-12,1.2722567787190354e-11,18,0,0
2086,0,1,CADC0872,5,80,17,4.332567647058821e-07,2.8933996086553215e-10,1.7009995910215033e-05,-1.2254424643131945,-0.2440121800915257,1,1,2,1,3,3.818512355245313e-11,5.575072891512222e-12,400,85,3.616749510819153e-12,1.7019997697972482e-11,17,0,1
2087,0,0,CADC0872,5,80,17,2.232614117647059e-06,4.4512989212621247e-10,2.1098101623753084e-05,-1.474725366095179,-0.0649144295632851,1,1,2,1,2,6.412415063598594e-11,6.618021237795555e-12,400,85,5.564123651577657e-12,2.6184111301541912e-11,17,0,0
2088,0,1,CADC0872,5,75,16,-7.394134375000001e-07,2.9870452988447723e-10,1.7283070615040525e-05,-1.456635617472789,-0.1144862740743055,1,1,2,1,3,4.8736140480989996e-11,1.1109613284953564e-11,375,80,3.982727065126363e-12,1.8669033117779827e-11,16,0,1
2089,0,0,CADC0872,5,80,17,1.678713529411765e-06,3.707985849253052e-10,1.9256131099608383e-05,-1.505885760246021,-0.0181237717871774,1,1,2,1,2,5.3992461648981246e-11,6.512658651613335e-12,400,85,4.634982311566315e-12,2.1811681466194422e-11,17,0,0
2090,1,0,CADC0872,5,80,17,2.685872352941177e-06,3.7401666662710025e-10,1.933951050639856e-05,-1.4521920750094266,-0.2107112557174982,2,1,3,1,1,2.905624138269358e-10,6.256942307160224e-10,400,85,4.675208332838754e-12,2.200098038982943e-11,17,1,0
2091,0,1,CADC0872,5,75,16,1.413745e-06,3.448504979247375e-10,1.8570150724340866e-05,-1.4463887261437556,-0.0873606192902045,1,1,2,2,2,5.733720455926221e-11,7.0592252467244864e-12,375,80,4.5980066389965e-12,2.1553156120296093e-11,16,0,1
2092,0,1,CADC0872,5,80,17,-1.378267482352942e-06,2.374367032475255e-10,1.5408981252747553e-05,-1.3600789863422622,-0.0727618179282667,1,1,2,1,2,3.398272198072763e-11,5.890285714600237e-12,400,85,2.967958790594069e-12,1.3966864896913263e-11,17,0,1
2093,0,1,CADC0872,5,75,16,1.33123375e-06,2.4088817590853597e-10,1.5520572666900405e-05,-1.3703439114659812,-0.1643775951012981,1,1,2,1,3,3.5246585037973336e-11,4.784084847737242e-12,375,80,3.211842345447146e-12,1.5055510994283498e-11,16,0,1
2094,0,0,CADC0872,5,80,17,3.5728358411764702e-06,1.7083377841962215e-10,1.307033964438653e-05,-1.0984432272045366,-0.3092022942322051,1,1,2,1,2,2.4989399424892816e-11,3.698584442478687e-12,400,85,2.1354222302452773e-12,1.004904578938954e-11,17,0,0
2095,0,1,CADC0872,5,80,17,9.156646470588234e-07,5.80005859829589e-10,2.4083310815367333e-05,-1.487442787773872,-0.0229128601189434,1,1,2,1,3,8.330522729224357e-11,9.314586647766623e-12,400,85,7.250073247869864e-12,3.4117991754681706e-11,17,0,1
2096,0,1,CADC0872,5,75,16,-6.319737500000005e-07,4.867964166277483e-10,2.2063463386960543e-05,-1.493405202689802,-0.0447069283985548,1,1,2,1,1,7.974958007195555e-11,1.0161607331448972e-11,375,80,6.490618888369979e-12,3.042477603923428e-11,16,0,1
2097,0,1,CADC0872,5,75,16,2.391851249999999e-06,5.939558259178982e-10,2.437120895478717e-05,-1.4662283203047677,-0.0985796129411585,1,1,2,1,0,9.667351297496887e-11,9.731489835234692e-12,375,80,7.919411012238644e-12,3.7122239119868646e-11,16,0,1
2098,0,1,CADC0872,5,80,17,-3.643618294117648e-06,7.22418361656405e-10,2.6877841461999977e-05,-1.4961704724362492,-0.0002249241735726,1,1,2,1,1,1.0423402789593256e-10,1.552487146066475e-11,400,85,9.030229520705064e-12,4.2495197744494406e-11,17,0,1
2099,0,1,CADC0872,5,75,16,-2.40978625e-06,7.339060122044233e-10,2.7090699736337994e-05,-1.4601621461336376,-0.0698988435409958,1,1,2,1,2,1.1991307391342666e-10,1.263296026996939e-11,375,80,9.785413496058978e-12,4.5869125762776464e-11,16,0,1
2100,0,1,CADC0872,5,80,17,-8.016523764705883e-06,5.569018284753647e-10,2.359876752026183e-05,-1.4179021035406387,-0.0114792188095694,1,1,2,1,1,7.68674190458e-11,1.1125029935768889e-11,400,85,6.961272855942058e-12,3.2758931086786157e-11,17,0,1
2101,0,1,CADC0872,5,80,17,-4.46356411764706e-06,6.765525968707654e-10,2.601062469205162e-05,-1.4073781098102425,-0.0891239267609858,1,1,2,1,0,9.087406366243124e-11,1.152989248852e-11,400,85,8.456907460884568e-12,3.979721158063327e-11,17,0,1
2102,1,1,CADC0872,5,110,15,5.780094733333334e-06,5.817015696103628e-10,2.411849020171791e-05,-0.6501473173441519,-0.6478003265852122,1,1,1,1,1,7.586736207491608e-11,2.1356116310775764e-11,2350,75,5.288196087366935e-12,3.878010464069086e-11,15,1,1
2103,1,0,CADC0872,5,90,19,-3.996852105263158e-06,5.456139938863535e-10,2.335838166240019e-05,-1.3668593099923123,0.2518932435218229,2,1,3,2,1,3.279732835178728e-10,8.968802441512062e-10,450,95,6.062377709848372e-12,2.87165259940186e-11,19,1,0
2104,0,0,CADC0872,5,80,17,1.9922376470588244e-06,4.5614132742061797e-10,2.1357465379127225e-05,-1.4768895012363197,-0.0406332099866587,1,1,2,1,2,6.639166502557344e-11,7.704259285155549e-12,400,85,5.701766592757724e-12,2.683184278944812e-11,17,0,0
2105,0,1,CADC0872,5,80,17,-3.019264117647059e-06,4.2010489968173005e-10,2.0496460662312653e-05,-1.449874771113734,-0.0105278102508775,1,1,2,1,3,5.924283602075625e-11,7.0867799734088856e-12,400,85,5.251311246021625e-12,2.471205292245471e-11,17,0,1
2106,1,1,CADC0872,5,77,16,-2.680279375e-06,5.319853498134807e-10,2.306480760408551e-05,-1.4822665220330735,0.0506990291154011,2,3,2,1,1,4.980067029367332e-10,1.404658171359439e-09,399,80,6.908900646928322e-12,3.324908436334255e-11,16,1,1
2107,0,1,CADC0872,5,80,17,-4.419501764705882e-06,6.414088311857675e-10,2.532605044585056e-05,-1.5010867045985197,-0.0018838214507622,1,1,2,1,1,9.184036446719844e-11,1.1812666749355562e-11,400,85,8.017610389822094e-12,3.7729931246221606e-11,17,0,1
2108,0,0,CADC0872,5,80,17,-3.4038764705882357e-06,6.796671216224935e-10,2.6070426187971947e-05,-1.4921227257498997,-0.0061855595672579,1,1,2,1,1,9.790470091156873e-11,1.1657624770808895e-11,400,85,8.495839020281168e-12,3.9980418918970205e-11,17,0,0
2109,0,0,CADC0872,5,75,16,-7.8079175e-06,4.211976337868812e-10,2.052310000430932e-05,-1.4753634038823369,-0.0277974138136178,1,1,2,1,3,6.822507862395554e-11,8.744537774826526e-12,375,80,5.615968450491749e-12,2.6324852111680077e-11,16,0,0
2110,0,1,CADC0872,5,190,39,-2.036957e-05,3.4030783131855887e-10,1.8447434274677845e-05,-1.4824938906591754,0.0267622205039589,1,1,1,7,12,9.409657674232132e-12,1.606068315375894e-12,950,195,1.791093849045047e-12,8.725841828680999e-12,39,0,1
2111,0,0,CADC0872,5,145,30,-2.7331373333333333e-05,1.306826807992889e-10,1.143165258391318e-05,-1.1993983814104634,-0.2178888637644664,1,1,1,5,9,5.665314757740785e-12,1.6450863087244897e-12,725,150,9.012598675813028e-13,4.356089359976296e-12,30,0,0
2112,0,1,CADC0872,5,165,34,-1.1935229411764713e-06,3.201544126823677e-10,1.7892859265147307e-05,-0.8844151548937993,-0.5514073867244862,1,1,1,3,11,8.902779871747658e-12,1.3257864201839845e-12,825,170,1.940329773832532e-12,9.416306255363758e-12,34,0,1
2113,0,1,CADC0872,5,165,34,-3.9243984117647036e-07,2.09616581482062e-10,1.4478141506493918e-05,-1.3743819594234723,3.772113554279829e-05,1,1,1,2,10,7.465062021559059e-12,9.71378422824756e-13,825,170,1.270403524133709e-12,6.1651935730018216e-12,34,0,1
2114,0,0,CADC0872,5,145,30,8.573447666666668e-06,2.5023058044358447e-10,1.5818678214174044e-05,-0.7887510346839401,-0.6514514233129947,1,1,1,2,9,6.690331264411176e-12,1.0456519795744896e-12,725,150,1.725728140990238e-12,8.341019348119483e-12,30,0,0
2115,1,1,CADC0872,5,175,36,2.1389260555555557e-05,2.0574934286963856e-10,1.434396538163832e-05,-1.3499943620241557,-0.011812036806588,2,1,1,1,2,6.79151529115347e-11,1.3705846221143607e-10,875,180,1.175710530683649e-12,5.7152595241566265e-12,36,1,1
2116,0,0,CADC0872,5,145,30,2.680505666666667e-05,6.26972020537889e-11,7.918156480759199e-06,-0.9710844399010092,-0.5340711087436777,1,1,1,5,9,2.455739563733651e-12,8.306168822959192e-13,725,150,4.323944969226821e-13,2.089906735126297e-12,30,0,0
2117,0,1,CADC0872,5,160,33,-3.330977878787879e-05,6.36182721301561e-11,7.976106326407397e-06,-1.5395432646468123,0.0797136093701378,1,1,1,4,10,2.6672416808984367e-12,8.075927949635771e-13,800,165,3.976142008134757e-13,1.9278264281865484e-12,33,0,1
2118,0,1,CADC0872,5,160,33,-2.9094921212121213e-05,1.0984815908288336e-10,1.0480847250240954e-05,-1.5217253143569267,0.0134722228015277,1,1,1,2,12,4.288093343662109e-12,7.17499202809572e-13,800,165,6.865509942680212e-13,3.328732093420708e-12,33,0,1
2119,0,0,CADC0872,5,155,32,-2.6384453125e-05,1.3650605754204646e-10,1.168358068153965e-05,-1.4658301176485895,-0.0237158592935758,1,1,1,4,7,5.6431702019785625e-12,9.61217792488887e-13,775,160,8.806842422067517e-13,4.265814298188953e-12,32,0,0
2120,0,1,CADC0872,5,165,34,-2.3186182941176467e-05,1.9885223286509724e-10,1.4101497539803964e-05,-1.4909784343454036,-0.0385156737592065,1,1,1,4,9,7.349825846550413e-12,1.1628881353624997e-12,825,170,1.205165047667256e-12,5.8485950842675655e-12,34,0,1
2121,0,1,CADC0872,5,140,29,-3.13751e-05,1.1465330724068967e-10,1.070762846015352e-05,-1.5041766716221778,0.0139234159041451,1,1,1,3,7,5.763148965956633e-12,9.522561846913565e-13,700,145,8.189521945763549e-13,3.9535623186444705e-12,29,0,1
2122,0,1,CADC0872,5,200,41,-5.376692804878049e-06,7.755461042803293e-10,2.7848628409319e-05,-1.4700414486148234,-0.0028276686683582,1,1,1,2,12,1.837183727458625e-11,1.123873855534551e-12,1000,205,3.877730521401647e-12,1.8915758640983644e-11,41,0,1
2123,1,1,CADC0872,5,145,30,-1.4362516333333334e-05,2.918612655847232e-10,1.7083947599566183e-05,-0.9802842928991726,-0.1844185736194987,2,1,2,1,1,2.448747682363563e-10,7.221564984273711e-10,725,150,2.012836314377401e-12,9.728708852824104e-12,30,1,1
443,1,1,CADC0873,1,289,290,-1.071573578275862e-05,2.7219739244729657e-10,1.649840575471753e-05,-1.4115365863417595,-0.0219577861282977,2,2,2,1,8,1.571154089659222e-12,2.8603939668623684e-12,289,290,9.418594894370125e-13,9.386116980941261e-13,290,1,1
444,1,0,CADC0873,1,501,502,5.773268397808765e-06,4.4126767615758726e-10,2.100637227504043e-05,-0.450854686390695,-0.3901837200328871,4,4,4,4,8,2.4974897038821384e-11,5.891639646721521e-11,501,502,8.80773804705763e-13,8.790192752143172e-13,502,1,0
445,0,1,CADC0873,1,254,255,-2.194139007843137e-05,1.50605151613149e-10,1.227212905787537e-05,-1.1314487787689194,-0.613929616897912,1,1,1,81,84,2.252079380609151e-13,6.014457538898122e-13,254,255,5.929336677683032e-13,5.906084376986237e-13,255,0,1
446,1,1,CADC0873,1,305,306,1.0027554398039216e-05,4.947987851411544e-10,2.2244073033982656e-05,-1.2030433114404222,-0.0608868908741885,1,1,1,1,1,4.711994827072925e-12,9.190753074738548e-12,305,306,1.6222910988234573e-12,1.6169894939253414e-12,306,1,1
447,1,1,CADC0873,1,263,264,-7.449758527651515e-06,4.188164719317612e-10,2.046500603302528e-05,-0.8731875899637767,-0.314248248922415,2,2,2,2,4,4.243098659800062e-11,1.1750729040888304e-10,263,264,1.5924580681816013e-12,1.58642603004455e-12,264,1,1
448,0,1,CADC0873,1,252,253,-7.731730199881423e-06,4.764884514377453e-10,2.1828615426493392e-05,-1.3868801890581055,-0.0996677503306829,1,1,1,74,84,5.224590387530515e-13,7.137833951482998e-13,252,253,1.890827188245021e-12,1.883353562995041e-12,253,0,1
449,0,0,CADC0873,1,264,265,1.5422092244150955e-06,7.702717784533665e-10,2.775377052678368e-05,-1.483069177493986,0.0262372615896636,1,1,1,80,90,6.744131629211695e-13,7.451652993254005e-13,264,265,2.917696130505176e-12,2.906685956427798e-12,265,0,0
450,1,0,CADC0873,1,494,495,-4.749823359595952e-07,2.4420249870969116e-10,1.5626979833278444e-05,0.1272137568964972,-0.5310672970742335,3,2,2,2,3,2.1044822621369288e-11,6.090794615233343e-11,494,495,4.943370419224519e-13,4.933383812316994e-13,495,1,0
451,1,1,CADC0873,1,268,269,-1.8914122591078064e-06,1.740622077458452e-10,1.3193263726077987e-05,-1.381205364670891,0.1249975769995976,2,2,2,1,4,2.7917012958181168e-12,5.903581693057098e-12,268,269,6.4948584979793e-13,6.470714042596476e-13,269,1,1
452,1,0,CADC0873,1,255,256,-3.749100781250004e-07,2.2769468179640742e-10,1.5089555387631784e-05,-1.428218043094888,-0.0720225504548386,1,1,1,41,48,6.326151257734022e-13,1.1597879540134968e-12,255,256,8.929203207702251e-13,8.894323507672165e-13,256,1,0
453,1,1,CADC0873,1,525,526,-7.011938404942958e-07,2.347243010782354e-10,1.5320714770474497e-05,-0.7189908976565844,-0.8049939104405839,1,1,1,160,178,2.531519965864975e-13,5.989030983118799e-13,525,526,4.470939068156864e-13,4.46243918399687e-13,526,1,1
454,0,1,CADC0873,1,293,294,1.7511297823129246e-06,7.407908429495358e-10,2.7217473118376288e-05,-1.5095549310792469,0.0688740374169442,1,1,1,91,100,6.059505388568534e-13,8.076917411073522e-13,293,294,2.528296392319236e-12,2.519696744726313e-12,294,0,1
455,0,1,CADC0873,1,226,227,-1.2951803017621148e-05,3.621002617716588e-10,1.9028932228889215e-05,-1.4832858146410732,-0.0299043233497415,1,1,1,68,73,5.33179355950344e-13,7.477196336665613e-13,226,227,1.602213547662207e-12,1.59515533820114e-12,227,0,1
456,0,1,CADC0873,1,229,230,-2.800124391304348e-06,6.889553192875967e-10,2.6247958383226625e-05,-1.4812499045570486,-0.0673214762062818,1,1,1,57,70,8.735331875399244e-13,9.261943209244133e-13,229,230,3.008538512172912e-12,2.995457909946073e-12,230,0,1
457,1,1,CADC0873,1,230,231,-5.764011471861473e-06,6.254211151514806e-10,2.5008420884803597e-05,-0.8148714287875949,0.3737089681744129,1,1,1,1,1,8.440556981368867e-12,1.6065785942281647e-11,230,231,2.7192222397890457e-12,2.7074507149414746e-12,231,1,1
458,1,0,CADC0873,1,214,215,4.75330381395349e-06,5.228220517008924e-10,2.286530235314837e-05,-0.8951683248943021,-0.4598388036916042,1,1,1,29,40,1.1654959878127057e-12,1.9937140701465585e-12,214,215,2.4430936995368798e-12,2.4317304730274065e-12,215,1,0
459,0,1,CADC0873,1,204,205,-3.0157512375609747e-06,2.7084853287051604e-10,1.645747650372061e-05,-0.844144120870578,-0.6091176084344226,1,1,1,44,53,1.0625272962586865e-12,2.299555161334394e-12,204,205,1.3276888866201766e-12,1.321212355465932e-12,205,0,1
460,0,1,CADC0873,1,255,256,5.003626210937505e-07,5.699173519065015e-10,2.387294183603063e-05,-1.502005608727575,-0.0043827212817942,1,1,1,55,66,1.2025695558046537e-12,2.549498911452548e-12,255,256,2.234970007476477e-12,2.226239655884772e-12,256,0,1
461,0,1,CADC0873,1,224,225,-1.77322328888889e-06,2.3508038810315627e-10,1.533233146338665e-05,-0.962063640554359,-0.4297220964682628,1,1,1,52,63,9.039674529640723e-13,2.016029430514324e-12,224,225,1.049466018317662e-12,1.0448017249029169e-12,225,0,1
462,0,1,CADC0873,1,215,216,5.072232648148149e-06,2.4191915762914156e-10,1.5553750596854173e-05,-1.3008245404737635,-0.0921963792258525,2,1,1,27,31,1.1606133237011699e-12,2.8262339652567995e-12,215,216,1.125205384321589e-12,1.1199961001349149e-12,216,0,1
463,1,1,CADC0873,1,202,203,-6.9798363743842375e-06,1.6379542426209222e-10,1.2798258641787648e-05,-1.2452389731108764,-0.1470121268886309,2,2,1,17,31,2.309042628891923e-12,5.41242986242641e-12,202,203,8.108684369410505e-13,8.068740111433115e-13,203,1,1
464,1,1,CADC0873,1,291,292,-4.447216589041096e-06,4.0894220429578106e-10,2.0222319458849945e-05,-1.0053744562468685,0.1460355115778962,2,2,2,2,8,7.849178437575183e-12,1.6104291712436322e-11,291,292,1.4052996711195228e-12,1.400487001012949e-12,292,1,1
465,1,1,CADC0873,1,237,238,1.511107478991596e-06,3.090228345103183e-10,1.7579045324201148e-05,-0.0795256839943561,-0.8162222758285417,2,2,2,2,3,5.1021887680935e-11,1.4571895849633248e-10,237,238,1.3038938164992333e-12,1.2984152710517574e-12,238,1,1
466,1,0,CADC0873,1,207,208,-2.909289697115385e-06,4.3832303713898987e-10,2.0936165769762857e-05,-0.7578909408955652,-0.6558059189751202,2,2,2,6,11,5.786538623029464e-12,1.2057196826073732e-11,207,208,2.117502594874348e-12,2.107322293937452e-12,208,1,0
467,1,1,CADC0873,1,227,228,5.746536894736844e-06,7.876351447803831e-10,2.8064838228295264e-05,-1.142303519330636,-0.2242401355029765,1,1,1,6,6,3.4888166318360093e-12,6.77732976546407e-12,227,228,3.469758347050146e-12,3.4545401086858912e-12,228,1,1
468,1,1,CADC0873,1,203,204,-2.428640838235295e-06,4.3567153787028526e-10,2.087274629439752e-05,-0.6213584834457739,-0.6428609021149603,1,1,1,11,12,3.270923624772563e-12,7.848802751414099e-12,203,204,2.1461652111836717e-12,2.135644793481791e-12,204,1,1
469,0,1,CADC0873,1,210,211,-8.219217886255925e-06,6.59328544961749e-10,2.567739365593301e-05,-1.4953519885974271,-0.0178291818912043,1,1,1,24,50,1.925264361424772e-12,3.250151561122375e-12,210,211,3.1396597379130905e-12,3.1247798339419378e-12,211,0,1
470,0,1,CADC0873,1,203,204,-1.345735617647059e-06,8.16664291864438e-10,2.8577338782056632e-05,-1.4935574863373338,-0.0157326994734552,1,1,1,44,57,2.287184156542632e-12,3.997934869053754e-12,203,204,4.022976807213981e-12,4.003256332668814e-12,204,0,1
471,0,1,CADC0873,1,182,183,-3.4398522131147544e-06,3.6499755864432115e-10,1.9104909281237668e-05,-0.7475563602266311,-0.6938426569494647,1,1,1,21,25,1.835024441924782e-12,4.197235567244979e-12,182,183,2.0054810914523145e-12,1.994522178384269e-12,183,0,1
472,0,1,CADC0873,1,208,209,3.701089071770335e-06,3.558259549520068e-10,1.886334951571451e-05,-0.9450611166901584,-0.4554031165665406,1,1,1,46,52,1.5466609262989657e-12,3.4636007463956117e-12,208,209,1.7107017065000329e-12,1.7025165308708465e-12,209,0,1
473,1,1,CADC0873,1,225,226,3.161302659292033e-07,3.383208085041524e-10,1.8393499082669192e-05,-1.2414977471014432,-0.011359904498848,2,2,1,8,15,3.986197024701912e-12,8.08635619393976e-12,225,226,1.5036480377962329e-12,1.4969947278944796e-12,226,1,1
474,1,1,CADC0873,1,175,176,-3.643050717045455e-06,4.842687947996303e-11,6.958942411025043e-06,-0.8419861801360411,-0.6132750172084654,2,1,1,10,9,1.8743677328866224e-12,4.296545750825645e-12,175,176,2.767250255997887e-13,2.7515272431797176e-13,176,1,1
475,1,1,CADC0873,1,196,197,4.515496298984771e-06,1.16578473930887e-10,1.0797151195148053e-05,-1.2208385814724616,-0.0612992764276907,1,1,1,13,10,9.366889437909698e-13,1.8417656214439857e-12,196,197,5.947881323004439e-13,5.917689032024721e-13,197,1,1
476,0,0,CADC0873,1,208,209,1.8081764545454543e-06,2.7233220668548186e-10,1.6502490923660036e-05,-1.2845208616127828,-0.1598704707932483,2,1,1,11,17,1.441780375711566e-12,3.5969102878390585e-12,208,209,1.309289455218663e-12,1.3030249123707268e-12,209,0,0
477,0,1,CADC0873,1,230,231,3.937554316883117e-06,3.367934828269285e-10,1.8351934035052777e-05,-1.3584740499043622,-0.0182624220730416,2,1,1,22,34,1.0912037926857905e-12,2.428008021458016e-12,230,231,1.4643194905518634e-12,1.457980445138219e-12,231,0,1
478,0,0,CADC0873,1,176,177,-1.0146516167231638e-05,1.2819467590815078e-10,1.1322308771101008e-05,-0.8984018809689247,-0.554533797744543,3,1,1,33,28,1.1011815714972953e-12,2.954404638521812e-12,176,177,7.283788403872205e-13,7.242637056957673e-13,177,0,0
479,0,1,CADC0873,1,224,225,1.8510598311111117e-06,7.432171825657013e-10,2.726200987758792e-05,-1.382705161335377,-0.0681610326284322,1,1,1,31,30,1.897981619945222e-12,3.7268766282100735e-12,224,225,3.3179338507397377e-12,3.303187478069784e-12,225,0,1
480,0,1,CADC0873,1,197,198,-5.828678505050504e-06,4.867820742541307e-10,2.206313835913039e-05,-1.242940606465222,-0.1891962342044013,2,1,1,13,18,2.146278402970282e-12,5.156769319620442e-12,197,198,2.470974996213862e-12,2.4584953245158124e-12,198,0,1
481,0,1,CADC0873,1,203,204,6.590171489705881e-06,7.36860693629087e-10,2.714517809168116e-05,-1.4160510289567063,-0.0095460889091022,1,1,1,42,42,1.6707309694857596e-12,3.052693683044647e-12,203,204,3.6298556336408227e-12,3.612062223671995e-12,204,0,1
482,0,1,CADC0873,1,199,200,2.908075455e-06,7.718210999515855e-10,2.778166841555031e-05,-1.49490185710512,0.0185795520676508,1,1,1,42,45,1.4196994748544984e-12,1.834557536667309e-12,199,200,3.8784979897064596e-12,3.859105499757928e-12,200,0,1
483,0,1,CADC0873,1,195,196,1.784363336734695e-06,6.133474307691101e-10,2.476585211070094e-05,-1.489031127272882,0.0305735977017212,1,1,1,51,60,1.1231518481531078e-12,1.4115140813317078e-12,195,196,3.1453714398415908e-12,3.129323626373012e-12,196,0,1
484,1,1,CADC0873,1,179,180,-9.4691376e-06,2.0278668235541399e-10,1.4240318899358046e-05,-1.4730875577197486,-0.0343980452672361,2,1,1,14,20,1.2307374206461425e-12,2.7670566562543597e-12,179,180,1.1328864936056645e-12,1.1265926797522997e-12,180,1,1
485,0,1,CADC0873,1,202,203,8.997633251231528e-07,4.835849707401441e-10,2.1990565493869045e-05,-1.5038101806953326,0.0067580031409375,1,1,1,42,47,1.3511838648443085e-12,2.566105217817792e-12,202,203,2.393985003664079e-12,2.382191974089379e-12,203,0,1
486,0,1,CADC0873,1,181,182,-1.763306506593408e-06,2.1547278128428983e-10,1.4678991153491775e-05,-0.7732430976718523,-0.682436974192708,1,1,1,46,49,6.345370749458991e-13,1.4416719419326349e-12,181,182,1.1904573551618225e-12,1.1839163806829113e-12,182,0,1
487,0,1,CADC0873,1,191,192,1.7455067661458326e-06,2.0592436970607996e-10,1.4350065146405433e-05,-0.6752673383769361,-0.6910872643507323,1,1,1,38,36,1.1489370704666642e-12,2.781898975492784e-12,191,192,1.0781380612883769e-12,1.072522758885833e-12,192,0,1
488,0,1,CADC0873,1,199,200,-9.35900535e-08,3.1580791052330947e-10,1.7770985074646522e-05,-1.4665972678536416,-0.0487381140545118,1,1,1,34,31,1.168080676642814e-12,2.7144914080095786e-12,199,200,1.5869744247402485e-12,1.5790395526165474e-12,200,0,1
489,0,1,CADC0873,1,195,196,-4.639189219387755e-06,2.211502607073816e-10,1.4871121703065362e-05,-1.5240314259982577,0.0387803298456216,2,1,1,19,31,1.6658832654921585e-12,4.31010320345537e-12,195,196,1.1341039010634956e-12,1.1283176566703144e-12,196,0,1
490,0,1,CADC0873,1,181,182,3.452827120879121e-06,2.392740246545189e-10,1.5468484885550973e-05,-1.1398700443260736,-0.2785221364409244,1,1,1,41,42,7.742719983896893e-13,1.5719687633441428e-12,181,182,1.3219559373177842e-12,1.3146924431566976e-12,182,0,1
491,0,1,CADC0873,1,201,202,1.0183377326732672e-06,3.6778546320540927e-10,1.9177733526290567e-05,-0.9139039012714756,-0.4742773934177193,1,1,1,43,53,1.5282867064622908e-12,3.370489763973797e-12,201,202,1.8297784239075087e-12,1.820720114878264e-12,202,0,1
492,0,1,CADC0873,1,233,234,5.915300866880344e-06,6.376248764300855e-10,2.525123514662373e-05,-1.4017854206629412,-0.0428987389058257,1,1,1,65,74,8.712215499004639e-13,1.1711930446410948e-12,233,234,2.7365874524896374e-12,2.7248926343166047e-12,234,0,1
493,0,0,CADC0873,1,165,166,-8.851821813253012e-06,9.38905472786764e-11,9.689713477635776e-06,-1.326252688292355,-0.01717017072582,1,1,1,39,43,6.780266748420502e-13,1.3303214371535666e-12,165,166,5.690336198707661e-13,5.656057064980507e-13,166,0,0
494,0,1,CADC0873,1,212,213,8.52972468544601e-06,7.144348519600874e-10,2.672891415602376e-05,-1.2197753814158074,-0.18334733896727,1,1,1,53,57,1.6717936990863925e-12,2.9519348030297464e-12,212,213,3.369975716792865e-12,3.3541542345544008e-12,213,0,1
495,1,1,CADC0873,1,190,191,4.4621757225130886e-06,5.872483136132846e-10,2.4233206837174575e-05,-1.1184283374508373,-0.229397551612463,3,2,1,2,7,3.9332831436291904e-11,6.937326595896353e-11,190,191,3.0907805979646565e-12,3.0745985005931137e-12,191,1,1
496,0,1,CADC0873,1,178,179,5.892627435754189e-06,6.398749223877494e-10,2.529574909718527e-05,-1.2093258018026776,-0.2093546541176863,1,1,1,40,50,1.6445756318814916e-12,2.373824049247879e-12,178,179,3.594802934762637e-12,3.574720236803069e-12,179,0,1
497,0,1,CADC0873,1,187,188,-1.8629235425531915e-06,7.579212848707934e-10,2.7530370227637575e-05,-1.483795737478639,-0.0348728253335372,1,1,1,45,51,1.7724307917889085e-12,2.676770835891885e-12,187,188,4.053054999309056e-12,4.031496196121242e-12,188,0,1
498,0,0,CADC0873,1,190,191,-5.031083056544503e-06,8.014369034893848e-10,2.8309660956807392e-05,-1.4877413168246976,0.043612912534913,1,1,1,31,38,2.824125895732073e-12,4.495837176345417e-12,190,191,4.218088965733605e-12,4.196004730310916e-12,191,0,0
499,0,1,CADC0873,1,176,177,-8.241446870056497e-06,3.414407737772653e-10,1.8478116077600157e-05,-1.165229283277197,-0.2092939846927093,1,1,1,38,46,1.844633060368583e-12,4.205754539364833e-12,176,177,1.9400043964617345e-12,1.9290439196455665e-12,177,0,1
500,0,0,CADC0873,1,186,187,4.248129716577541e-06,4.98507475503461e-10,2.232728096977912e-05,-1.4220386803275575,-0.0896581922538496,1,1,1,37,47,1.6159218932908478e-12,2.621357818035426e-12,186,187,2.680147717760543e-12,2.665815377023856e-12,187,0,0
501,1,1,CADC0873,1,191,192,2.4630414270833336e-06,3.1787691977801675e-10,1.782910316807934e-05,-0.996242677549274,-0.2521633134010896,2,2,1,5,15,5.040070940022973e-12,1.0762796642908454e-11,191,192,1.6642770669006117e-12,1.6556089571771708e-12,192,1,1
502,1,1,CADC0873,1,165,166,-2.970854078313254e-06,1.0248916080201671e-10,1.0123693041672922e-05,-0.4669911147027763,-0.6232225293138468,4,3,1,5,12,9.963070141334106e-12,2.032855172056466e-11,165,166,6.211464291031317e-13,6.174045831446791e-13,166,1,1
503,0,1,CADC0873,1,192,193,-1.226386989637306e-06,2.678567047018532e-10,1.6366328381828747e-05,-1.497953755929004,-0.0202369100696047,1,1,1,59,68,5.918306067052183e-13,8.935610467035495e-13,192,193,1.3950870036554854e-12,1.3878585735847316e-12,193,0,1
504,1,0,CADC0873,1,192,193,-2.865592550259067e-06,1.8620110492181662e-10,1.364555256931051e-05,-1.286524042644268,0.0754288664758673,2,2,2,1,3,4.641745707653255e-12,8.995768314663484e-12,192,193,9.697974214677949e-13,9.64772564361744e-13,193,1,0
505,0,1,CADC0873,1,182,183,5.374017054644808e-06,2.6896113558442596e-10,1.640003462143986e-05,-1.449352528347865,-0.0306787061949344,1,1,1,52,62,5.895075071009045e-13,7.235270584112363e-13,182,183,1.4778084372770658e-12,1.469732981335661e-12,183,0,1
506,1,1,CADC0873,1,177,178,-4.015726252808988e-06,2.6414278455598587e-10,1.625247010629418e-05,-0.9285198500386956,-0.3624669022924857,2,1,1,1,6,2.2333090944141408e-12,4.081588315657727e-12,177,178,1.4923321161355137e-12,1.4839482278426174e-12,178,1,1
507,0,1,CADC0873,1,206,207,-1.5406380966183576e-06,6.850443669592955e-10,2.617335223006972e-05,-1.4961113782654851,0.0102141110093873,1,1,1,58,69,9.286078293616416e-13,9.10783120250895e-13,206,207,3.325458092035416e-12,3.3093930770980463e-12,207,0,1
508,0,1,CADC0873,1,174,175,-8.395947119428571e-06,3.399533454531624e-10,1.843782377215821e-05,-1.2855223869421482,-0.1313491695657763,1,1,1,51,58,6.587749492415952e-13,7.33187261272779e-13,174,175,1.9537548589262205e-12,1.942590545446642e-12,175,0,1
509,0,1,CADC0873,1,199,200,3.78755649e-06,8.340302403502107e-10,2.887958172048568e-05,-1.3895944542859284,-0.0360599257110692,1,1,1,45,59,1.0699546927156872e-12,7.079303585417746e-13,199,200,4.191106735428195e-12,4.1701512017510536e-12,200,0,1
510,0,1,CADC0873,1,192,193,3.879629915544041e-06,8.708179602366337e-10,2.950962487454956e-05,-1.4228221101629877,-0.0193267752079509,1,1,1,50,68,1.2061806685447562e-12,9.187912338968532e-13,192,193,4.535510209565801e-12,4.512010156666497e-12,193,0,1
511,0,1,CADC0873,1,178,179,3.638193787709497e-06,6.486121531175145e-10,2.5467865107179963e-05,-1.4504288201038216,-0.0131769536858302,1,1,1,46,55,1.086842770798069e-12,8.38227998611748e-13,178,179,3.643888500660195e-12,3.623531581662093e-12,179,0,1
512,0,1,CADC0873,1,182,183,-6.476711709289618e-06,4.37313880754581e-10,2.091205108913473e-05,-1.4931199373959971,-0.0301178541560246,1,1,1,52,57,7.144797393493662e-13,5.828695868656914e-13,182,183,2.402823520629566e-12,2.389693337456727e-12,183,0,1
513,0,1,CADC0873,1,184,185,-2.1824590691891894e-06,4.86571297280397e-10,2.2058361164882517e-05,-1.4747263134216957,-0.0241977472538333,1,1,1,53,62,8.343251210960853e-13,7.765929246946428e-13,184,185,2.644409224349984e-12,2.630115120434579e-12,185,0,1
514,1,1,CADC0873,1,171,172,-4.524261343023255e-06,1.8860818350341382e-10,1.3733469463446367e-05,-1.0156005957597007,-0.4147676136446371,2,2,1,2,13,1.7505866225516609e-12,3.2342787520206786e-12,171,172,1.1029718333532973e-12,1.0965592064151969e-12,172,1,1
515,0,1,CADC0873,1,185,186,2.9508180059139784e-06,2.2553192030386743e-10,1.5017720209934244e-05,-1.3697705028643177,-0.0911477979554634,1,1,1,53,62,4.720592380465463e-13,6.347124689672207e-13,185,186,1.2190914611019865e-12,1.2125372059347713e-12,186,0,1
516,0,1,CADC0873,1,185,186,1.8359533387096768e-06,1.9612418001956383e-10,1.4004434298448612e-05,-1.2356919970681852,-0.1084136238593505,1,1,1,57,60,4.72238702039202e-13,6.995915284376087e-13,185,186,1.0601307028084533e-12,1.0544310753739993e-12,186,0,1
517,1,1,CADC0873,1,161,162,6.510618518518501e-08,6.659351741823549e-11,8.160485121500772e-06,-0.884827118688762,-0.3453811378548269,1,1,1,3,1,2.4695263483031797e-12,4.991032950207938e-12,161,162,4.136243317902825e-13,4.1107109517429325e-13,162,1,1
518,1,1,CADC0873,1,190,191,1.4988065863874345e-06,2.1147991894082755e-10,1.4542349154824592e-05,-0.8426148860731448,-0.3033768049381009,1,1,1,1,1,1.2673488661483195e-11,3.591918076492065e-11,190,191,1.113052204951724e-12,1.1072247064964793e-12,191,1,1
519,0,1,CADC0873,1,185,186,-1.2661809611827956e-06,2.0670185428778926e-10,1.437712955661836e-05,-1.4452323451382858,-0.031721318024095,1,1,1,55,64,6.15040075018464e-13,1.115398000433224e-12,185,186,1.1173073204745366e-12,1.111300291869835e-12,186,0,1
520,0,0,CADC0873,1,187,188,4.797291684042555e-06,2.400830106501991e-10,1.549461231041936e-05,-1.4961001850393625,0.032216465910325,1,1,1,48,57,1.4059266980064981e-12,3.348960668922796e-12,187,188,1.2838663671133642e-12,1.2770372906925484e-12,188,0,0
521,0,1,CADC0873,1,175,176,-1.7772927988636363e-06,2.0936521578297888e-10,1.4469458033491748e-05,-1.0580305836060948,-0.351583968802584,1,1,1,48,53,1.3759641189002422e-12,3.1707808638730997e-12,175,176,1.1963726616170225e-12,1.1895750896760166e-12,176,0,1
522,0,0,CADC0873,1,202,203,1.8956792364532011e-06,5.732080725023385e-10,2.3941764189431377e-05,-1.5034647960082776,-0.016668478915281,1,1,1,54,61,1.7740204635954038e-12,3.708229203549298e-12,202,203,2.8376637252591018e-12,2.823685086218417e-12,203,0,0
523,0,1,CADC0873,1,166,167,-2.401917906586828e-06,2.776428902918285e-10,1.6662619550713762e-05,-1.0196644536148851,-0.3928462660905728,1,1,1,50,53,1.2077818775930596e-12,2.65166576173945e-12,166,167,1.672547531878485e-12,1.6625322771965778e-12,167,0,1
524,1,0,CADC0873,1,194,195,-9.060793025641027e-07,3.3802236965518836e-10,1.838538467520297e-05,1.3072800937575595,-0.5720569282504939,2,2,2,2,2,1.1502601279965743e-10,3.3490310849049857e-10,194,195,1.7423833487380849e-12,1.733448049513787e-12,195,1,0
525,1,1,CADC0873,1,174,175,3.928754457142857e-06,6.898856316682082e-10,2.6265674018920745e-05,-1.3314447490337171,0.0058847122806329,1,1,1,37,53,2.144712400531904e-12,3.4801756369188124e-12,174,175,3.964859952116139e-12,3.942203609532618e-12,175,1,1
526,1,1,CADC0873,1,169,170,-2.567113808235294e-06,5.210297586699145e-10,2.282607628721841e-05,-1.1340324741240015,-0.2769801674810336,2,2,1,2,4,5.803615631219481e-12,1.0835466682207243e-11,169,170,3.0830163234906198e-12,3.0648809333524388e-12,170,1,1
527,0,1,CADC0873,1,184,185,-5.1078842e-06,8.089410989843596e-10,2.844188986309383e-05,-1.503217623256128,-0.0116083128271156,1,1,1,53,64,1.4717642054904662e-12,1.5555457875524017e-12,184,185,4.396419016219345e-12,4.372654589104646e-12,185,0,1
528,0,1,CADC0873,1,173,174,-6.735688793103449e-06,6.870702793458167e-10,2.6212025472019838e-05,-1.4880230135868149,-0.0043806227083421,1,1,1,48,58,1.2911074342122342e-12,1.128840482180184e-12,173,174,3.9715045048891136e-12,3.948679766355268e-12,174,0,1
529,0,0,CADC0873,1,178,179,-1.8439049106145256e-06,5.819590247555424e-10,2.412382690941764e-05,-1.4052033982988037,-0.0158791917522145,1,1,1,45,60,9.382177753647056e-13,6.780398011440341e-13,178,179,3.2694327233457447e-12,3.251167736064484e-12,179,0,0
530,0,1,CADC0873,1,173,174,4.11167585632184e-06,5.427776244930743e-10,2.3297588383630488e-05,-1.4703082678677812,-0.0338930975228551,1,1,1,48,58,9.972380711099992e-13,8.619117694890645e-13,173,174,3.137442916144938e-12,3.1194116350176682e-12,174,0,1
531,0,1,CADC0873,1,176,177,1.867427915254238e-06,4.1867188357284516e-10,2.046147315255784e-05,-1.4198594618066445,-0.0025247830695677,1,1,1,50,57,8.177125414513476e-13,8.271260562881564e-13,176,177,2.378817520300257e-12,2.3653778732929106e-12,177,0,1
532,0,1,CADC0873,1,162,163,-5.429010650306749e-06,1.8248729853584234e-10,1.3508785975647196e-05,-1.4273639762217434,-0.0602108262270494,1,1,1,49,55,5.522557247718787e-13,8.32916834859617e-13,162,163,1.1264648057768046e-12,1.119553978747499e-12,163,0,1
533,0,0,CADC0873,1,180,181,-1.4765688784530385e-06,3.028456005213832e-10,1.7402459611255623e-05,-1.4969960686978443,-0.0290166397977637,1,1,1,49,58,6.534627581655137e-13,8.204234873799789e-13,180,181,1.6824755584521288e-12,1.6731801133778077e-12,181,0,0
534,1,1,CADC0873,1,178,179,-6.986181675977654e-07,2.0000833012047448e-10,1.414243013489812e-05,-1.302728549444946,-0.0464904613871953,2,2,1,1,2,4.543564979131482e-12,8.918525503489127e-12,178,179,1.1236423040476094e-12,1.1173649727400808e-12,179,1,1
535,0,0,CADC0873,1,178,179,3.18376443575419e-06,2.4711681180388676e-10,1.5719949484775285e-05,-1.4623293937324562,0.0079188115531972,1,1,1,50,60,5.635078992856428e-13,7.581955701835355e-13,178,179,1.3882966955274538e-12,1.3805408480664065e-12,179,0,0
536,0,1,CADC0873,1,172,173,-3.669179412947977e-06,2.9120725992998657e-10,1.7064795924065033e-05,-1.3312601753964155,-0.1279699461978589,1,1,1,50,60,6.541446455875394e-13,8.493656376068845e-13,172,173,1.6930654647092245e-12,1.6832789591328705e-12,173,0,1
537,0,0,CADC0873,1,184,185,-3.519950951351352e-06,5.304922010095635e-10,2.3032416308532707e-05,-1.4857588901525736,-0.0371197275741813,1,1,1,50,62,8.477244340353451e-13,6.842046370087103e-13,184,185,2.883109788095454e-12,2.8675254108625053e-12,185,0,0
538,0,1,CADC0873,1,172,173,-3.97798358381503e-06,4.497415817015277e-10,2.1207111583181892e-05,-1.328992002576331,-0.0891868634497112,1,1,1,46,60,8.159706509489115e-13,7.728679824850827e-13,172,173,2.61477663779958e-12,2.599662321974149e-12,173,0,1
539,1,1,CADC0873,1,183,184,-4.545543016304348e-06,3.8296916807845974e-10,1.9569598056129303e-05,-0.7126271169461913,-0.0723660286092291,2,2,2,1,2,1.295919393467186e-11,2.5482486892953148e-11,183,184,2.092727694417813e-12,2.0813541743394557e-12,184,1,1
540,0,1,CADC0873,1,182,183,5.071600120218578e-06,8.729236407426706e-10,2.954528119247929e-05,-1.4679080607749369,0.0066184594519183,1,1,1,50,64,1.2769147149866485e-12,7.51742893762703e-13,182,183,4.796283740344344e-12,4.770074539577435e-12,183,0,1
541,1,1,CADC0873,1,169,170,-3.978198005882353e-06,6.599194174445847e-10,2.5688896773598213e-05,-1.1880321868763484,-0.0101743705798095,2,2,1,1,3,2.9631715896940915e-11,7.397554174097264e-11,169,170,3.904848623932454e-12,3.881878926144616e-12,170,1,1
542,0,1,CADC0873,1,181,182,-6.175218681318682e-06,7.616885035857179e-10,2.759870474471072e-05,-1.49380869236157,-0.0304795605397336,1,1,1,43,58,1.1509761002139839e-12,7.329079766115116e-13,181,182,4.2082237767166726e-12,4.185101668053395e-12,182,0,1
543,1,0,CADC0873,1,179,180,1.7732934666666664e-06,3.7026836266118555e-10,1.924235855245364e-05,-0.6502014844788238,-0.3659438821829003,1,1,1,2,2,1.2121689248481508e-11,2.30866843728824e-11,179,180,2.068538338889305e-12,2.057046459228809e-12,180,1,0
544,0,1,CADC0873,1,174,175,-2.211472388571412e-07,3.5337663375531194e-10,1.8798314651992397e-05,-1.3480222316831327,-0.0600188091746714,1,1,1,45,55,7.203693399026809e-13,7.643121600271908e-13,174,175,2.030900193996045e-12,2.019295050030354e-12,175,0,1
545,0,1,CADC0873,1,172,173,3.4147891849710983e-06,2.659444116062169e-10,1.6307802169704442e-05,-1.481939896176336,-0.0179647640478267,1,1,1,53,60,5.639855470027592e-13,6.226378705310619e-13,172,173,1.5461884395710284e-12,1.5372509341399821e-12,173,0,1
546,0,0,CADC0873,1,171,172,1.9884585383720925e-06,1.9951119295556854e-10,1.4124843112600174e-05,-1.42618234481506,-0.0316289687119345,1,1,1,55,58,5.052832921984451e-13,6.923282103486483e-13,171,172,1.1667321225471845e-12,1.1599487962533056e-12,172,0,0
547,0,0,CADC0873,1,160,161,-2.7352636211180124e-06,1.1163082708514842e-10,1.0565549066903642e-05,-1.3630195915753731,-0.1391029131367276,1,1,1,49,56,4.630526242154876e-13,8.968181353841817e-13,160,161,6.976926692821776e-13,6.933591744419156e-13,161,0,0
548,1,1,CADC0873,1,178,179,-2.237841547486033e-06,1.9518356121687448e-10,1.3970811043632163e-05,-1.510108141534404,0.0333688132462481,1,1,1,38,44,6.782467927172651e-13,1.1857555022739098e-12,178,179,1.0965368607689577e-12,1.0904109565188518e-12,179,1,1
549,1,1,CADC0873,1,162,163,-3.9004963190184033e-07,1.2828710678489393e-10,1.132638983899521e-05,3.2706862452997605,0.3860086622677174,2,2,1,1,2,5.654995904113586e-11,1.6829117419127134e-10,162,163,7.918957208944069e-13,7.870374649379995e-13,163,1,1
550,0,0,CADC0873,1,183,184,2.313287600543478e-06,1.9784651840482368e-10,1.406579249117602e-05,-1.4839028107089227,0.019116002202044,1,1,1,49,54,4.993158301207962e-13,7.098086940355749e-13,183,184,1.0811285158733536e-12,1.0752528174175202e-12,184,0,0
551,0,1,CADC0873,1,179,180,9.223773e-07,2.0971152004447188e-10,1.4481419821428834e-05,-1.4559627482491648,-0.0007128391100301,1,1,1,53,58,5.818025846824962e-13,9.245825166475764e-13,179,180,1.171572737678614e-12,1.1650640002470665e-12,180,0,1
552,0,1,CADC0873,1,179,180,-2.811631030555556e-06,2.380955758686041e-10,1.5430345941313308e-05,-1.3909560729388952,-0.0420440297988382,1,1,1,43,48,1.24791510341147e-12,3.056907453007171e-12,179,180,1.3301428819475088e-12,1.3227531992700226e-12,180,0,1
553,0,0,CADC0873,1,168,169,-3.653574473372781e-06,2.2858248933871147e-10,1.51189447164381e-05,-1.3995239278159226,-0.0546852183413944,1,1,1,43,51,1.5832003860192598e-12,3.897569259247844e-12,168,169,1.3606100555875685e-12,1.3525591085130857e-12,169,0,0
554,1,0,CADC0873,1,184,185,3.0613708702702705e-06,3.779386814228767e-10,1.944064508762188e-05,-1.315029943443082,0.0787431109276287,3,2,2,2,15,1.61004654894104e-11,3.2975457040774905e-11,184,185,2.0540145729504167e-12,2.042911791475009e-12,185,1,0
555,0,1,CADC0873,1,179,180,7.461377183333333e-06,5.000851385422952e-10,2.236258344964408e-05,-1.4255998843771889,-0.0035920172353984,1,1,1,44,54,1.856440123683434e-12,3.791295350957484e-12,179,180,2.7937717236999737e-12,2.7782507696794186e-12,180,0,1
556,0,0,CADC0873,1,168,169,-8.293589349112417e-08,4.713894984200171e-10,2.171150612970038e-05,-1.1879160265483562,-0.2328721596845174,1,1,1,37,43,2.1790587131071335e-12,4.849974196896586e-12,168,169,2.8058898715477207e-12,2.7892869728995093e-12,169,0,0
557,0,1,CADC0873,1,180,181,-1.659282861878453e-06,7.81637694812039e-10,2.7957784154185738e-05,-1.466738623688669,-0.0189533222075667,1,1,1,42,57,1.2555944623646225e-12,8.590130746152027e-13,180,181,4.342431637844662e-12,4.318440302828945e-12,181,0,1
558,1,0,CADC0873,1,162,163,-7.510999061349691e-06,5.402719815115216e-10,2.3243751450906577e-05,-1.4106577912380172,-0.029703859305557,2,2,2,3,6,2.432712948839013e-11,4.788639828487871e-11,162,163,3.335012231552602e-12,3.314552033813016e-12,163,1,0
559,0,1,CADC0873,1,181,182,-1.209923576923081e-07,7.557549509521983e-10,2.7490997634720324e-05,-1.4981933296930314,0.0122627497155917,1,1,1,42,58,1.1185401561712305e-12,5.745037179490592e-13,181,182,4.175441717967947e-12,4.152499730506585e-12,182,0,1
560,0,1,CADC0873,1,179,180,3.3313553666666667e-06,7.569871006985137e-10,2.751339856685309e-05,-1.4305043850002437,-0.0291251003939565,1,1,1,48,65,1.14863412268542e-12,7.80061589607515e-13,179,180,4.2289782161928135e-12,4.205483892769521e-12,180,0,1
561,0,1,CADC0873,1,173,174,3.106150172413793e-06,6.307744907694023e-10,2.5115224282681656e-05,-1.4747052794438444,-0.0114113442563056,1,1,1,46,58,1.0503139329057761e-12,7.207755916829353e-13,173,174,3.646095322366487e-12,3.625140751548289e-12,174,0,1
562,1,1,CADC0873,1,179,180,-2.1904585055555555e-06,5.135813689510475e-10,2.2662333704873543e-05,-1.3938524709107605,-0.0825066597335835,2,1,1,2,3,2.2567059658442548e-11,5.1707194724401215e-11,179,180,2.8691696589444007e-12,2.85322982750582e-12,180,1,1
563,0,1,CADC0873,1,175,176,-5.481933357954546e-06,3.9679613590452124e-10,1.9919742365415306e-05,-1.4874514328350243,0.0161292863447041,1,1,1,48,61,7.009598036848164e-13,5.603670705841424e-13,175,176,2.2674064908829788e-12,2.254523499457508e-12,176,0,1
564,1,0,CADC0873,1,177,178,-1.3631992702247191e-06,2.9429497515230195e-10,1.7155027693137132e-05,-1.3881633182576685,-0.099300443027436,1,1,1,16,20,1.1737408986525488e-12,1.76677677895128e-12,177,178,1.6626834754367341e-12,1.6533425570354041e-12,178,1,0
565,1,0,CADC0873,1,177,178,5.568302140449439e-06,1.925241809962748e-10,1.3875308320764436e-05,-1.182139523138756,-0.0766151774366022,1,1,1,13,16,9.552801721496108e-13,1.5646166713174177e-12,177,178,1.0877072372670893e-12,1.081596522450982e-12,178,1,0
566,0,0,CADC0873,1,179,180,6.026532722222221e-07,2.4545578628251065e-10,1.5667028636040422e-05,-1.4247893453367555,-0.0199987370943976,1,1,1,51,57,5.123414207891012e-13,6.301460954832799e-13,179,180,1.371261375879948e-12,1.3636432571250592e-12,180,0,0
567,0,1,CADC0873,1,180,181,-4.140155955801105e-06,2.924762678503694e-10,1.710193754667492e-05,-1.4150006471533736,-0.036088305048436,1,1,1,54,58,6.021037785261555e-13,7.516016427814265e-13,180,181,1.6248681547242745e-12,1.615890982598726e-12,181,0,1
568,0,1,CADC0873,1,181,182,-4.1619305719780215e-06,3.769194879990735e-10,1.941441443873787e-05,-1.5042561515878556,0.0666616819507801,1,1,1,56,66,6.928733144743676e-13,7.09714961267746e-13,181,182,2.0824281104921186e-12,2.070986197797107e-12,182,0,1
569,1,0,CADC0873,1,157,158,8.033583196835443e-06,3.6264245887126004e-10,1.904317355041591e-05,-1.0655295272396377,-0.1004938421398909,2,2,2,1,4,1.877996796269561e-11,3.682602501795995e-11,157,158,2.309824578797835e-12,2.295205435894051e-12,158,1,0
570,1,1,CADC0873,1,193,194,5.798176829896908e-06,6.141588712069874e-10,2.4782228939443437e-05,-1.317755470211787,0.0715518148824653,1,1,1,1,1,6.254610699593568e-12,1.1356505065961677e-11,193,194,3.1821703171346507e-12,3.165767377355606e-12,194,1,1
571,1,1,CADC0873,1,173,174,-2.93373433908046e-06,7.572117639294512e-10,2.7517481060763016e-05,-1.37650365724018,-0.0525631529266587,2,1,1,1,1,3.640618106343097e-11,1.0536611200784959e-10,173,174,4.376946612308967e-12,4.351791746720984e-12,174,1,1
572,0,1,CADC0873,1,185,186,-5.332718838709678e-06,9.43464202239685e-10,3.071586238801843e-05,-1.4953121874785282,-0.0263024372068742,1,1,1,48,56,1.36114690601729e-12,8.421599136218383e-13,185,186,5.099806498592893e-12,5.072388184084329e-12,186,0,1
573,1,1,CADC0873,1,182,183,-5.823235721311476e-06,6.968868213303102e-10,2.639861400396449e-05,-1.283291267062184,-0.2906108170883721,1,1,1,1,1,7.472346443158271e-12,1.3552977462478552e-11,182,183,3.8290484688478576e-12,3.808124706723007e-12,183,1,1
574,0,1,CADC0873,1,189,190,8.217037368421051e-07,7.195700209133076e-10,2.682480234621138e-05,-1.4865158095214257,0.0043845139125066,1,1,1,57,65,9.881817133168795e-13,5.89694228521042e-13,189,190,3.807248787901099e-12,3.78721063638583e-12,190,0,1
575,0,1,CADC0873,1,187,188,3.749299085106384e-06,5.226379713222644e-10,2.286127667743568e-05,-1.3504396868136828,-0.0724098708836704,1,1,1,50,59,9.301160795213685e-13,1.011943030247648e-12,187,188,2.794855461616387e-12,2.7799892091609805e-12,188,0,1
576,1,0,CADC0873,1,178,179,-3.9347292737430123e-07,2.4309433147694147e-10,1.559148265807141e-05,-1.1746427837789168,0.1657828678133292,2,2,2,1,2,7.680488844565865e-12,1.4968803342247053e-11,178,179,1.3656984914434913e-12,1.358068890932634e-12,179,1,0
577,0,1,CADC0873,1,177,178,-1.0566310657303371e-06,2.1866225550069758e-10,1.4787232854753374e-05,-1.4712828382195469,-0.0699185399482698,1,1,1,49,57,5.290810510561342e-13,6.987183563225617e-13,177,178,1.2353799745802124e-12,1.2284396376443684e-12,178,0,1
578,1,1,CADC0873,1,179,180,-2.014020322222222e-06,1.5770360666355238e-10,1.2558009661708036e-05,0.3510213755271127,-0.5798384008818683,2,2,1,2,3,2.1560049877531808e-11,4.28479428937504e-11,179,180,8.81025735550572e-13,8.761311481308465e-13,180,1,1
579,1,1,CADC0873,1,171,172,-8.532835232558139e-07,1.1769918155933584e-10,1.0848925364262393e-05,-1.3013140875018387,-0.1538658650254473,2,2,1,1,3,3.399091893034279e-12,6.533922622802891e-12,171,172,6.88299307364537e-13,6.84297567205441e-13,172,1,1
580,0,1,CADC0873,1,187,188,9.269253297872344e-07,1.5902265618061183e-10,1.2610418556916016e-05,-1.506480870354317,0.0190819372913476,1,1,1,51,56,3.993201106143337e-13,5.94209964153926e-13,187,188,8.50388535725197e-13,8.458651924500629e-13,188,0,1
581,0,1,CADC0873,1,187,188,2.0999678138297868e-06,1.446061648064251e-10,1.2025230343175348e-05,-1.502190591547847,0.0619476773583153,1,1,1,51,60,3.951543907323501e-13,6.110517297600732e-13,187,188,7.7329499896484e-13,7.691817276937506e-13,188,0,1
582,0,0,CADC0873,1,189,190,-3.543368947368421e-06,4.1343986610359815e-10,2.0333220750869705e-05,-1.4960498999687857,-0.0042213994597283,1,1,1,61,65,6.740231392401314e-13,6.543541377743529e-13,189,190,2.187512519066657e-12,2.175999295282096e-12,190,0,0
583,1,1,CADC0873,1,193,194,-2.1673943737113404e-06,4.3385858520364555e-10,2.0829272315749428e-05,-1.0043174824855623,0.2271831297825001,2,2,2,1,3,2.9246393255875896e-11,7.820510244256383e-11,193,194,2.24797194406034e-12,2.236384459812606e-12,194,1,1
584,0,1,CADC0873,1,191,192,5.340459023437501e-06,7.176389841455956e-10,2.678878467093264e-05,-1.4804315624468949,0.0410286238813347,1,1,1,57,63,1.0232023744893637e-12,7.79902469683205e-13,191,192,3.757272168301548e-12,3.737703042424977e-12,192,0,1
585,1,0,CADC0873,1,189,190,-3.2103657631578944e-06,7.52493502949906e-10,2.7431615026277728e-05,-1.129820883976288,0.1799463007270632,3,3,1,2,5,1.7092273055712278e-11,3.3304600687153866e-11,189,190,3.981447105555059e-12,3.960492120788979e-12,190,1,0
586,0,1,CADC0873,1,203,204,-5.036043e-06,9.146646213672083e-10,3.0243422778634176e-05,-1.4994299325480938,0.0072467773578222,1,1,1,47,66,1.0800085989555378e-12,6.079179229298127e-13,203,204,4.505737051069993e-12,4.483650104741218e-12,204,0,1
587,1,1,CADC0873,1,194,195,-1.5552824307692304e-05,3.1611409457242145e-10,1.7779597705584385e-05,-1.3762819913374904,-0.5134175414095293,1,1,1,1,3,2.56451577609813e-12,4.187942810283249e-12,194,195,1.6294540957341317e-12,1.6210979208842129e-12,195,1,1
588,0,1,CADC0873,1,215,216,2.730474810185189e-07,7.32724243409441e-10,2.7068879611270227e-05,-1.485622612767843,-0.0078266742427868,1,1,1,62,73,8.627547958944228e-13,7.143196919771664e-13,215,216,3.4080197367880977e-12,3.392241867636301e-12,216,0,1
589,0,1,CADC0873,1,203,204,-1.3290167647059006e-07,4.036148930581817e-10,2.0090169064947703e-05,-0.89583455372544,-0.472632553338852,1,1,1,62,69,5.465609182772431e-13,7.850517156175252e-13,203,204,1.9882507047201068e-12,1.978504377736185e-12,204,0,1
590,1,0,CADC0873,1,204,205,5.901464151219515e-07,1.9283740315328942e-10,1.388659076783389e-05,-0.7478911905113228,0.0265380165028413,3,2,2,2,5,7.0177044106278096e-12,1.390634519843228e-11,204,205,9.452813880063207e-13,9.406702592843386e-13,205,1,0
591,0,0,CADC0873,1,210,211,1.718740926540286e-06,2.342772408858432e-10,1.5306117760093288e-05,-1.3237751440741168,-0.1315898209570772,1,1,1,64,73,3.937276320675397e-13,5.616809255385637e-13,210,211,1.1156059089802057e-12,1.110318677184091e-12,211,0,0
592,1,1,CADC0873,1,194,195,-1.275361303076923e-06,8.774068800372643e-11,9.36699994682003e-06,-0.8586737228239278,-0.4961004971757697,2,2,1,3,7,1.6598144613669097e-12,3.4895872430821245e-12,194,195,4.5227158764807443e-13,4.499522461729561e-13,195,1,1
593,1,1,CADC0873,1,204,205,-2.1547941321951217e-06,1.2088117069354011e-10,1.0994597341128055e-05,-1.4369448901212476,-0.1176510849457859,2,2,1,1,5,2.8726889629900364e-12,5.627241637167845e-12,204,205,5.925547583016673e-13,5.896642472855615e-13,205,1,1
594,0,0,CADC0873,1,210,211,-5.609154976303323e-07,1.388318428451607e-10,1.178269251254401e-05,-1.500860582073222,-0.0140794589898975,1,1,1,65,71,3.547261590464576e-13,6.874272943165023e-13,210,211,6.611040135483844e-13,6.579708191713777e-13,211,0,0
595,1,1,CADC0873,1,210,211,2.233324222748815e-06,1.1855512224142902e-10,1.0888302082576008e-05,-1.340737674702476,-0.0324978817711657,2,1,1,25,34,6.80867531135732e-13,1.4000799933249873e-12,210,211,5.64548201149662e-13,5.618726172579574e-13,211,1,1
596,0,1,CADC0873,1,203,204,-1.6734823039215685e-06,1.5590532073309763e-10,1.2486205217482915e-05,-0.8838021757307066,-0.455091876066281,1,1,1,58,69,3.56169412514092e-13,7.152515181494598e-13,203,204,7.680065060743725e-13,7.642417682994983e-13,204,0,1
597,0,1,CADC0873,1,214,215,-2.5397930860465118e-06,3.7216808344265136e-10,1.9291658390160532e-05,-1.4953656873691223,-0.003556022089262,1,1,1,59,70,5.196732627888497e-13,5.81382016388851e-13,214,215,1.7391031936572493e-12,1.7310143415937273e-12,215,0,1
598,0,1,CADC0873,1,201,202,-5.529147031683167e-06,2.9808875391876393e-10,1.7265246998486986e-05,-1.4784950654951787,-0.0282757430291416,1,1,1,56,67,4.709249889967386e-13,5.090006177916766e-13,201,202,1.483028626461512e-12,1.4756869005879402e-12,202,0,1
599,0,1,CADC0873,1,203,204,4.837398918627452e-06,5.889272234350478e-10,2.426782279964661e-05,-1.4883753139614255,0.0442253027653629,1,1,1,62,68,8.037595467324065e-13,7.273267583384909e-13,203,204,2.901119327266245e-12,2.886898154093372e-12,204,0,1
600,0,0,CADC0873,1,206,207,4.025310743961351e-06,7.314965750676103e-10,2.7046193356323e-05,-1.4737433339685515,0.0226682235711286,1,1,1,52,75,9.640868493258179e-13,8.194811100282937e-13,206,207,3.550954247901021e-12,3.533799879553673e-12,207,0,0
601,0,1,CADC0873,1,218,219,9.024026598173512e-07,7.504600362979323e-10,2.7394525662948288e-05,-1.502860519142977,0.0465859057970058,1,1,1,53,69,9.958952033567953e-13,1.0230810098495004e-12,218,219,3.44247723072446e-12,3.426758156611563e-12,219,0,1
602,0,0,CADC0873,1,205,206,-1.0170743388349514e-05,4.806200080861377e-10,2.192304741786912e-05,-1.4514051445705636,-0.0481157357716017,1,1,1,55,67,7.306785331623036e-13,8.326022119340334e-13,205,206,2.344487844322624e-12,2.333106835369601e-12,206,0,0
603,0,1,CADC0873,1,240,241,-1.6662614594190866e-06,8.964343819861828e-10,2.9940514056812432e-05,-1.4932834695879675,-0.0164402317445212,1,1,1,66,77,9.845303146405569e-13,1.0274059876217558e-12,240,241,3.735143258275762e-12,3.71964473853188e-12,241,0,1
604,1,1,CADC0873,1,208,209,-1.1587311778468898e-05,2.672247300298246e-10,1.6347009819224574e-05,-0.7753039716572827,-0.5442391892137586,2,2,2,1,3,1.5553477663537176e-11,3.1265062922282936e-11,208,209,1.2847342789895413e-12,1.278587225023084e-12,209,1,1
605,0,0,CADC0873,1,260,261,4.186264419923371e-06,7.243158469804444e-10,2.691311663446737e-05,-1.352752306309069,-0.0715811535792421,1,1,1,78,92,7.094151238137533e-13,9.191870189733438e-13,260,261,2.7858301806940175e-12,2.775156501840784e-12,261,0,0
606,1,1,CADC0873,1,230,231,5.946156154978357e-06,3.7123312359422886e-10,1.926741092088475e-05,-0.6808751053871167,-0.4370166380807675,2,2,1,1,3,1.2631867988149988e-11,2.5174790957650503e-11,230,231,1.614057059105343e-12,1.6070697991092162e-12,231,1,1
607,1,1,CADC0873,1,222,223,2.158126847533632e-06,2.9226704255462016e-10,1.7095819446713286e-05,-0.9889775425097632,-0.2801376534846925,2,1,1,1,1,2.408617291864031e-11,7.17669958307965e-11,222,223,1.3165182097054962e-12,1.3106145406036778e-12,223,1,1
608,0,1,CADC0873,1,230,231,-5.623284359307359e-06,2.8297097812740705e-10,1.682174123351703e-05,-1.4696503488937442,-0.0063488145792968,1,1,1,63,79,4.51565743742209e-13,6.829762826442294e-13,230,231,1.2303086005539437e-12,1.2249825892961344e-12,231,0,1
609,1,1,CADC0873,1,232,233,-1.302382489270386e-07,5.059906822346824e-10,2.2494236644853773e-05,-1.3663339234846343,-0.1100447480980243,2,2,2,2,3,6.984612955640601e-12,1.3197843141225931e-11,232,233,2.180994319977079e-12,2.171633829333401e-12,233,1,1
610,1,0,CADC0873,1,227,228,4.378146798245618e-07,4.4245044923534597e-10,2.1034506156203097e-05,-1.2004587413287835,-0.0878473746524072,2,2,2,1,2,9.609513476414387e-12,1.8622248261878747e-11,227,228,1.9491209217416118e-12,1.9405721457690613e-12,228,1,0
611,0,0,CADC0873,1,224,225,7.611514888888889e-06,6.577119268046363e-10,2.564589493085855e-05,-1.4093672346457535,-0.0197722176583211,1,1,1,66,78,8.337399633617346e-13,9.467215513123024e-13,224,225,2.936213958949269e-12,2.9231641191317168e-12,225,0,0
612,0,1,CADC0873,1,231,232,-2.430365163793104e-06,7.350877080849727e-10,2.711250095592387e-05,-1.439216497269319,-0.015391010222663,1,1,1,58,76,9.188304567381605e-13,1.0601010843871337e-12,231,232,3.182197870497717e-12,3.1684815003662616e-12,232,0,1
613,0,1,CADC0873,1,263,264,7.83516295454545e-07,7.64368640667239e-10,2.7647217593588677e-05,-1.4367712236084769,-0.0323603894569142,1,1,1,68,86,7.310166282699165e-13,8.017770638422449e-13,263,264,2.906344641320301e-12,2.8953357601031784e-12,264,0,1
614,1,0,CADC0873,1,222,223,-1.5544786004484307e-05,1.3646006799630248e-10,1.1681612388549044e-05,-1.5500060900113073,-0.0990514064303827,2,2,1,2,5,3.4795380395603506e-12,6.625468523458877e-12,222,223,6.146849909743356e-13,6.11928556037231e-13,223,1,0
615,0,0,CADC0873,1,319,320,1.951685180937501e-06,4.781130722321244e-10,2.1865796857926864e-05,-1.4290707505958893,-0.0550502633016897,1,1,1,89,100,3.9293056169147997e-13,6.390132649194616e-13,319,320,1.4987870602887912e-12,1.494103350725389e-12,320,0,0
616,0,0,CADC0873,1,242,243,-1.339265757201646e-05,3.5341974695327034e-11,5.944911664215629e-06,-0.8220674002738582,-0.6806353758021495,1,1,1,76,84,2.257887054330579e-13,6.00318699179532e-13,242,243,1.4604121774928528e-13,1.4544022508365034e-13,243,0,0
617,1,1,CADC0873,1,299,300,2.3606182200000008e-06,1.5656883710274948e-10,1.2512746984685238e-05,-1.3299406660932485,-0.1329220869905339,2,2,1,1,12,1.8293868884310737e-12,3.732664935061863e-12,299,300,5.236415956613696e-13,5.218961236758317e-13,300,1,1
618,0,1,CADC0873,1,268,269,-3.0244435423791827e-06,9.917610838523343e-11,9.958720218242575e-06,-1.3692225483094962,-0.0904336717575329,1,1,1,76,86,2.7435993136919743e-13,6.617344037037481e-13,268,269,3.700601059150501e-13,3.6868441778897196e-13,269,0,1
619,0,1,CADC0873,1,250,251,3.2757652179282875e-06,8.357626611765702e-11,9.142005585081264e-06,-1.1002301344281324,-0.2733958311955232,1,1,1,75,79,2.520317702387163e-13,6.157514374582749e-13,250,251,3.343050644706281e-13,3.329731717834941e-13,251,0,1
620,0,1,CADC0873,1,277,278,1.327405536330936e-06,2.2164329899853475e-10,1.488768951175886e-05,-0.7221424145637867,-0.6255699081238433,1,1,1,73,88,3.43100909449606e-13,7.311974873730775e-13,277,278,8.001563140741328e-13,7.97278053951564e-13,278,0,1
621,0,1,CADC0873,1,278,279,2.0047935555555552e-06,4.3100309853367664e-10,2.07606141174503e-05,-1.4872428791303751,0.0325466839688497,1,1,1,85,93,4.312275343178374e-13,6.391455332400299e-13,278,279,1.5503708580348082e-12,1.5448139732389846e-12,279,0,1
622,0,1,CADC0873,1,252,253,-1.1066349449802373e-05,2.9451537735332797e-10,1.7161450327793627e-05,-1.1501945331816503,-0.2881158736636934,1,1,1,76,85,4.1123840851520913e-13,7.431804390729453e-13,252,253,1.1687118148941586e-12,1.1640924006060394e-12,253,0,1
623,1,0,CADC0873,1,277,278,-1.0681148053956835e-05,5.373288884005348e-10,2.318035565733483e-05,-1.274461863138737,0.1210198877091312,1,1,1,1,2,1.8121347780165644e-11,5.1726906459546725e-11,277,278,1.939815481590378e-12,1.9328377280594777e-12,278,1,0
624,0,1,CADC0873,1,301,302,4.268021966887418e-06,5.629414043770022e-10,2.3726386247741188e-05,-0.9134367881974002,-0.4648841364237882,1,1,1,93,103,4.4577239433120075e-13,7.429456355494599e-13,301,302,1.870237223843861e-12,1.864044385354312e-12,302,0,1
625,0,1,CADC0873,1,362,363,-2.739956841597797e-06,4.738526498267468e-10,2.1768156785239003e-05,-1.313935137779975,-0.1406367076521051,1,1,1,102,117,3.283372983800871e-13,7.03113375352574e-13,362,363,1.3089852205158752e-12,1.305379200624647e-12,363,0,1
626,1,1,CADC0873,1,336,337,-1.3439459567655788e-05,1.5447235543644704e-10,1.24286908174774e-05,-1.0123959935635545,-0.5672862874843846,2,2,2,1,3,5.0255738588886585e-12,1.0158765212788993e-11,336,337,4.597391530846639e-13,4.583749419479142e-13,337,1,1
627,1,0,CADC0873,1,355,356,5.4298809050561794e-06,4.0194340747011876e-10,2.0048526316667737e-05,-0.940611268891403,-0.2817495217010028,2,2,2,1,3,4.135393987565205e-12,8.191077380533233e-12,355,356,1.1322349506200528e-12,1.1290545153655022e-12,356,1,0
628,0,0,CADC0873,1,329,330,-9.11117470848485e-06,3.0513035197898166e-10,1.74679807642149e-05,-1.470840582265048,-0.0195270655270992,1,1,1,96,108,3.601181211840568e-13,7.082899211672725e-13,329,330,9.274478783555674e-13,9.246374302393385e-13,330,0,0
629,0,1,CADC0873,1,310,311,-1.294745764340836e-05,1.0421498556145852e-10,1.0208574119898355e-05,-1.1753026874025967,-0.2910185054519421,1,1,1,88,100,2.1518449225158026e-13,4.939625872267572e-13,310,311,3.361773727788985e-13,3.350964165963297e-13,311,0,1
630,0,0,CADC0873,1,321,322,-4.994717248447197e-07,4.615276402693372e-10,2.148319436837402e-05,-1.3998136233987564,0.0486306121875062,1,1,1,97,113,4.091113319644553e-13,6.209825499993116e-13,321,322,1.4377808108079041e-12,1.433315653010364e-12,322,0,0
631,0,1,CADC0873,1,325,326,-5.254405487730061e-06,5.561344721817214e-10,2.358250351811108e-05,-1.4988253478422526,0.0121334351651656,1,1,1,94,113,4.5116936736289604e-13,6.723539068181527e-13,325,326,1.711182991328374e-12,1.705933963747612e-12,326,0,1
632,1,0,CADC0873,1,290,291,-1.2117553608247424e-05,1.8813563251512406e-10,1.3716254317966114e-05,-0.7555706250208294,-0.6616732149976254,2,1,1,22,48,4.933321519906359e-13,9.9031588895937e-13,290,291,6.487435603969795e-13,6.465142010829005e-13,291,1,0
633,0,0,CADC0873,1,390,391,2.970240918414321e-06,5.908005259188323e-10,2.430638858240426e-05,-1.3623100451195218,-0.0669820350425674,1,1,1,115,128,3.623720457852364e-13,6.822689328327499e-13,390,391,1.514873143381621e-12,1.510998787516195e-12,391,0,0
634,1,1,CADC0873,1,397,398,-2.289782940502513e-06,2.9616813862966727e-10,1.72095362700355e-05,-0.9185141188270416,-0.7313333150034609,3,2,2,4,8,5.676023932685339e-12,1.154770524843956e-11,397,398,7.460154625432426e-13,7.44141051833335e-13,398,1,1
635,1,1,CADC0873,1,296,297,4.560616185185184e-06,1.6048893867154924e-10,1.2668422895986274e-05,-0.753669931429882,-0.8443159077969206,2,1,1,1,4,3.421549179662884e-12,7.041850570801138e-12,296,297,5.421923603768557e-13,5.403667968739031e-13,297,1,1
636,0,1,CADC0873,1,353,354,-8.328565974576277e-07,2.0849154208067407e-10,1.4439236201429564e-05,-1.4848766038769978,0.027653053948177,1,1,1,101,118,2.7819068005271043e-13,6.058906187471585e-13,353,354,5.906275979622496e-13,5.889591584199832e-13,354,0,1
637,1,1,CADC0873,1,371,372,7.428311561827965e-07,2.0013048205490775e-10,1.4146748108837868e-05,-1.36252350715378,-0.0928527596130259,2,2,2,3,12,1.28500304957818e-12,2.653572908470577e-12,371,372,5.39435261603525e-13,5.379851668142683e-13,372,1,1
638,1,0,CADC0873,1,270,271,-9.803891918819188e-06,5.3089852110110696e-11,7.286278344265384e-06,-1.3624122713462097,-0.2765959960957709,1,1,1,2,2,2.313625745527656e-12,4.7881661645352694e-12,270,271,1.966290818892989e-13,1.959035133214417e-13,271,1,0
639,1,1,CADC0873,1,354,355,-3.1841948042253533e-06,2.204289427884685e-10,1.4846849591360064e-05,1.1270384665511024,-0.727004881188215,3,2,1,3,3,2.113084331428511e-11,6.160664904323941e-11,354,355,6.226806293459561e-13,6.209265994041365e-13,355,1,1
640,0,1,CADC0873,1,390,391,-3.405585696675193e-06,8.060231403432755e-10,2.8390546672145565e-05,-1.4815556486220247,0.037896907022386,1,1,1,118,134,4.2784017285493243e-13,6.693257288995194e-13,390,391,2.066726000880194e-12,2.0614402566324185e-12,391,0,1
641,1,1,CADC0873,1,328,329,-2.5333686930091185e-05,1.2892159509773188e-10,1.1354364583618578e-05,4.857953184279241,-1.2294571196622253,2,2,3,2,2,5.144291141983158e-11,1.505520283254357e-10,328,329,3.93053643590646e-13,3.918589516648386e-13,329,1,1
642,1,1,CADC0873,1,572,573,2.4462507998254803e-06,7.835468816684894e-10,2.79919074317648e-05,-1.2436133799976543,0.0723100480254811,2,2,2,2,2,2.0037118836700728e-11,5.584422526282879e-11,572,573,1.3698372057141422e-12,1.3674465648664737e-12,573,1,1
643,0,1,CADC0873,1,387,388,-9.357890458762888e-06,3.9128022935814864e-10,1.978080456801868e-05,-1.22465712173522,-0.1848104611880856,1,1,1,124,134,3.278917752968776e-13,7.692913759149896e-13,387,388,1.0110600241812626e-12,1.0084541993766718e-12,388,0,1
644,0,1,CADC0873,1,473,474,3.9801516989451485e-06,2.037504627485764e-10,1.427411863298664e-05,-1.1224664446690489,-0.1215493521610279,1,1,1,144,155,2.597408708751861e-13,6.702875840977898e-13,473,474,4.307620776925506e-13,4.298532969379249e-13,474,0,1
645,1,1,CADC0873,1,334,335,-8.542883764776122e-06,1.1672585917142394e-10,1.0803974230412803e-05,-0.2902265994752193,-1.0007413097515363,2,2,2,2,4,2.4750723661311682e-12,5.239170318158857e-12,334,335,3.4947862027372445e-13,3.4843540051171334e-13,335,1,1
646,1,1,CADC0873,1,350,351,-6.354020421367522e-06,2.4591697265060247e-10,1.568174010276291e-05,-1.330005678273515,-0.0341507383775416,2,2,2,1,4,2.2041589290087147e-12,4.599174340818868e-12,350,351,7.026199218588645e-13,7.006181556997223e-13,351,1,1
647,0,0,CADC0873,1,412,413,2.08230318087167e-06,5.094468432225626e-10,2.2570929161701843e-05,-1.469208675627947,0.0170551563638472,1,1,1,116,139,3.314105201559714e-13,5.969693254862547e-13,412,413,1.2365214641324338e-12,1.233527465429934e-12,413,0,0
648,1,1,CADC0873,1,285,286,-2.205278111888112e-05,9.704970016432881e-11,9.851380622244215e-06,31.201842346507235,4.374560239157033,1,1,1,2,3,3.585515694721033e-11,7.133825191467117e-11,285,286,3.405252637344871e-13,3.3933461595919174e-13,286,1,1
649,0,1,CADC0873,1,385,386,8.873186415414507e-06,2.5711402372263683e-10,1.6034775449710445e-05,-1.3580490822937488,-0.0436197741650213,1,1,1,106,120,2.652860038803997e-13,5.456638035246951e-13,385,386,6.678286330458099e-13,6.660985070534633e-13,386,0,1
650,1,1,CADC0873,1,348,349,-3.3535688905444143e-06,1.265614553803883e-10,1.1249953572365904e-05,-0.5678205357266006,-0.6968804891506,2,2,2,1,3,4.560469874766701e-12,9.32262514401934e-12,348,349,3.6368234304709294e-13,3.626402732962417e-13,349,1,1
651,0,1,CADC0873,1,369,370,-6.120889681081081e-06,1.500604310340664e-10,1.2249915552119794e-05,-1.390819526193564,-0.1411070090115151,1,1,1,96,114,2.6793016777958885e-13,6.200484006949155e-13,369,370,4.066678347806678e-13,4.055687325245038e-13,370,0,1
652,0,1,CADC0873,1,477,478,3.07316481589958e-07,2.8066356975369433e-10,1.675301673591041e-05,-1.456925515736977,-0.0347487758367279,1,1,1,146,165,2.839951813806874e-13,7.272235848755423e-13,477,478,5.883932279951663e-13,5.871622798194442e-13,478,0,1
653,1,1,CADC0873,1,387,388,-3.0849258865979383e-06,3.238299067443041e-10,1.799527456707188e-05,-1.140188378634576,0.1123737015212745,2,2,2,1,2,4.57350836995033e-12,9.259463058702424e-12,387,388,8.367697848690029e-13,8.346131617121239e-13,388,1,1
654,0,1,CADC0873,1,396,397,1.213706056952141e-05,4.862785747736965e-10,2.2051724984084498e-05,-0.8049530159045046,-0.7224391591058799,1,1,1,127,132,2.461911951454108e-13,5.393657545953352e-13,396,397,1.227976198923476e-12,1.2248830598833665e-12,397,0,1
655,1,0,CADC0873,1,359,360,-6.692731736111111e-06,3.321272659193155e-10,1.822435913603865e-05,-1.4834366482452193,-0.3566094040618849,1,2,2,2,3,1.061075175674281e-11,2.6610210197258298e-11,359,360,9.251455875189846e-13,9.225757386647653e-13,360,1,0
656,0,1,CADC0873,1,322,323,-3.049672817337461e-05,1.4227632727905952e-11,3.771953436603632e-06,-1.2340583895539976,-0.2300564479026407,2,1,1,104,108,1.9623297779869597e-13,5.531091160493392e-13,322,323,4.418519480716134e-14,4.404839853840852e-14,323,0,1
657,1,1,CADC0873,1,447,448,-1.5673420758928692e-07,6.88769859439348e-10,2.6244425302135084e-05,-1.4200447904710456,0.047637110787798,2,2,2,2,3,2.963637247341221e-11,8.429265415101735e-11,447,448,1.540872168768117e-12,1.5374327219628309e-12,448,1,1
658,0,1,CADC0873,1,434,435,-4.042040784827585e-06,4.763282084384145e-10,2.1824944637694147e-05,-1.421526088689126,0.1172091442272923,1,1,1,133,149,3.4034911049134653e-13,7.144768659434382e-13,434,435,1.0975304341898953e-12,1.095007375720493e-12,435,0,1
659,0,1,CADC0873,1,442,443,-4.103288391873589e-06,1.8412679094434243e-10,1.3569332737623558e-05,-1.2920231423171742,-0.1806535233199896,1,1,1,135,149,2.5147814881423457e-13,6.558831663435351e-13,442,443,4.1657645010032236e-13,4.1563609693982493e-13,443,0,1
660,0,1,CADC0873,1,362,363,8.817695077134986e-06,1.276977380425389e-10,1.1300342386075695e-05,-1.3594811421627664,-0.0879353034885385,1,1,1,109,118,2.141494098727001e-13,5.361139972985108e-13,362,363,3.5275618243795285e-13,3.517844023210439e-13,363,0,1
661,0,1,CADC0873,1,390,391,-1.4908418473145784e-06,2.243492768338445e-10,1.4978293522088707e-05,-1.081238137397236,-0.5106796049587627,1,1,1,130,137,2.278336100254343e-13,5.802733176625147e-13,390,391,5.752545559842167e-13,5.737833167105998e-13,391,0,1
662,1,1,CADC0873,1,672,673,2.625470122897474e-06,4.600884564906194e-10,2.144967264297102e-05,-1.269065482332875,-0.1880213089239865,3,2,1,2,3,5.385482679593137e-12,1.4869142018594828e-11,672,673,6.846554412062789e-13,6.836381225714998e-13,673,1,1
1013,1,1,CADC0873,5,691,123,2.2971141389430892e-05,3.522222877052225e-10,1.876758609158947e-05,-1.6890383647252398,-0.1315884693354403,3,2,2,3,7,7.576284930157188e-11,1.691306576035517e-10,10285,615,5.097283468961254e-13,2.8635958350018088e-12,123,1,1
1014,1,1,CADC0873,5,957,192,-1.1857176302083336e-06,1.1671011648989748e-10,1.0803245646096246e-05,-1.0906810647577383,0.0415618384945149,2,2,1,3,11,1.4707343100732498e-12,2.884207234316111e-12,4797,960,1.2195414471253654e-13,6.078651900515493e-13,192,1,1
1015,1,1,CADC0873,5,580,117,3.7357128717948713e-06,2.835440539490516e-10,1.6838766402235397e-05,-1.1200132656792186,0.0877690551187891,3,1,1,2,5,1.5804898832788962e-11,3.059170239662204e-11,2900,585,4.888690585328475e-13,2.4234534525559967e-12,117,1,1
1016,0,0,CADC0873,5,515,104,-2.427519125e-06,3.82266646170187e-10,1.9551640498182933e-05,-1.4500108461237573,0.1838559979820379,1,1,1,27,32,1.7207155424473368e-12,7.681035008513518e-13,2575,520,7.422653323692951e-13,3.67564082855949e-12,104,0,0
1017,0,0,CADC0873,5,560,113,-1.2543358955752214e-05,3.0644653103909267e-10,1.7505614271972653e-05,-1.3407392519807757,0.0158147501287229,1,1,1,31,42,1.0806604020758556e-12,6.719368860060808e-13,2800,565,5.472259482840942e-13,2.711916203885776e-12,113,0,0
1018,0,1,CADC0873,5,545,110,-1.0538102345454548e-05,4.619605899357066e-10,2.149326847958929e-05,-1.4461282295114115,0.2030485144068808,1,1,1,28,36,1.7976818531004356e-12,6.537692752725064e-13,2725,550,8.476341099737735e-13,4.1996417266882416e-12,110,0,1
1019,0,1,CADC0873,5,510,103,-2.3869333009708735e-05,4.6960648091143365e-11,6.852783966472558e-06,-1.0557571398400414,-0.238931683856446,1,1,1,31,32,4.0780596268069963e-13,7.504991365709241e-13,2550,515,9.20797021394968e-14,4.559286222441103e-13,103,0,1
1020,0,1,CADC0873,5,635,128,8.538306203125002e-06,4.698490189503624e-10,2.1676000990735408e-05,-1.3344286417528195,0.2199464996822283,1,1,1,34,42,1.4899010113795717e-12,6.739837228934881e-13,3175,640,7.399197148824605e-13,3.670695460549706e-12,128,0,1
1021,0,1,CADC0873,5,395,80,4.58425345e-06,3.828726467691662e-10,1.9567131797204366e-05,-1.2544853293189366,-0.1346273151418231,1,1,1,16,24,2.302172201737251e-12,5.914585652780748e-13,1975,400,9.692978399219397e-13,4.7859080846145766e-12,80,0,1
1022,0,1,CADC0873,5,350,71,-4.43960061971831e-06,1.0965751349516084e-10,1.0471748349495458e-05,-1.2581931301259093,-0.1050618920504272,1,1,1,22,22,1.10128297478529e-12,9.448631186371337e-13,1750,355,3.1330718141474525e-13,1.5444720210586037e-12,71,0,1
1023,0,1,CADC0873,5,570,115,5.001179967826087e-06,1.8388656276992006e-10,1.3560477969818027e-05,-0.9050359809427836,-0.1736775658327947,1,1,1,32,39,8.374187183243384e-13,6.03788944840144e-13,2850,575,3.226080048595089e-13,1.599013589303653e-12,115,0,1
1024,0,0,CADC0873,5,435,88,-2.147229170454545e-06,2.3937746831175347e-11,4.892621672597969e-06,-1.1115764861912345,-0.1636595749489861,1,1,1,29,29,3.158725209243227e-13,5.695907641329918e-13,2175,440,5.502930306017322e-14,2.720198503542653e-13,88,0,0
1025,1,1,CADC0873,5,470,95,-4.796416357894737e-06,2.703144259197862e-10,1.6441241617341017e-05,-1.0172802451902687,-0.2751736580111143,2,2,1,10,16,9.24679032095068e-12,1.9842109353582555e-11,2350,475,5.751370764250771e-13,2.845415009681961e-12,95,1,1
1026,0,1,CADC0873,5,1245,250,8.0752267252e-06,2.509728297733047e-10,1.584212200979732e-05,-1.422094179211783,-0.1147781044523936,1,1,1,77,84,3.168563000935438e-13,5.172083852222735e-13,6225,1250,2.01584602227554e-13,1.0038913190932188e-12,250,0,1
1027,0,1,CADC0873,5,990,199,6.730099454271358e-06,1.3924807039062027e-10,1.1800341960749284e-05,-1.5086297727249105,-0.000385909800286,1,1,1,55,65,3.2238383559762245e-13,5.227823927662943e-13,4950,995,1.4065461655618212e-13,6.997390471890467e-13,199,0,1
1028,0,1,CADC0873,5,980,197,2.030941347868021e-06,3.0098321848138136e-11,5.4861937486875306e-06,-0.1957690582623708,-0.8676263451285092,1,1,1,67,68,2.433418605950656e-13,6.176364177850106e-13,4900,985,3.071257331442667e-14,1.5278335963521896e-13,197,0,1
1029,0,1,CADC0873,5,1070,215,8.069335525581394e-06,4.0060423699155466e-11,6.329330430555468e-06,-1.458478327569719,-0.0212657975556088,1,1,1,65,72,2.862048580444327e-13,7.630056011841201e-13,5350,1075,3.7439648316967735e-14,1.8632755208909522e-13,215,0,1
1030,0,0,CADC0873,5,885,178,9.700201382022473e-06,2.4932813990394343e-11,4.993276879003842e-06,-0.2071155135168982,-0.899547976072169,1,1,1,56,58,2.314641656361817e-13,6.177408178203163e-13,4425,890,2.817267117558683e-14,1.400719887100806e-13,178,0,0
1031,0,1,CADC0873,5,275,56,-5.052264660714286e-06,3.2117668233164577e-10,1.7921402911927566e-05,-1.4822294960332094,0.0082972235286758,1,1,1,8,17,4.421627262824466e-12,7.956832090532649e-13,1375,280,1.1679152084787121e-12,5.73529789877939e-12,56,0,1
1032,0,1,CADC0873,5,235,48,-4.506435333333334e-06,3.4676163925715605e-10,1.862153697354641e-05,-1.498021465708702,-0.0215934842203809,1,1,1,5,15,6.319354050233508e-12,8.087033894905937e-13,1175,240,1.475581443647473e-12,7.224200817857418e-12,48,0,1
1033,0,1,CADC0873,5,225,46,6.626704782608694e-06,6.172002092929074e-10,2.484351443119325e-05,-1.4705897023742198,0.0479712717708127,1,1,1,4,14,1.1945167183952095e-11,1.487946716376445e-12,1125,230,2.7431120413018117e-12,1.3417395854193639e-11,46,0,1
1034,0,1,CADC0873,5,230,47,6.62264493617021e-06,7.846940702592353e-10,2.801239136987836e-05,-1.4250905881935263,0.0355448036690419,1,1,1,4,16,1.465604729354677e-11,2.375454285073424e-12,1150,235,3.4117133489531974e-12,1.6695618516153944e-11,47,0,1
1035,0,1,CADC0873,5,225,46,9.770738413043475e-06,7.268153411579288e-10,2.695951299927224e-05,-1.2904609021546236,-0.0706756263812322,1,1,1,4,17,1.3918617385010446e-11,1.8500796052638207e-12,1125,230,3.2302904051463504e-12,1.5800333503433237e-11,46,0,1
1036,1,1,CADC0873,5,315,64,5.175846875e-07,3.106741736016874e-10,1.7625951707686235e-05,-1.191440570975259,0.3888900846229436,2,2,1,3,11,4.052407641825252e-11,8.238907084914953e-11,1575,320,9.862672177831345e-13,4.854283962526365e-12,64,1,1
1171,0,1,CADC0873,5,775,156,-1.4977944224358971e-05,2.7684092701316905e-10,1.663853740606935e-05,-1.451591239317861,0.1705019394125655,1,1,1,40,48,6.85480128946394e-13,6.628469553734424e-13,3875,780,3.572140993718311e-13,1.774621327007494e-12,156,0,1
1172,0,1,CADC0873,5,525,106,4.837359070754717e-06,2.21513841290424e-10,1.4883341066118991e-05,-1.472772931547792,0.2142186744309811,1,1,1,29,33,1.0758399315159706e-12,8.30480999260085e-13,2625,530,4.2193112626747445e-13,2.0897532197209813e-12,106,0,1
1173,0,1,CADC0873,5,495,100,4.28058668e-06,4.66443042078764e-10,2.1597292471019696e-05,-1.407867945843621,0.1476467888156948,1,1,1,20,34,2.186677572844977e-12,7.91717729876564e-13,2475,500,9.42309175916695e-13,4.66443042078764e-12,100,0,1
1174,0,1,CADC0873,5,525,106,-5.220210990566038e-06,5.530914399005239e-10,2.3517896162295724e-05,-1.3949687298837925,0.1828492988790829,1,1,1,19,33,2.1971856884172453e-12,7.404402572533509e-13,2625,530,1.0535075045724264e-12,5.217843772646452e-12,106,0,1
1175,0,1,CADC0873,5,620,125,-1.3272363110399998e-05,3.728525672238841e-10,1.930939064869433e-05,-1.3785802705507588,0.2449754959262584,1,1,1,29,40,1.1819689723830878e-12,6.24833336707645e-13,3100,625,6.013751084256195e-13,2.982820537791073e-12,125,0,1
1176,0,0,CADC0873,5,515,104,2.6676479711538464e-05,2.1459011552317972e-10,1.4648894686056683e-05,-1.16718388400274,-0.2131602487615853,1,1,1,25,30,8.261627297785086e-13,7.120211177682812e-13,2575,520,4.166798359673393e-13,2.06336649541519e-12,104,0,0
1177,0,0,CADC0873,5,505,102,2.58719924509804e-05,9.97434205182773e-11,9.987162786210972e-06,-1.179389956539014,-0.2052781926310764,1,1,1,27,34,4.81455229862151e-13,5.305745306217906e-13,2525,510,1.975117237985689e-13,9.778766717478166e-13,102,0,0
1178,0,1,CADC0873,5,670,135,1.4095842966148148e-05,1.4029330531797829e-10,1.1844547493170785e-05,-0.9646031500191876,-0.4542929625355592,1,1,1,42,46,4.207009879943668e-13,6.643559862827436e-13,3350,675,2.0939299301190798e-13,1.0392096690220616e-12,135,0,1
1179,0,1,CADC0873,5,615,124,7.808766379032256e-06,2.43858580351483e-10,1.5615971963073034e-05,-1.4291123166956614,0.2537273358961037,1,1,1,35,42,8.878429920555894e-13,7.415288075329442e-13,3075,620,3.9651801683167984e-13,1.966601454447444e-12,124,0,1
1180,0,1,CADC0873,5,600,121,8.891236694214877e-07,3.6714548407584277e-10,1.9161040787907186e-05,-1.4362106492130058,0.1270339549691564,1,1,1,36,40,1.257607015610022e-12,7.16262241097676e-13,3000,605,6.119091401264047e-13,3.034260198973908e-12,121,0,1
1181,0,1,CADC0873,5,530,107,4.377031121495327e-06,8.021137809115049e-10,2.8321613317597303e-05,-1.3362806432018086,0.0561059223506037,1,1,1,19,33,2.6644375178947186e-12,7.721233946957461e-13,2650,535,1.5134222281349149e-12,7.496390475808457e-12,107,0,1
1182,0,0,CADC0873,5,615,124,-1.4806638927419354e-05,2.9530530273497306e-10,1.718444944520985e-05,-1.375998854666451,0.0215663017221021,1,1,1,37,39,9.418430707650773e-13,7.757546437580771e-13,3075,620,4.801712239593059e-13,2.3814943768949442e-12,124,0,0
1183,1,0,CADC0873,5,484,73,-3.483687068493151e-06,4.1366680665369614e-10,2.033880052150805e-05,-1.1187194084150298,-0.3538341250313752,2,1,1,1,6,1.7154743485767584e-11,3.158558577629212e-11,17928,365,8.546834848216866e-13,5.666668584297209e-12,73,1,0
1184,0,0,CADC0873,5,432,87,-1.7754537586206897e-05,5.593950657638383e-11,7.479271794525442e-06,-0.3341481487616362,-0.7107633780122471,1,1,1,25,29,5.486589178550567e-13,8.011322910038748e-13,2200,435,1.2948959855644405e-13,6.429828342113084e-13,87,0,0
1185,0,1,CADC0873,5,465,94,-2.073752792978724e-05,2.76611990319224e-10,1.663165627107607e-05,-1.2724178438826792,-0.1286152097177212,1,1,1,24,29,1.3669049355970417e-12,9.041786087455828e-13,2361,470,5.948644953101592e-13,2.9426807480768517e-12,94,0,1
1186,1,1,CADC0873,5,835,160,5.522882461687501e-07,4.16842960146881e-10,2.04167323572329e-05,-1.023088408250943,0.3349471162028714,2,2,1,2,3,4.926661705356364e-11,1.431265498473457e-10,5975,800,4.992131259244084e-13,2.6052685009180067e-12,160,1,1
1187,0,1,CADC0873,5,500,101,1.353925053960396e-05,1.9618387881041743e-10,1.4006565560851006e-05,-1.3967328680885132,0.0047107458427755,1,1,1,28,33,9.174530776807254e-13,6.58101091202029e-13,2500,505,3.923677576208349e-13,1.9424146416873016e-12,101,0,1
1188,0,1,CADC0873,5,725,146,-1.0065025890410943e-07,4.714716522416361e-10,2.1713397989297677e-05,-1.1615266081080389,-0.2311894441571073,1,1,1,35,48,7.599421524277867e-13,4.3471196212774383e-13,3625,730,6.503057272298431e-13,3.2292578920660017e-12,146,0,1
1189,1,0,CADC0873,5,870,175,1.7082065914285715e-05,9.821752556425152e-11,9.910475546826776e-06,-0.5491065799633299,-0.4288631144022721,19,5,2,20,21,6.582765186853374e-11,1.9545278953215686e-10,4350,875,1.1289370754511669e-13,5.612430032242944e-13,175,1,0
1190,0,0,CADC0873,5,460,93,-1.0013619688172044e-06,9.423433992441678e-10,3.069761227268609e-05,-1.471300480643183,0.1110217933341599,1,1,1,6,9,5.461243886769675e-12,3.3757103623635735e-12,2300,465,2.0485726070525386e-12,1.0132724723055568e-11,93,0,0
1191,0,1,CADC0873,5,400,81,-7.543322086419753e-06,6.934569419526643e-10,2.633357062672406e-05,-1.4654707828333875,0.0826458925803019,1,1,1,15,26,4.367555060005213e-12,8.348994786904216e-13,2000,405,1.733642354881661e-12,8.561196814230423e-12,81,0,1
1192,1,1,CADC0873,5,456,92,-2.436841717391304e-06,3.248474464715481e-10,1.802352480708333e-05,-0.7937499091808826,0.0148371308138016,1,1,1,4,12,4.817813928108371e-12,3.5959111826264696e-12,2286,460,7.123847510340969e-13,3.530950505125524e-12,92,1,1
1193,0,1,CADC0873,5,310,63,3.6311094920634927e-06,5.816882978982863e-10,2.4118215064516822e-05,-1.4067721665600754,0.0341698031702652,1,1,1,10,20,6.411670268271057e-12,1.219976960654056e-12,1550,315,1.876413864188021e-12,9.233147585687088e-12,63,0,1
1194,0,0,CADC0873,5,285,58,-1.943617735172414e-06,4.16769327232272e-10,2.041492902834276e-05,-1.4636675726816089,-0.0505811929795342,1,1,1,5,16,5.195671324103369e-12,5.003933031902537e-13,1425,290,1.462348516604463e-12,7.185678055728827e-12,58,0,0
1195,0,1,CADC0873,5,266,54,1.2352353148148144e-06,2.2306566808076242e-10,1.49353830911953e-05,-1.3529593307072183,-0.0594054475413641,1,1,1,10,18,3.227871339440499e-12,7.27272925041015e-13,1336,270,8.385927371457236e-13,4.130845705199304e-12,54,0,1
1196,0,1,CADC0873,5,281,57,-6.719469719298246e-06,2.534836296755511e-10,1.592116923079304e-05,-1.441404472554171,0.0631407962504086,1,1,1,11,19,3.3670705991402654e-12,9.052947565509028e-13,1425,285,9.020769739343456e-13,4.4470812223780895e-12,57,0,1
1197,0,1,CADC0873,5,264,54,8.327526037037036e-06,3.640970256658789e-10,1.9081326622273382e-05,-0.98581285464715,-0.432506483798871,1,1,1,9,18,3.849851445130579e-12,8.830555603287551e-13,1336,270,1.3791554002495413e-12,6.742537512331089e-12,54,0,1
1198,0,0,CADC0873,5,275,56,2.178075892857143e-06,3.6502337833198844e-10,1.910558500365766e-05,-1.512847529381968,0.0254659241929815,1,1,1,7,17,4.925640042197356e-12,8.107648995698221e-13,1397,280,1.327357739389049e-12,6.5182746130712224e-12,56,0,0
1199,0,1,CADC0873,5,242,49,-6.41503795918367e-07,1.4206516220508738e-10,1.1919109119606524e-05,-0.92184205980643,-0.5016231535208191,1,1,1,11,16,1.947993054303832e-12,6.087309811360216e-13,1232,245,5.870461248144106e-13,2.8992890245936198e-12,49,0,1
1200,0,1,CADC0873,5,240,49,3.75364263877551e-06,2.5442679394551896e-10,1.5950761547509856e-05,-1.0746854016806031,-0.4137340826586285,1,1,1,5,16,3.2388729966109805e-12,4.676647082058885e-13,1200,245,1.0601116414396625e-12,5.1923835499085495e-12,49,0,1
1201,0,0,CADC0873,5,271,55,-2.912630701818182e-06,4.4563267095183533e-10,2.1110013523250888e-05,-1.3939949033842989,-0.0799552259428101,1,1,1,5,18,5.959266138474404e-12,6.652705125306556e-13,1361,275,1.644400999822271e-12,8.10241219912428e-12,55,0,0
1202,1,1,CADC0873,5,310,53,-7.918431171698112e-06,7.605351265616691e-10,2.757780133661255e-05,-0.8727120589418691,0.3781797931699778,2,1,1,2,3,2.8026152570563867e-10,7.792734385863372e-10,4300,265,2.453339117940868e-12,1.4349719369088091e-11,53,1,1
1203,0,0,CADC0873,5,265,54,-1.0560448518518518e-06,3.484166521667949e-10,1.8665922215813367e-05,-1.4713468861408598,-0.0366415823212502,1,1,1,11,16,5.067343673796193e-12,9.499121227272358e-13,1343,270,1.3147798194973394e-12,6.452160225311018e-12,54,0,0
1204,1,0,CADC0873,5,331,67,-8.703128059701491e-07,2.775129190976668e-10,1.6658719011306564e-05,-1.1996198830082938,0.2087001352542775,9,2,2,10,12,1.757667335152816e-10,4.858439282742613e-10,1663,335,8.384076105669692e-13,4.141983867129355e-12,67,1,0
1205,0,0,CADC0873,5,205,42,-9.089827666666666e-06,1.0639995072441344e-10,1.0315035178050216e-05,-1.4943245071041489,-0.0299586895116472,1,1,1,8,11,2.7063208435327908e-12,8.435183744905002e-13,1025,210,5.190241498751875e-13,2.533332160105082e-12,42,0,0
1206,0,0,CADC0873,5,240,49,3.4143774081632653e-06,6.573441222709763e-10,2.563872310141393e-05,-1.3574123986357995,-0.1349809216991692,1,1,1,4,14,1.1251747594153118e-11,1.7290722156450424e-12,1200,245,2.7389338427957344e-12,1.3415186168795434e-11,49,0,0
1207,1,1,CADC0873,5,230,47,-4.583778085106382e-06,5.151779737447049e-10,2.269753232720916e-05,-1.292439740235496,-0.02645300674072,2,1,1,1,1,4.346159683933233e-11,7.310031778099357e-11,1150,235,2.23990423367263e-12,1.096123348392989e-11,47,1,1
1208,0,1,CADC0873,5,220,45,-3.6802022222222205e-07,4.2811879022006867e-10,2.0691031637404372e-05,-1.4882542379858033,-0.1095380277660695,1,1,1,4,17,8.794479451030992e-12,8.849607215346688e-13,1100,225,1.9459945010003122e-12,9.513750893779305e-12,45,0,1
1209,0,1,CADC0873,5,210,43,-2.747563906976744e-06,3.59086310769168e-10,1.894957283869924e-05,-1.50061112548888,0.0101090904455506,1,1,1,5,15,8.289831088412108e-12,1.0986689373696385e-12,1050,215,1.7099348131865144e-12,8.35084443649228e-12,43,0,1
1210,0,1,CADC0873,5,265,54,1.3518090740740737e-06,8.023523300713864e-10,2.8325824437629108e-05,-1.4147948269397732,0.0049969737010733,1,1,1,6,17,1.1744465209461232e-11,1.5693580802976326e-12,1325,270,3.0277446417788167e-12,1.4858376482803452e-11,54,0,1
1211,0,1,CADC0873,5,250,51,-9.551849411764707e-07,2.5473245102425636e-10,1.5960339940748642e-05,-1.2598928503859177,-0.1747200086103276,1,1,1,8,16,4.10967762679928e-12,1.2181504696229941e-12,1250,255,1.0189298040970256e-12,4.994753941652087e-12,51,0,1
1212,0,1,CADC0873,5,240,49,-1.2202560204081633e-06,1.4022389780802955e-10,1.1841617195638e-05,-1.4217907388641926,-0.1376080464335136,1,1,1,11,16,2.5568930195489587e-12,6.658902175232012e-13,1200,245,5.842662408667899e-13,2.861712200163869e-12,49,0,1
1213,1,1,CADC0873,5,192,30,-3.0813996666666667e-06,1.3621306314937654e-10,1.1671035221837717e-05,-1.001771248694541,0.122915380600928,2,1,1,2,4,4.063657245602996e-11,7.725926456209438e-11,3222,150,7.094430372363364e-13,4.540435438312553e-12,30,1,1
1214,0,1,CADC0873,5,190,39,1.1971897307692308e-06,2.1279966335931472e-10,1.4587654484505545e-05,-1.501930045908895,0.014196186493278,1,1,1,7,13,6.112233527023889e-12,1.4318399066901237e-12,950,195,1.1199982282069197e-12,5.4564016245978135e-12,39,0,1
1215,0,0,CADC0873,5,216,44,-7.125040909090907e-07,3.757375583598106e-10,1.938395105131589e-05,-1.311377281686862,-0.127931312831663,1,1,1,5,15,7.869665548043482e-12,1.4582486610149652e-12,1086,220,1.7395257331472713e-12,8.539489962722968e-12,44,0,0
1216,0,1,CADC0873,5,221,45,-1.583977244444444e-06,5.019947241059472e-10,2.2405238764760963e-05,-1.485036598869908,0.0107510514651059,1,1,1,4,15,1.0383809051884446e-11,1.3763203368616372e-12,1125,225,2.271469339845916e-12,1.1155438313465496e-11,45,0,1
1217,0,1,CADC0873,5,241,49,1.3620856122448975e-06,7.244838719055546e-10,2.6916238071200718e-05,-1.502685994525282,0.0854768871282625,1,1,1,4,14,1.2682680085571873e-11,1.7564558513510353e-12,1229,245,3.006157144836327e-12,1.4785385140929688e-11,49,0,1
1218,0,1,CADC0873,5,211,43,-2.374942465116279e-06,2.8345670834566545e-10,1.683617261570056e-05,-0.7528953058415517,-0.7107135649219842,1,1,1,6,14,3.77956097850295e-12,1.1550389819965106e-12,1077,215,1.3433967220173717e-12,6.592016473155011e-12,43,0,1
1219,0,1,CADC0873,5,215,44,-2.0670441477272727e-06,2.525543963033148e-10,1.5891960115206517e-05,-0.8816526192440333,-0.6303577361966589,1,1,1,9,15,3.562264435311971e-12,2.017909609224359e-12,1091,220,1.174671610713092e-12,5.739872643257154e-12,44,0,1
1220,0,1,CADC0873,5,225,46,2.6227284782608697e-06,3.970985861523216e-10,1.992733264017845e-05,-1.3231264289401166,-0.1054787488204476,1,1,1,7,16,7.45216082517778e-12,1.2406773928772744e-12,1145,230,1.7648826051214293e-12,8.632577959833078e-12,46,0,1
1221,0,0,CADC0873,5,200,41,-7.527350585365852e-06,1.7507996923872456e-10,1.3231778763217156e-05,-0.8924160996987571,-0.4232949447517669,1,1,1,5,12,4.14803691391775e-12,8.970301545566072e-13,1016,205,8.753998461936228e-13,4.2702431521640135e-12,41,0,0
1222,0,1,CADC0873,5,234,48,-1.8193134791666664e-06,6.82593914559164e-10,2.612649832180279e-05,-1.5157511290612662,0.0660765899837946,1,1,1,5,16,1.2474570281911809e-11,1.48853419823859e-12,1186,240,2.9170680109365986e-12,1.422070655331592e-11,48,0,1
1223,0,0,CADC0873,5,201,41,-1.11217456097561e-06,4.946695266847121e-10,2.2241167385834583e-05,-1.479203038285031,-0.0651672151636336,1,1,1,5,13,1.252382089483095e-11,1.721430436228879e-12,1015,205,2.461042421316976e-12,1.2065110406944196e-11,41,0,0
1224,0,1,CADC0873,5,176,36,-2.963938177777778e-06,1.6090757014173191e-10,1.2684934770889912e-05,-1.407680885076986,0.0194953379787342,1,1,1,5,10,5.32335063260027e-12,1.083934707829896e-12,886,180,9.14247557623477e-13,4.46965472615922e-12,36,0,1
1225,0,1,CADC0873,5,190,39,4.483487179487182e-07,2.6284915223879055e-10,1.6212623237428008e-05,-1.4387248270899704,0.0851918673370093,1,1,1,4,12,7.334818245234347e-12,1.352110347392403e-12,950,195,1.383416590730477e-12,6.739721852276682e-12,39,0,1
1226,0,1,CADC0873,5,175,36,-4.130150277777778e-06,2.7368992367876937e-10,1.6543576508082206e-05,-1.1347567924891202,-0.284453688230814,1,1,1,4,11,8.077078405034287e-12,1.3068508803121108e-12,875,180,1.5639424210215396e-12,7.602497879965817e-12,36,0,1
1227,0,1,CADC0873,5,215,44,-1.6904924999999998e-06,8.392014933286643e-10,2.896897466823195e-05,-1.4715424808093898,0.0217412109983411,1,1,1,4,13,1.7716205579906654e-11,1.504235897070522e-12,1075,220,3.903262759668206e-12,1.9072761212015098e-11,44,0,1
1228,0,1,CADC0873,5,220,45,-1.5860454000000003e-06,1.064600167738303e-09,3.262821122492471e-05,-1.481975544107864,-0.0020161310648043,1,1,1,6,15,2.162202840015524e-11,2.233309925836084e-12,1100,225,4.839091671537741e-12,2.3657781505295624e-11,45,0,1
1229,0,1,CADC0873,5,250,51,1.1799474313725492e-06,8.307731004703248e-10,2.882313481338081e-05,-1.2386375899463982,-0.1281545708379351,1,1,1,8,17,1.274980514532284e-11,1.7157195211007752e-12,1250,255,3.3230924018813e-12,1.6289668636673038e-11,51,0,1
1230,0,1,CADC0873,5,225,46,-7.482004739130435e-06,1.0252541876243643e-10,1.0125483631038888e-05,-1.4602973899825724,0.0187488924108231,1,1,1,8,15,2.237880884809462e-12,7.426537915705623e-13,1125,230,4.55668527833051e-13,2.228813451357314e-12,46,0,1
1231,0,1,CADC0873,5,235,48,2.464412708333333e-07,1.1904725461705055e-10,1.0910877811480182e-05,-1.0621483964786915,-0.3305844812794678,1,1,1,11,15,1.9634726376662336e-12,7.642805510565411e-13,1175,240,5.065840622002154e-13,2.4801511378552207e-12,48,0,1
1232,0,1,CADC0873,5,241,49,-8.209797142857142e-07,1.7644678121787055e-10,1.3283327189295254e-05,-1.4248098654438237,-0.0718223552082807,1,1,1,7,16,3.21598474308816e-12,1.0387606683714448e-12,1211,245,7.321443204061018e-13,3.600954718732052e-12,49,0,1
1233,0,0,CADC0873,5,232,47,3.914519148936171e-07,1.6536329612653015e-10,1.2859366085718616e-05,-1.5073383696187932,-0.0268469595346506,1,1,1,7,15,3.222384190609557e-12,5.434416066076247e-13,1172,235,7.127728281315957e-13,3.5183680026921317e-12,47,0,0
1234,0,1,CADC0873,5,212,43,-9.066485581395348e-07,1.319769007026213e-10,1.14881199812076e-05,-1.516452572728595,-0.0631608718702567,1,1,1,11,14,3.2566751979580585e-12,1.0797216375146129e-12,1084,215,6.225325504840628e-13,3.0692302488981696e-12,43,0,1
1235,1,1,CADC0873,5,210,19,-1.037596542105263e-05,2.9835868298674236e-11,5.462221919573961e-06,-0.1345869316644763,0.7478438990712275,1,1,0,1,1,8.014047450639888e-12,1.2971191393351824e-11,16050,95,1.4207556332702021e-13,1.5703088578249601e-12,19,1,1
1236,0,1,CADC0873,5,170,35,-3.085101057142857e-06,5.86260898132516e-11,7.656767582554115e-06,-1.4357010471344067,0.029088833053837,1,1,1,6,10,2.33180855707417e-12,9.902889640189993e-13,850,175,3.448593518426565e-13,1.6750311375214742e-12,35,0,1
1237,0,1,CADC0873,5,217,44,1.387771136363636e-06,3.0391349346214194e-10,1.743311485254835e-05,-1.2766863973336935,-0.1258796683349023,1,1,1,5,11,6.4347745027838834e-12,9.176552746251701e-13,1097,220,1.4005230113462762e-12,6.907124851412317e-12,44,0,1
1238,0,1,CADC0873,5,245,50,2.64731201e-06,6.043532551031832e-10,2.458359727751785e-05,-1.4539604437469769,0.0513500401953573,1,1,1,6,17,1.00138166560073e-11,1.271467543838155e-12,1225,250,2.4667479800129934e-12,1.2087065102063666e-11,50,0,1
1239,0,1,CADC0873,5,225,46,-5.134359326086955e-06,1.8385141818930868e-10,1.3559182061957453e-05,-1.4789278265583252,-0.0036995605497429,1,1,1,7,15,3.686431786162958e-12,5.756622705587313e-13,1125,230,8.171174141747055e-13,3.996769960637146e-12,46,0,1
1240,0,0,CADC0873,5,265,54,1.863631148148148e-06,2.7933035373242707e-10,1.6713179043270824e-05,-1.5042142663778466,0.0846633330519266,1,1,1,6,17,4.032210725191397e-12,3.8753560733144366e-13,1325,270,1.0540768065374609e-12,5.172784328378279e-12,54,0,0
1241,0,1,CADC0873,5,240,49,-2.343987326530612e-06,7.716594820678988e-10,2.777875954876133e-05,-1.483837210594646,0.0459979390043531,1,1,1,2,15,1.3194090165030764e-11,1.1116588308365097e-12,1200,245,3.2152478419495786e-12,1.5748152695263238e-11,49,0,1
1242,0,0,CADC0873,5,215,44,-2.181645852272727e-06,6.157670863573772e-10,2.4814654669315412e-05,-1.4850743066247205,-0.0072738376534398,1,1,1,5,14,1.3308242299432634e-11,1.5375486756003828e-12,1075,220,2.864032959801755e-12,1.3994706508122212e-11,44,0,0
1243,0,1,CADC0873,5,150,31,-2.3720408096774197e-06,9.692409906675675e-11,9.845003761642592e-06,-0.7383670186410702,-0.6943789080289621,1,1,1,6,9,2.736355083763223e-12,7.536796570866037e-13,750,155,6.461606604450451e-13,3.1265838408631213e-12,31,0,1
1244,0,1,CADC0873,5,185,38,6.549274210526309e-07,2.4795508861338627e-10,1.5746589745509543e-05,-0.6751692041594599,-0.63457806584724,1,1,1,6,13,5.718659223527953e-12,1.6538712064033568e-12,925,190,1.340297776288575e-12,6.525133910878587e-12,38,0,1
1245,0,1,CADC0873,5,200,41,1.4202753658536588e-07,5.759233404674095e-10,2.399840287326241e-05,-1.5064752567231996,0.0192012356043721,1,1,1,4,14,1.4338677714373547e-11,1.6345424132055198e-12,1000,205,2.8796167023370477e-12,1.4046910743107548e-11,41,0,1
1246,0,1,CADC0873,5,215,44,-1.101507545454545e-06,8.765090031207233e-10,2.9605894736027207e-05,-1.4450146559038213,-0.021549735010087,1,1,1,4,14,1.8292200460842523e-11,1.708311672622523e-12,1075,220,4.0767860610266195e-12,1.9920659161834623e-11,44,0,1
1247,0,1,CADC0873,5,230,47,-3.111809468085106e-06,8.554399409669787e-10,2.924790489876119e-05,-1.470098597811938,-0.0195362313491923,1,1,1,4,18,1.606413522626734e-11,1.973685189732221e-12,1150,235,3.719304091160777e-12,1.820084980780806e-11,47,0,1
1248,0,1,CADC0873,5,270,55,-3.141662727272722e-07,8.14310050569041e-10,2.853611835146892e-05,-1.4827598988938804,0.0529480358387663,1,1,1,3,20,1.1304732487090703e-11,1.3667787352829278e-12,1350,275,3.015963150255708e-12,1.4805637283073475e-11,55,0,1
1249,0,1,CADC0873,5,222,45,9.192845999999997e-07,1.8209907638797855e-10,1.3494409078873316e-05,-1.5090056661675042,0.083878044617229,1,1,1,4,15,3.932351109217063e-12,8.038337831009097e-13,1122,225,8.202661098557593e-13,4.04664614195508e-12,45,0,1
1250,0,1,CADC0873,5,225,46,-7.626578043478271e-07,3.4048446352235866e-10,1.8452221099974896e-05,-1.2083524721355778,-0.2108403811307441,1,1,1,8,16,6.271046103916489e-12,9.622093284387728e-13,1125,230,1.5132642823215945e-12,7.401836163529537e-12,46,0,1
1251,0,1,CADC0873,5,245,50,-2.3223878820000003e-06,4.934675091384975e-10,2.221412859282348e-05,-1.4899302619622274,0.0201306465265184,1,1,1,5,15,8.27667099206686e-12,1.3067493307467594e-12,1225,250,2.0141530985244807e-12,9.869350182769953e-12,50,0,1
1252,0,1,CADC0873,5,265,54,1.2761622222222226e-06,7.09484680294884e-10,2.663615363176305e-05,-1.473740689969644,0.0641780218393331,1,1,1,7,16,1.0171075864161269e-11,1.511327307899998e-12,1325,270,2.677300680358053e-12,1.3138605190646e-11,54,0,1
1253,0,0,CADC0873,5,355,72,-1.3422570833333332e-06,4.953304923777096e-10,2.2256021485829617e-05,-1.3569324298300285,-0.0441869069426227,1,1,1,13,25,4.152020800785836e-12,8.050396450093882e-13,1775,360,1.395297161627351e-12,6.879590171912633e-12,72,0,0
1254,0,1,CADC0873,5,290,59,-7.905577288135593e-07,2.470849059660999e-10,1.5718934632032156e-05,-1.3594490792868776,-0.0391068687512043,1,1,1,15,18,2.853081780239648e-12,8.716532903226689e-13,1450,295,8.520169171244823e-13,4.187879762137286e-12,59,0,1
1255,0,1,CADC0873,5,230,47,-6.69916810212766e-06,2.59488945418501e-10,1.610866057183219e-05,-0.7142111332659273,-0.6446980726320892,1,1,1,9,17,3.868320903799666e-12,1.2672432956324686e-12,1150,235,1.1282128061673957e-12,5.521041391883e-12,47,0,1
1256,0,1,CADC0873,5,245,50,2.4627120000000017e-07,9.110517116796785e-10,3.0183633175608243e-05,-1.5040574535349926,0.028028608166366,1,1,1,3,14,1.501620648529146e-11,8.995915283993057e-13,1225,250,3.718578415019096e-12,1.8221034233593568e-11,50,0,1
1257,0,0,CADC0873,5,225,46,-1.520962847826087e-06,7.832014586313565e-10,2.798573669981472e-05,-1.4934127243892878,0.0079831499800118,1,1,1,5,14,1.5413099541288488e-11,1.4882709591208386e-12,1125,230,3.4808953716949187e-12,1.7026118665899056e-11,46,0,0
1258,0,1,CADC0873,5,205,42,3.021025428571429e-06,4.0313938387881775e-10,2.0078331202538167e-05,-0.7779494085122289,-0.561486957143853,1,1,1,5,13,7.872057102052401e-12,1.2874245264456005e-12,1025,210,1.966533579896672e-12,9.598556759019469e-12,42,0,1
1259,0,0,CADC0873,5,145,30,-7.758707966666666e-06,2.1643999062055235e-11,4.652311152755718e-06,-0.9620027665922276,-0.2860743781048924,1,1,0,7,9,8.999655548065851e-13,5.810679882569238e-13,725,150,1.492689590486568e-13,7.214666354018413e-13,30,0,0
1260,0,1,CADC0873,5,200,41,1.4689245756097565e-06,1.662178154696417e-10,1.2892548835263016e-05,-1.4982220040861374,0.0989761693870117,1,1,1,5,11,4.238231856038289e-12,4.927419438716874e-13,1000,205,8.310890773482088e-13,4.054093060235165e-12,41,0,1
1261,0,1,CADC0873,5,202,41,-3.913729880487805e-06,4.0191767906679965e-10,2.0047884653169763e-05,-1.0030676441102269,-0.4514442250290481,1,1,1,3,13,7.62213225504181e-12,7.26787076360385e-13,1038,205,1.989691480528712e-12,9.802870221141456e-12,41,0,1
1262,0,0,CADC0873,5,249,51,3.54741588235294e-07,3.4075890893215075e-10,1.8459656251733152e-05,-1.4853823681315017,0.0297681228416233,1,1,1,6,17,5.5138350864488415e-12,8.857182307133757e-13,1259,255,1.3685096744263084e-12,6.6815472339637414e-12,51,0,0
1263,0,1,CADC0873,5,236,48,-3.721768125e-07,2.3903397273223744e-10,1.5460723551381334e-05,-1.461437401336191,-0.0110877201036299,1,1,1,6,15,4.501797828428061e-12,1.039198762464584e-12,1186,240,1.012855816662023e-12,4.9798744319216135e-12,48,0,1
1264,0,1,CADC0873,5,195,40,-2.6569397275000003e-06,1.1002528813119002e-10,1.048929397677413e-05,-0.5688770038512643,-0.7922105156817004,1,1,1,10,15,1.987240487733368e-12,6.56440350832171e-13,975,200,5.642322468266155e-13,2.7506322032797506e-12,40,0,1
1265,0,1,CADC0873,5,235,48,1.4205576458333337e-06,4.79688856902246e-10,2.190180031189779e-05,-1.4199950532020085,-0.0705252951309502,1,1,1,2,14,8.540726344948639e-12,6.205203890419342e-13,1175,240,2.04122917830743e-12,9.993517852130128e-12,48,0,1
1266,1,1,CADC0873,5,430,63,-1.2289274873015874e-05,3.164940983246597e-10,1.7790281007467523e-05,-0.834704270477288,0.564550787074075,1,1,1,1,1,8.045180807676636e-12,9.378545714464552e-12,17150,315,7.360327868015343e-13,5.02371584642317e-12,63,1,1
1267,0,0,CADC0873,5,275,56,1.3493347499999998e-06,3.063151702920193e-10,1.750186190929466e-05,-1.3932574269551317,-0.1368934628980591,1,1,1,9,18,4.115752455841349e-12,1.0437325394918617e-12,1375,280,1.113873346516434e-12,5.469913755214631e-12,56,0,0
1268,0,1,CADC0873,5,250,51,-8.087627133333332e-06,1.2210099073565335e-10,1.1049931707284592e-05,-1.431485437723679,0.0271652306378413,1,1,1,7,17,2.015010654100225e-12,4.608274731039967e-13,1250,255,4.884039629426135e-13,2.3941370732481054e-12,51,0,1
1269,0,1,CADC0873,5,235,48,-4.19111820625e-06,1.4017537502188575e-10,1.183956819406374e-05,-1.2925655770328155,-0.0868631687015503,1,1,1,6,15,2.4712583382161146e-12,5.556528166064048e-13,1175,240,5.964909575399395e-13,2.920320312955953e-12,48,0,1
1270,0,1,CADC0873,5,240,49,4.122817755102041e-06,4.3323663514771124e-10,2.081433724978317e-05,-1.5037046792225723,0.1147107811080919,1,1,1,9,15,7.683047229124305e-12,1.2916266048794018e-12,1200,245,1.805152646448797e-12,8.841563982606353e-12,49,0,1
1271,0,1,CADC0873,5,240,49,-2.1687474897959178e-06,3.1664901387743256e-10,1.779463441258158e-05,-1.4684488956824886,0.0138945576557835,1,1,1,9,15,5.531328517247708e-12,9.12491096625382e-13,1200,245,1.319370891155969e-12,6.462224773008828e-12,49,0,1
1272,0,1,CADC0873,5,245,50,-1.7456939200000005e-06,3.1867154349515596e-10,1.785137371451161e-05,-1.4576435358284214,-0.0160488168948896,1,1,1,7,15,5.371660856307532e-12,8.958147723523883e-13,1225,250,1.3007001775312488e-12,6.3734308699031186e-12,50,0,1
1273,1,0,CADC0873,5,260,53,-3.0270327735849057e-06,2.2914407278260307e-10,1.5137505500663015e-05,-1.344153936013882,0.1536954103533772,2,1,1,3,2,1.3555490238714136e-11,2.621510138025848e-11,1300,265,8.813233568561657e-13,4.3234730713698695e-12,53,1,0
1274,0,1,CADC0873,5,240,49,4.312911183673469e-06,2.8843859700512167e-10,1.698348012055014e-05,-1.4899629164682575,0.0515867217472285,1,1,1,5,15,5.092407721991243e-12,7.638011560827104e-13,1200,245,1.2018274875213406e-12,5.886501979696362e-12,49,0,1
1275,0,1,CADC0873,5,220,45,-4.863193735555556e-06,2.9096631518087235e-10,1.705773476112442e-05,-1.2248062344612172,-0.2441022878017513,1,1,1,8,14,5.221130120217229e-12,1.061625495543832e-12,1100,225,1.3225741599130565e-12,6.465918115130498e-12,45,0,1
1276,0,0,CADC0873,5,265,54,2.119889200000001e-06,8.200613329208436e-10,2.86367130257794e-05,-1.4906524396867078,0.075493311363476,1,1,1,3,16,1.1529674941828828e-11,9.304163905810328e-13,1325,270,3.0945710676258254e-12,1.5186320980015624e-11,54,0,0
1277,0,1,CADC0873,5,250,51,5.171530196078431e-07,2.750657932948136e-10,1.658510757561776e-05,-1.4572109314627648,-0.0695432680963281,1,1,1,10,18,4.57702475103424e-12,1.2013685468721629e-12,1250,255,1.1002631731792545e-12,5.393446927349286e-12,51,0,1
1278,0,0,CADC0873,5,225,46,-5.154302739130435e-06,1.3793855544109904e-10,1.174472457919295e-05,-1.500236271221044,0.0689602404944687,1,1,1,9,14,2.8352334422510615e-12,6.257252868944219e-13,1125,230,6.130602464048846e-13,2.9986642487195447e-12,46,0,0
1279,0,1,CADC0873,5,215,44,7.294468181818182e-07,1.6014150804393244e-10,1.265470300101636e-05,-1.2786487400607096,-0.1562726990291018,1,1,1,10,14,3.3346404851612945e-12,1.1957926191633474e-12,1075,220,7.448442234601509e-13,3.639579728271192e-12,44,0,1
1280,0,1,CADC0873,5,225,46,2.569651521739128e-07,5.74594146604301e-10,2.3970693494438185e-05,-1.4412480388761355,0.0015786263019065,1,1,1,6,13,1.1051867636104647e-11,2.0028387670352775e-12,1125,230,2.5537517626857827e-12,1.2491177100093503e-11,46,0,1
1281,0,0,CADC0873,5,235,48,-3.344794193750001e-07,4.214840712720572e-10,2.053007723492674e-05,-1.4798523875543943,0.0338538510744907,1,1,1,7,16,7.671062609748531e-12,1.1272663528725014e-12,1175,240,1.793549239455563e-12,8.780918151501192e-12,48,0,0
1282,0,0,CADC0873,5,235,48,-1.1474056737500002e-06,3.884051158191106e-10,1.9707996240590023e-05,-1.4923800569272945,0.0015560614943342,1,1,1,6,17,7.210484828391264e-12,1.428874356351133e-12,1175,240,1.6527877268898326e-12,8.091773246231472e-12,48,0,0
1283,0,1,CADC0873,5,230,47,-3.070800617021276e-06,2.2823792723024948e-10,1.5107545374092029e-05,-1.445297083536546,-0.0366588533093429,1,1,1,10,16,4.4550331873228784e-12,1.0699546337037866e-12,1150,235,9.92338814044563e-13,4.856126111281904e-12,47,0,1
1284,0,1,CADC0873,5,220,45,4.757372844444444e-06,3.3497057122181115e-10,1.8302201267110226e-05,-1.493489448335262,0.0435996485316159,1,1,1,10,15,7.07394787333142e-12,1.4781533583233272e-12,1100,225,1.522593505553687e-12,7.443790471595803e-12,45,0,1
1285,0,1,CADC0873,5,210,43,-3.106115046511628e-06,3.5040908554151187e-10,1.871921701197761e-05,-1.2969285716965775,-0.1077101381816604,1,1,1,5,15,7.662370503472856e-12,1.435764153170838e-12,1050,215,1.6686146930548189e-12,8.149048500965393e-12,43,0,1
1286,0,0,CADC0873,5,240,49,3.594177755102041e-06,8.475837447621765e-10,2.911329154805716e-05,-1.4930562935385503,0.0467996355020837,1,1,1,5,16,1.4715064539178992e-11,1.8480114474311457e-12,1200,245,3.5315989365090693e-12,1.7297627444126055e-11,49,0,0
1287,0,1,CADC0873,5,215,44,-5.272879977272727e-06,3.1216899444522365e-10,1.766830479828848e-05,-0.9435878148284712,-0.7425471521351648,1,1,1,10,16,2.677622488912876e-12,8.089266910337264e-13,1075,220,1.4519488113731334e-12,7.094749873755085e-12,44,0,1
1288,0,0,CADC0873,5,225,46,4.102451304347827e-06,5.657557011936372e-10,2.378561963022274e-05,-0.8538840353615571,-0.6573683979317264,1,1,1,5,13,6.324513648907654e-12,9.046359397509825e-13,1125,230,2.514469783082833e-12,1.2299036982470378e-11,46,0,0
1289,0,1,CADC0873,5,215,44,5.600304250000001e-06,7.734991275714955e-10,2.781185228587797e-05,-1.4203019323925783,-0.0285471768367774,1,1,1,6,16,1.6370880319459658e-11,1.8964766092375226e-12,1075,220,3.5976703607976528e-12,1.7579525626624895e-11,44,0,1
1290,0,1,CADC0873,5,230,47,-2.601300638297872e-06,7.526838090309124e-10,2.74350835433558e-05,-1.4943381054395897,0.0677713352811727,1,1,1,4,14,1.4232175022800944e-11,1.6471163684632073e-12,1150,235,3.2725383001344014e-12,1.6014549128317285e-11,47,0,1
1291,0,0,CADC0873,5,220,45,-2.261664311111111e-06,5.559838075632248e-10,2.3579308886462824e-05,-1.481053867012993,0.0133664598469111,1,1,1,5,15,1.1547810355139785e-11,1.5635780488434528e-12,1100,225,2.5271991252873854e-12,1.2355195723627216e-11,45,0,0
1292,0,1,CADC0873,5,240,49,-3.886106510204082e-06,2.4436833200370463e-10,1.563228492587391e-05,-1.09922367725984,-0.2657435385753798,1,1,1,7,18,3.8928568090820136e-12,7.793616748555501e-13,1200,245,1.0182013833487693e-12,4.987108816402136e-12,49,0,1
1293,0,0,CADC0873,5,230,47,4.906082340425534e-07,3.1433674382950805e-10,1.7729544377380602e-05,-1.217727803131933,-0.1528491326278299,1,1,1,4,13,5.672314231558082e-12,8.538832143020002e-13,1150,235,1.3666814949109048e-12,6.688015826159747e-12,47,0,0
1294,0,1,CADC0873,5,216,44,-6.532354113636364e-06,4.0458853912428705e-10,2.0114386372054384e-05,-1.493831266242449,0.0306477188874255,1,1,1,3,12,8.787324516625574e-12,1.0172029956034069e-12,1086,220,1.8730950885383663e-12,9.195194071006526e-12,44,0,1
1295,0,0,CADC0873,5,235,48,1.3940156250000002e-06,8.401097241634037e-10,2.898464635222248e-05,-1.4787865562155016,0.022772744201271,1,1,1,5,16,1.5133482036186965e-11,1.626335147375239e-12,1175,240,3.5749349964400162e-12,1.7502285920070913e-11,48,0,0
1296,0,1,CADC0873,5,235,48,1.4438579479166668e-06,5.902558836876876e-10,2.429518231435376e-05,-0.9583493964245262,-0.5068625914792061,1,1,1,8,15,7.0297515399858156e-12,1.1131367782463794e-12,1175,240,2.5117271646284583e-12,1.2296997576826828e-11,48,0,1
1297,0,1,CADC0873,5,210,43,-2.976886348837209e-06,3.6684278524034864e-10,1.9153140349309527e-05,-0.8542806130956548,-0.6621919005054218,1,1,1,8,14,4.607859926820918e-12,1.097699923395444e-12,1050,215,1.7468704059064224e-12,8.53122756372904e-12,43,0,1
1298,0,1,CADC0873,5,255,52,2.078967461538462e-06,8.995030625363404e-10,2.999171656535085e-05,-1.4928797434776315,0.0792746502347664,1,1,1,5,17,1.3647947497442772e-11,1.0363089007316792e-12,1275,260,3.5274629903385907e-12,1.729813581800655e-11,52,0,1
1299,0,1,CADC0873,5,205,42,-8.361353452380952e-06,2.3058337070816482e-10,1.5184971870509502e-05,-1.0754887011605776,-0.3210048026800445,1,1,1,6,13,4.502470951827097e-12,8.706446676562489e-13,1025,210,1.124796930283731e-12,5.490080254956306e-12,42,0,1
1300,0,1,CADC0873,5,235,48,2.7761461250000003e-06,6.222732414659374e-10,2.494540521751325e-05,-1.221377613537844,-0.1786645867347936,1,1,1,5,16,1.021015551188693e-11,1.2291816339709338e-12,1175,240,2.647971240280585e-12,1.2964025863873695e-11,48,0,1
1301,0,1,CADC0873,5,235,48,-7.301356875e-07,6.74908765304839e-10,2.5979006241672123e-05,-1.4568152658792135,0.0153077749151091,1,1,1,2,17,1.1858818326239749e-11,8.973187986413255e-13,1175,240,2.8719521927865494e-12,1.4060599277184148e-11,48,0,1
1302,0,1,CADC0873,5,211,43,-4.498416720930232e-06,3.538739684484269e-10,1.8811538173377183e-05,-1.4822913025202975,0.0266617039330487,1,1,1,3,15,7.984403452185807e-12,7.552508276970999e-13,1061,215,1.6771278125517865e-12,8.229627173219231e-12,43,0,1
1303,0,1,CADC0873,5,240,49,-4.081374836734694e-06,2.67303439517569e-10,1.6349417100238438e-05,-1.396809161661383,0.0310120507980414,1,1,1,7,14,4.743423318883952e-12,9.64662329970393e-13,1200,245,1.1137643313232044e-12,5.455172235052429e-12,49,0,1
1304,0,0,CADC0873,5,233,47,5.669740425531917e-07,1.782307250775347e-10,1.3350308051784223e-05,-1.468448242662865,-0.0152259175720784,1,1,1,9,15,3.518008363079206e-12,7.780800371644439e-13,1185,235,7.649387342383465e-13,3.792143086756058e-12,47,0,0
1305,0,1,CADC0873,5,223,45,-2.1440150222222223e-06,1.3627890780433636e-10,1.1673855738543989e-05,-1.4950305092333944,-0.0312144876614172,1,1,1,8,16,2.924136029674835e-12,6.704059790046295e-13,1133,225,6.111161784947819e-13,3.028420173429697e-12,45,0,1
1306,0,1,CADC0873,5,235,48,-3.284475520833334e-06,1.4828923644349988e-10,1.2177406802907583e-05,-1.5093880693369452,0.0479290288388139,1,1,1,9,17,2.8038840402363505e-12,7.371401534771699e-13,1175,240,6.310180274191484e-13,3.089359092572914e-12,48,0,1
1307,0,0,CADC0873,5,226,46,-9.273952173913052e-08,1.5718657405069746e-10,1.253740699070974e-05,-1.4169445524362931,-0.0227223332510236,1,1,1,3,15,3.0555355967568688e-12,4.978361219526115e-13,1140,230,6.955158143836171e-13,3.417099435884728e-12,46,0,0
1308,0,1,CADC0873,5,250,51,-6.566486274509806e-07,6.039780695296588e-10,2.457596528174751e-05,-1.5011635435122068,0.0570948622119693,1,1,1,4,17,9.690137193108002e-12,1.1262494004693897e-12,1250,255,2.415912278118636e-12,1.1842707245679586e-11,51,0,1
1309,1,0,CADC0873,5,210,43,-1.1076019790697673e-05,1.932873504379158e-10,1.390278211143064e-05,-1.2388698453658415,-0.302862912884222,2,1,1,3,3,2.2819316367202296e-11,3.9362845387773316e-11,1050,215,9.204159544662657e-13,4.495054661346879e-12,43,1,0
1310,0,1,CADC0873,5,265,54,1.4527761111111112e-06,8.743626721698125e-10,2.956962414657671e-05,-1.2661385564195198,-0.1204692349244673,1,1,1,7,21,1.1706818911841292e-11,1.493002401331212e-12,1325,270,3.2994817817728775e-12,1.6191901336478012e-11,54,0,1
1311,0,0,CADC0873,5,260,53,-5.11313396226415e-07,8.891179152622151e-10,2.9818080341668795e-05,-1.2660688513975575,-0.0980771786481022,1,1,1,5,17,1.166647488681139e-11,1.0214176562755089e-12,1300,265,3.4196842894700577e-12,1.6775809721928588e-11,53,0,0
1312,0,1,CADC0873,5,210,43,-5.8163948139534885e-06,5.066546516148737e-10,2.250899046192152e-05,-1.1459500450982558,-0.2749628655428209,1,1,1,8,15,9.779660604520474e-12,2.0521418969998297e-12,1050,215,2.412641198166066e-12,1.1782666316624971e-11,43,0,1
1313,0,0,CADC0873,5,255,52,-4.721225961538461e-06,8.418368560746778e-10,2.90144249654319e-05,-1.4925096910424562,0.0354622231601936,1,1,1,6,17,1.2842108402291426e-11,1.5329605228039981e-12,1275,260,3.301321004214423e-12,1.6189170309128423e-11,52,0,0
1314,0,1,CADC0873,5,262,53,1.9441815094339634e-07,4.0202269491196015e-10,2.0050503607439892e-05,-1.47909132762199,0.0256429191588961,1,1,1,8,18,5.974763292398906e-12,9.570246269361329e-13,1322,265,1.5344377668395428e-12,7.5853338662634e-12,53,0,1
1315,0,1,CADC0873,5,255,52,-6.573920076923077e-06,3.3276078960126953e-10,1.824173208884698e-05,-1.3852386313328873,-0.0181458485538921,1,1,1,7,17,5.27144512734894e-12,1.0217920883427212e-12,1275,260,1.3049442729461553e-12,6.399245953870568e-12,52,0,1
1316,0,0,CADC0873,5,235,48,5.035298333333333e-07,5.435565883893475e-10,2.331430008362566e-05,-1.3645039744996317,-0.0610603814323387,1,1,1,7,16,9.21501935320114e-12,1.4923374809498692e-12,1175,240,2.3130067591036063e-12,1.1324095591444739e-11,48,0,0
1317,0,1,CADC0873,5,230,47,2.244863421276596e-06,7.3485295109941e-10,2.7108171297588668e-05,-1.3121990573867035,-0.0737769085900347,1,1,1,4,13,1.3192859966786928e-11,1.2435747284391197e-12,1150,235,3.1950128308670004e-12,1.5635169172327875e-11,47,0,1
1318,0,1,CADC0873,5,260,53,2.027419000000001e-06,1.0000968196964683e-09,3.1624307418447416e-05,-1.438052679735465,0.0613404112018942,1,1,1,3,18,1.4582193367808627e-11,1.8933835204997002e-12,1300,265,3.846526229601802e-12,1.8869751315027704e-11,53,0,1
1319,0,1,CADC0873,5,205,42,-1.2233785714285712e-05,1.191310568850748e-10,1.091471744412446e-05,-1.2561395064532463,-0.1765028418372198,1,1,1,7,14,2.768374023396778e-12,6.008922674877998e-13,1025,210,5.811271067564624e-13,2.836453735358924e-12,42,0,1
1320,0,1,CADC0873,5,255,52,5.4751122307692304e-06,7.466731604172706e-10,2.732532086576973e-05,-1.332230447009936,-0.0783885719241145,1,1,1,4,20,1.083552751825482e-11,8.09117141729918e-13,1275,260,2.928130040852042e-12,1.4359099238793669e-11,52,0,1
1321,1,1,CADC0873,5,305,62,4.942975096774194e-06,7.15679299424726e-10,2.675218307773641e-05,-0.9276668417505104,-0.4205670883144931,2,1,1,3,3,9.411911093560231e-11,2.525034523114062e-10,1525,310,2.3464895063105776e-12,1.154321450685042e-11,62,1,1
1322,0,1,CADC0873,5,250,51,-1.0163546921568627e-05,3.2692096979006396e-10,1.8080955997680653e-05,-1.0557655691230283,-0.336701614642614,1,1,1,6,14,4.321807848503e-12,8.365954063445862e-13,1250,255,1.3076838791602558e-12,6.410215093922823e-12,51,0,1
1323,0,1,CADC0873,5,270,55,5.101505854545456e-06,8.366069730338714e-10,2.892415898576606e-05,-1.2801637535862225,-0.1192796517553914,1,1,1,5,18,1.0191320409377358e-11,9.015918321150412e-13,1350,275,3.0985443445698944e-12,1.5211035873343118e-11,55,0,1
1324,0,0,CADC0873,5,245,50,5.455619800000004e-07,6.236147196005483e-10,2.4972279022959608e-05,-1.448301677505694,-0.0088979304773434,1,1,1,5,13,1.0155792039824552e-11,1.0053765846160428e-12,1225,250,2.545366202451218e-12,1.2472294392010968e-11,50,0,0
1325,0,1,CADC0873,5,245,50,-1.513664696e-05,2.0261513878716838e-10,1.4234294460463026e-05,-1.4862042701146758,0.06072957611066,1,1,1,10,18,3.6223267592145268e-12,1.0061261666731594e-12,1225,250,8.270005664782382e-13,4.052302775743368e-12,50,0,1
1326,0,1,CADC0873,5,340,69,1.5588072463768111e-06,5.623616525806258e-10,2.371416565221357e-05,-1.473213066070477,-0.1064132143974898,1,1,1,10,26,5.157478200332526e-12,8.066313176054785e-13,1700,345,1.6540048605312524e-12,8.150168877980083e-12,69,0,1
1327,0,1,CADC0873,5,190,39,-1.7967155307692307e-05,2.513489388200977e-10,1.5853988104577905e-05,-1.0216840418489552,-0.5793225922746668,1,1,0,7,12,3.87941348982967e-12,1.4700666797235894e-12,950,195,1.322889151684725e-12,6.444844585130711e-12,39,0,1
1328,0,1,CADC0873,5,206,42,3.6755314285714286e-06,3.96807259688298e-10,1.992002157850985e-05,-1.407025999748022,-0.0147030578266409,1,1,1,6,15,9.433651244150269e-12,1.5435041700887492e-12,1036,210,1.92624883343834e-12,9.447791897340427e-12,42,0,1
1329,0,0,CADC0873,5,185,38,-1.446950526315789e-06,2.4291410771045045e-10,1.5585702028155498e-05,-1.347803885382723,-0.1135123559669515,1,1,1,6,12,6.868818647198298e-12,1.1079388778252842e-12,925,190,1.3130492308672998e-12,6.392476518696065e-12,38,0,0
1330,1,0,CADC0873,5,182,37,4.012197567567569e-07,1.3732765849839184e-10,1.171868842910297e-05,-1.0915364475788902,-0.0483469403282189,2,1,1,2,2,2.006976543584308e-11,3.3568852567120576e-11,926,185,7.545475741669881e-13,3.711558337794374e-12,37,1,0
1331,1,0,CADC0873,5,207,42,9.328747833333332e-06,7.744508388233486e-11,8.800288852210185e-06,0.0149506472740763,-0.379687427285944,9,2,1,9,9,6.875057260211896e-11,2.0977276709844407e-10,1047,210,3.741308400112795e-13,1.8439305686270202e-12,42,1,0
1332,0,1,CADC0873,5,185,38,4.425111105263156e-06,5.282382894928644e-10,2.2983435110811103e-05,-1.1702154228802002,-0.2864516888822141,1,1,1,2,11,1.1937491479159709e-11,1.197648867422286e-12,925,190,2.8553421053668357e-12,1.3901007618233276e-11,38,0,1
1333,0,1,CADC0873,5,175,36,1.1682337277777777e-05,3.8494201576138646e-10,1.961993923949273e-05,-1.479612759466256,-0.0180144859985417,1,1,1,3,9,1.2646307481164243e-11,2.7526933679600875e-12,875,180,2.199668661493637e-12,1.0692833771149624e-11,36,0,1
1334,0,1,CADC0873,5,195,40,3.84759e-06,6.78323744223365e-10,2.6044649051645237e-05,-1.3250035329098493,-0.1089115371841953,1,1,1,5,15,1.5954341418910195e-11,2.360000126942108e-12,975,200,3.478583303709564e-12,1.6958093605584125e-11,40,0,1
1335,0,1,CADC0873,5,115,24,4.199355833333333e-06,4.321223698859825e-10,2.078755324433308e-05,-1.2352276923791212,-0.1713660003278729,1,1,1,1,6,2.9980838282941777e-11,3.220924683132233e-12,575,120,3.757585825095501e-12,1.8005098745249276e-11,24,0,1
1336,0,0,CADC0873,5,85,18,-9.895114222222222e-06,6.891349647096384e-11,8.301415329385939e-06,-1.2236902158894214,-0.250142039771433,1,1,0,1,5,8.30691469326542e-12,1.5400347420532498e-12,425,90,8.107470173054569e-13,3.8285275817202135e-12,18,0,0
1337,0,1,CADC0873,5,120,25,3.1137224e-06,6.558304026832503e-10,2.5609185904343977e-05,-1.434903236797842,0.0376292203565091,1,1,1,1,6,4.441709281880764e-11,6.079481910258601e-12,600,125,5.465253355693752e-12,2.6233216107330007e-11,25,0,1
1338,0,0,CADC0873,5,100,21,-3.844377142857144e-06,3.5633028028008703e-10,1.88767126449519e-05,-1.1383350977363074,-0.3458070384860442,1,1,1,1,4,2.5139808338045002e-11,2.6462312883584483e-12,500,105,3.5633028028008707e-12,1.6968108584766048e-11,21,0,0
1339,0,1,CADC0873,5,110,23,2.4323095652173904e-06,5.703418023223435e-10,2.388182996175845e-05,-1.0576735040435588,-0.321102659538515,1,1,1,1,7,3.978754462444215e-11,5.859299041421766e-12,550,115,5.184925475657668e-12,2.4797469666188845e-11,23,0,1
1340,0,1,CADC0873,5,110,23,1.2045230434782597e-06,7.899009873722905e-10,2.8105177234315575e-05,-1.462984818707155,0.0097917599345506,1,1,2,1,4,6.192933683915207e-11,6.87452883224354e-12,550,115,7.1809180670208225e-12,3.434352119009959e-11,23,0,1
1341,0,0,CADC0873,5,100,21,-3.36978361904762e-06,4.694199517077403e-10,2.166610144229322e-05,-1.471265228170026,-0.072959064444904,1,1,2,1,3,4.4503255616517595e-11,4.831684939379184e-12,500,105,4.694199517077404e-12,2.235333103370193e-11,21,0,0
1342,0,1,CADC0873,5,105,22,-6.5609090909085075e-09,6.510888228038445e-10,2.551644220505368e-05,-1.4828507330700045,-0.0068459357690106,1,1,2,2,6,5.551664904588843e-11,5.4798299628149976e-12,525,110,6.2008459314651845e-12,2.959494649108384e-11,22,0,1
1343,0,1,CADC0873,5,105,22,5.395122727272723e-07,6.063225592021449e-10,2.4623617914558064e-05,-1.492239055172966,-0.0011628746086255,1,1,2,2,4,5.259390853250476e-11,6.860087066225004e-12,525,110,5.774500563829951e-12,2.756011632737022e-11,22,0,1
1344,0,1,CADC0873,5,100,21,4.060672857142856e-06,4.513740182080013e-10,2.1245564671432043e-05,-1.3276018604981648,-0.1466655876210588,1,1,2,1,5,4.1382540149455e-11,5.066625432023825e-12,500,105,4.513740182080013e-12,2.1494000867047678e-11,21,0,1
1345,0,1,CADC0873,5,95,20,-2.39482905e-06,2.1021541967469615e-10,1.4498807525955236e-05,-1.4395751593534216,-0.0972787972326429,1,1,2,2,5,2.1837033923422323e-11,2.9231447909736678e-12,475,100,2.212793891312591e-12,1.0510770983734809e-11,20,0,1
1346,0,0,CADC0873,5,105,22,2.9657150909090905e-06,3.21969412967497e-10,1.7943506150345785e-05,-1.3963781030479046,-0.1240288895190074,1,1,1,2,4,2.7250073045991588e-11,3.4905416417762014e-12,525,110,3.0663753615952093e-12,1.463497331670441e-11,22,0,0
1347,0,1,CADC0873,5,105,22,4.139884999999999e-06,5.20290413686034e-10,2.2809875354460708e-05,-1.5081828035234746,0.0108401445994452,1,1,1,1,3,4.4292234318109294e-11,4.2286158197450026e-12,525,110,4.955146797009848e-12,2.364956425845609e-11,22,0,1
1348,0,1,CADC0873,5,100,21,9.816633333333334e-07,4.94255809160022e-10,2.223186472520967e-05,-1.4448628600200766,-0.0468475990146576,1,1,2,1,5,4.6858524447160005e-11,4.495577722118006e-12,500,105,4.942558091600221e-12,2.3535990912382008e-11,21,0,1
1349,0,1,CADC0873,5,110,23,2.2204647826086966e-06,7.939695812314683e-10,2.8177465841190693e-05,-1.49822091475149,0.0440154498247361,1,1,2,1,6,6.205411625038348e-11,5.879760388967346e-12,550,115,7.217905283922441e-12,3.4520416575281235e-11,23,0,1
1350,0,1,CADC0873,5,100,21,-4.385314619047619e-06,2.9239187293302675e-10,1.709946996058728e-05,-1.1070601277373384,-0.2310220145712198,1,1,2,2,6,2.55473033165789e-11,4.328152635839684e-12,500,105,2.923918729330268e-12,1.3923422520620322e-11,21,0,1
1351,0,1,CADC0873,5,100,21,6.096302380952381e-06,6.155914849994941e-10,2.481111615787356e-05,-1.1394066025308824,-0.3260864623174276,1,1,1,1,3,4.8310369963875e-11,3.951623853963988e-12,500,105,6.155914849994943e-12,2.9313880238071153e-11,21,0,1
1352,1,1,CADC0873,5,110,23,-4.031308347826087e-06,2.839556335022182e-10,1.6850983161294127e-05,-0.4473788611046765,-0.3838735558993096,1,1,0,4,3,4.5974856608151415e-11,7.944306839406918e-11,550,115,2.5814148500201653e-12,1.2345897108792094e-11,23,1,1
1353,0,0,CADC0873,5,111,23,2.043560652173913e-06,7.182991097920963e-10,2.680110277194012e-05,-1.5255370319205894,-0.039585219157121,1,1,2,2,4,5.7019216699590285e-11,6.173595701178572e-12,561,115,6.471163151280147e-12,3.123039607791723e-11,23,0,0
1354,0,1,CADC0873,5,91,19,-1.7333336842105264e-06,3.2172046783788644e-10,1.793656789460811e-05,-1.388080490791135,-0.2071209280247077,1,1,2,1,3,3.760354014844445e-11,3.318608583118343e-12,461,95,3.5353897564602905e-12,1.6932656201994024e-11,19,0,1
1355,0,1,CADC0873,5,100,21,5.470256666666667e-06,5.39056399894622e-10,2.3217588158433295e-05,-1.5056533898849118,-0.1155086512222273,1,1,2,1,4,5.1556346985145005e-11,4.175102389206094e-12,500,105,5.3905639989462215e-12,2.5669352375934387e-11,21,0,1
1356,0,1,CADC0873,5,105,22,1.0673751818181811e-06,5.348326215352766e-10,2.312644852836848e-05,-1.5542387994928757,-0.0277644966539589,1,1,2,1,4,4.6098651218782206e-11,4.649486982513798e-12,525,110,5.093644014621682e-12,2.431057370614893e-11,22,0,1
1357,1,1,CADC0873,5,95,12,-6.186182333333333e-06,3.4089968768501656e-10,1.846346900463227e-05,-1.254778529775978,0.4470030046905356,1,1,1,1,1,1.856624501033865e-10,3.1322433998470634e-10,2275,60,3.5884177651054373e-12,2.8408307307084712e-11,12,1,1
1358,0,1,CADC0873,5,95,20,-5.9150835e-06,1.5453967491719275e-10,1.2431398751435524e-05,-1.413850893641094,-0.1762878917831558,1,1,2,1,3,1.6015730748139612e-11,2.422021591987656e-12,475,100,1.6267334201809762e-12,7.726983745859637e-12,20,0,1
1359,0,0,CADC0873,5,100,21,1.695659209523811e-06,2.347713319027726e-10,1.5322249570568042e-05,-1.4643262207346683,-0.088791157744029,1,1,2,1,5,2.2777501842106e-11,2.6128153137287722e-12,500,105,2.347713319027726e-12,1.1179587233465362e-11,21,0,0
1360,0,0,CADC0873,5,100,21,3.2733190476190495e-07,2.0825255190611064e-10,1.4430958107697168e-05,-1.4909018143604438,-0.1312822849434851,1,1,2,1,6,2.0285807174115003e-11,2.457292730223823e-12,500,105,2.0825255190611064e-12,9.916788186005268e-12,21,0,0
1361,0,1,CADC0873,5,105,22,-1.0579031818181818e-06,2.0163187506632167e-10,1.4199713907903978e-05,-1.5098681207199556,-0.0671937609110607,1,1,2,1,5,1.7334680822513375e-11,2.932460211374999e-12,525,110,1.920303572060207e-12,9.16508523028735e-12,22,0,1
1362,0,1,CADC0873,5,100,21,2.5562380952380893e-08,1.7869489040574194e-10,1.336768081627258e-05,-1.4463829647964697,-0.1237431471756142,1,1,2,1,6,1.7365022353770003e-11,2.371460162753461e-12,500,105,1.7869489040574194e-12,8.509280495511519e-12,21,0,1
1363,0,1,CADC0873,5,105,22,-3.1818586363636366e-06,1.7626144082477543e-10,1.3276348926748477e-05,-1.5204124237008527,-0.0565487847338987,1,1,2,1,5,1.5768479934259865e-11,3.264862883680001e-12,525,110,1.6786803888073853e-12,8.011883673853428e-12,22,0,1
1364,0,0,CADC0873,5,125,26,2.086087692307692e-06,5.3465044625291e-10,2.312250951460308e-05,-1.394685715528872,0.0356748383413367,1,1,1,1,7,3.1607466074944004e-11,3.0568800188555584e-12,625,130,4.27720357002328e-12,2.0563478702035e-11,26,0,0
1365,0,1,CADC0873,5,80,17,-1.230171e-05,4.103832247291766e-11,6.406116020875493e-06,-1.4887060505247445,-0.0834194349002303,1,1,0,2,6,6.4149085448734384e-12,2.802385919315557e-12,400,85,5.129790309114707e-13,2.4140189689951563e-12,17,0,1
1366,0,1,CADC0873,5,115,24,4.22875e-06,6.92415180140475e-10,2.6313783083024664e-05,-1.2690510248195046,-0.135893966630465,1,1,1,1,4,4.808358472814556e-11,3.27549209245124e-12,575,120,6.021001566438913e-12,2.8850632505853126e-11,24,0,1
1367,0,1,CADC0873,5,105,22,-1.5119786363636366e-06,5.361959141561574e-10,2.315590452036278e-05,-1.1528348587680552,-0.2330926363792579,1,1,1,1,3,3.8145491012205897e-11,3.4288495183100007e-12,525,110,5.1066277538681655e-12,2.437254155255261e-11,22,0,1
1368,0,1,CADC0873,5,105,22,-1.0804981818181804e-06,5.527309280460601e-10,2.351023028483686e-05,-1.1578003243792243,-0.2822907163563994,1,1,1,1,6,3.9686938075548296e-11,4.2904245903750016e-12,525,110,5.264104076629145e-12,2.5124133093002735e-11,22,0,1
1369,0,1,CADC0873,5,105,22,4.722181818181805e-07,8.05595549851133e-10,2.8383015164903342e-05,-1.48322510998295,-0.0092300404465485,1,1,2,1,4,6.900561927116736e-11,5.283866970240005e-12,525,110,7.67233857001079e-12,3.6617979538687856e-11,22,0,1
1370,0,1,CADC0873,5,100,21,1.3879923809523814e-06,5.192433242216088e-10,2.278691124794251e-05,-1.4416133310056605,-0.0782083837118278,1,1,2,1,3,4.8236257401035e-11,4.235664489909141e-12,500,105,5.192433242216088e-12,2.472587258198137e-11,21,0,1
1371,0,1,CADC0873,5,100,21,9.896861904761908e-07,4.744142488746997e-10,2.178105251990132e-05,-1.461468749590926,-0.0634932173722668,1,1,2,1,4,4.4055051065835e-11,4.7906748708903016e-12,500,105,4.744142488746997e-12,2.2591154708319037e-11,21,0,1
1372,0,1,CADC0873,5,100,21,3.3979e-06,3.9039821521134286e-10,1.9758497291326156e-05,-1.2216993015411397,-0.2371544929916608,1,1,2,1,5,3.439569307752001e-11,3.440831066518005e-12,500,105,3.903982152113429e-12,1.859039120054014e-11,21,0,1
1373,0,0,CADC0873,5,90,19,-5.3736126315789465e-06,6.237072080411413e-11,7.89751358366126e-06,-1.4909656602480597,-0.0642662451623182,1,1,2,2,5,7.629612762583952e-12,2.219697419711418e-12,450,95,6.930080089346014e-13,3.2826695160060065e-12,19,0,0
1374,0,0,CADC0873,5,105,22,3.1692345454545466e-06,1.6709222393325206e-10,1.2926415741931408e-05,-1.4765513068847942,-0.0474509260630794,1,1,2,1,5,1.4678032424680726e-11,1.7053932373150009e-12,525,110,1.5913545136500196e-12,7.595101087875094e-12,22,0,0
1375,0,1,CADC0873,5,105,22,8.486277272727266e-07,4.6310839207163567e-10,2.1519953347338737e-05,-1.515937135402752,-0.003872945389485,1,1,2,1,4,3.9578996968148296e-11,3.895715785990001e-12,525,110,4.41055611496796e-12,2.1050381457801625e-11,22,0,1
1376,0,1,CADC0873,5,100,21,-3.610041428571428e-06,3.7898365510844086e-10,1.9467502539063425e-05,-1.4985253385183324,-0.0088372299157757,1,1,2,1,4,3.564607113820999e-11,3.948037761436564e-12,500,105,3.789836551084409e-12,1.804684071944957e-11,21,0,1
1377,0,1,CADC0873,5,100,21,2.613789047619047e-06,5.822325994909133e-10,2.4129496461611325e-05,-1.490158551893665,-0.0256021474438933,1,1,2,1,2,5.461014253881e-11,4.439197664721885e-12,500,105,5.822325994909134e-12,2.7725361880519682e-11,21,0,1
1378,0,1,CADC0873,5,110,23,2.23805e-06,8.466764241620607e-10,2.909770479199452e-05,-1.4893800356591709,0.0777311073731756,1,1,2,1,5,6.593183843758843e-11,5.858053968090249e-12,550,115,7.69705840147328e-12,3.681201844182873e-11,23,0,1
1379,0,1,CADC0873,5,110,23,-2.328075739130432e-07,1.8220950798062147e-10,1.3498500212268824e-05,-1.5245484770140818,0.0160690264032353,1,1,2,1,7,1.4863143328770708e-11,2.1408716359269085e-12,550,115,1.6564500725511042e-12,7.922152520896586e-12,23,0,1
1380,0,1,CADC0873,5,95,20,-3.8888650000000005e-07,1.287333529076127e-10,1.134607213566055e-05,-1.310109646058484,-0.23405648151981,1,1,2,1,6,1.2642894893214403e-11,1.783651340802469e-12,475,100,1.355087925343292e-12,6.436667645380637e-12,20,0,1
1381,0,0,CADC0873,5,100,21,8.880620476190476e-07,1.4819665459097527e-10,1.2173604831395476e-05,-1.3816503685139785,-0.1146954044979421,1,1,2,1,6,1.4507836240879899e-11,1.5682454240796288e-12,500,105,1.4819665459097526e-12,7.056983551951203e-12,21,0,0
1382,0,1,CADC0873,5,105,22,-1.0016336363636364e-06,2.1502398103341403e-10,1.4663696022265808e-05,-1.5307090750263543,-0.0123990845287442,1,1,2,1,6,1.8826849215650795e-11,2.2062174623000004e-12,525,110,2.047847438413467e-12,9.773817319700638e-12,22,0,1
1383,0,1,CADC0873,5,100,21,-1.367852857142857e-06,2.250301628800776e-10,1.5001005395641906e-05,-1.4628087200820232,-0.0577199952292559,1,1,2,1,7,2.1363710646355e-11,1.905163205498616e-12,500,105,2.250301628800776e-12,1.0715722041908457e-11,21,0,1
1384,0,0,CADC0873,5,105,22,-2.04362727272727e-07,2.8641325317911984e-10,1.6923748201244305e-05,-1.5177786675519158,-0.0109705247533418,1,1,2,1,3,2.4527986070627665e-11,2.5393084669699987e-12,525,110,2.72774526837257e-12,1.3018784235414538e-11,22,0,0
1385,0,1,CADC0873,5,100,21,8.606990476190484e-07,3.633544607970848e-10,1.906185879700836e-05,-1.3912609540839012,-0.1143301724518442,1,1,2,1,1,3.3413739979115e-11,2.7596028142094173e-12,500,105,3.633544607970849e-12,1.7302593371289755e-11,21,0,1
1386,0,1,CADC0873,5,110,23,3.989408695652177e-07,5.155557435209121e-10,2.2705852627041165e-05,-1.5008661417622498,0.004927022025072,1,1,2,1,5,4.023382654351405e-11,3.672382355756917e-12,550,115,4.686870395644657e-12,2.2415467109604878e-11,23,0,1
1387,0,1,CADC0873,5,110,23,9.303660869565216e-07,9.026233086394673e-10,3.0043689997060404e-05,-1.4312090297684472,-0.0287173394344468,1,1,1,1,4,6.730748781151403e-11,5.615627145789565e-12,550,115,8.205666442176976e-12,3.9244491679976836e-11,23,0,1
1388,0,1,CADC0873,5,100,21,-5.867353333333333e-06,4.62962108218508e-10,2.151655428312136e-05,-1.4846648468662589,-0.0171233043573154,1,1,2,1,4,4.394560644589e-11,4.830942912518007e-12,500,105,4.62962108218508e-12,2.204581467707181e-11,21,0,1
1389,0,0,CADC0873,5,100,21,1.8485764285714288e-06,6.929008115169217e-10,2.6323009165308624e-05,-1.4691455100353792,-0.0498211108678915,1,1,2,1,3,6.45963996652525e-11,5.422477573440031e-12,500,105,6.929008115169218e-12,3.299527673890104e-11,21,0,0
1390,0,1,CADC0873,5,105,22,-4.77511181818181e-07,6.519084772790238e-10,2.5532498453520445e-05,-1.528100601822326,0.0350289778543964,1,1,2,1,3,5.576248066420996e-11,5.4413350781178056e-12,525,110,6.208652164562133e-12,2.963220351268291e-11,22,0,1
1391,0,0,CADC0873,5,95,20,4.347612999999999e-06,4.611359746855711e-10,2.1474076806362853e-05,-1.3116351251275102,-0.1999944933710561,1,1,2,1,2,4.6205306629582266e-11,3.442046523669137e-12,475,100,4.854062891427064e-12,2.3056798734278548e-11,20,0,0
1392,0,1,CADC0873,5,95,20,-4.430167e-06,1.7075372737500103e-10,1.3067276968634324e-05,-1.52684781247955,-0.0291544796614286,1,1,2,1,5,1.8272646580686423e-11,3.2713088016098775e-12,475,100,1.7974076565789584e-12,8.537686368750051e-12,20,0,1
1393,0,1,CADC0873,5,105,22,2.687197136363637e-06,2.8627831840907306e-10,1.6919761180615793e-05,-1.5190361024185506,-0.027964939453543,1,1,2,1,7,2.501878694727786e-11,3.2828953797116986e-12,525,110,2.726460175324506e-12,1.301265083677605e-11,22,0,1
1394,0,0,CADC0873,5,100,21,2.7143061904761907e-06,8.748054389753568e-10,2.957711005110805e-05,-1.4998912576854393,0.0175947677189662,1,1,2,1,2,8.194669382134499e-11,6.7171891522797816e-12,500,105,8.748054389753567e-12,4.165740185596937e-11,21,0,0
1395,0,1,CADC0873,5,105,22,2.823719727272727e-06,9.139267000473433e-10,3.0231220617886792e-05,-1.502299893222158,0.0609626435303645,1,1,2,1,5,7.829890635075301e-11,7.470234236094802e-12,525,110,8.7040638099747e-12,4.1542122729424695e-11,22,0,1
1396,0,1,CADC0873,5,90,19,-2.9359968421052634e-06,4.945100881035583e-10,2.2237582784636427e-05,-1.4530741854776614,-0.0840470845339349,1,1,2,1,2,5.6743708611877775e-11,3.887210983471281e-12,450,95,5.4945565344839815e-12,2.6026846742292548e-11,19,0,1
1397,0,1,CADC0873,5,105,22,3.4949545454545443e-06,9.686302264031792e-10,3.11228248461347e-05,-1.496555724175186,0.025939730602356,1,1,2,1,3,8.28211420483932e-11,6.282431163315001e-12,525,110,9.225049775268371e-12,4.4028646654689967e-11,22,0,1
1398,0,1,CADC0873,5,95,20,-7.160039999999995e-07,5.199356300603138e-10,2.2802097054006104e-05,-0.9663303344700664,-0.5797233860203521,1,1,0,1,3,3.144514726375069e-11,3.611852654061728e-12,475,100,5.4730066322138296e-12,2.599678150301569e-11,20,0,1
1399,0,1,CADC0873,5,100,21,-7.799997619047626e-07,3.2984945412117256e-10,1.816175801295603e-05,-0.8649310166839972,-0.5296905947831987,1,1,1,1,5,2.2089733124947253e-11,2.9386178996375336e-12,500,105,3.2984945412117256e-12,1.570711686291298e-11,21,0,1
1400,0,1,CADC0873,5,115,24,4.683056666666666e-06,5.137362836538721e-10,2.2665751336628405e-05,-1.2805935650321592,-0.1223447446528755,1,1,1,1,8,3.654796339520189e-11,5.416656437890081e-12,575,120,4.467272031772802e-12,2.140567848557801e-11,24,0,1
1401,0,0,CADC0873,5,105,22,1.534051772727273e-06,6.000050973400724e-10,2.449500147662932e-05,-1.473751630660957,-0.0541824394796275,1,1,2,1,4,5.232791705495469e-11,6.483920796305301e-12,525,110,5.714334260381642e-12,2.727295897000329e-11,22,0,0
1402,0,0,CADC0873,5,95,20,-1.7888639999999994e-06,4.4172244222745404e-10,2.1017193966546867e-05,-1.2865774948065278,-0.2121399244976611,1,1,2,1,3,4.1397190399994456e-11,4.094921040987655e-12,475,100,4.649709918183728e-12,2.2086122111372705e-11,20,0,0
1403,0,0,CADC0873,5,95,20,1.5196420000000008e-06,3.8850705508616606e-10,1.971058231220392e-05,-1.4185595948865668,-0.073769575031964,1,1,2,2,3,4.2336747974910245e-11,7.807838189761722e-12,475,100,4.089547948275432e-12,1.9425352754308304e-11,20,0,0
1404,0,1,CADC0873,5,100,21,-2.9044666666666665e-06,4.3222658891357465e-10,2.079005985834516e-05,-1.5143413904943743,-0.0099033051565798,1,1,2,1,4,4.1028989674435e-11,5.4717634796786685e-12,500,105,4.322265889135747e-12,2.0582218519694032e-11,21,0,1
1405,0,0,CADC0873,5,95,20,-8.283980499999996e-07,3.5278917194571523e-10,1.8782682767531248e-05,-1.4421872866150836,-0.1169930516000536,1,1,2,2,3,3.803547711560426e-11,8.17980373120132e-12,475,100,3.713570231007529e-12,1.7639458597285763e-11,20,0,0
1406,0,1,CADC0873,5,95,20,-7.460535500000001e-07,2.1097258193679143e-10,1.452489524701612e-05,-1.088291104045646,-0.3523941289317209,1,1,2,2,3,1.9644905837751403e-11,5.038424949490336e-12,475,100,2.2207640203872784e-12,1.0548629096839573e-11,20,0,1
1407,0,1,CADC0873,5,90,19,4.047184210526317e-07,1.1843694758219224e-10,1.0882874049725665e-05,-1.1532555784456728,-0.3268808283268691,1,1,2,1,5,1.3557133787265431e-11,1.6860736198692042e-12,450,95,1.3159660842465804e-12,6.233523556957486e-12,19,0,1
1408,0,0,CADC0873,5,71,15,4.976226e-07,8.473544283358129e-11,9.205185649055716e-06,-1.180670438670616,-0.196463260110194,1,1,2,1,2,1.3625509066498204e-11,2.9005281769075626e-12,361,75,1.1934569413180465e-12,5.649029522238753e-12,15,0,0
1409,0,1,CADC0873,5,65,14,-2.319312357142857e-06,5.661981980884795e-11,7.5246142631265794e-06,-0.6819025547842754,-0.6276947161190551,1,1,2,1,3,1.1026449120206828e-11,4.828245458695475e-12,325,70,8.71074150905353e-13,4.04427284348914e-12,14,0,1
1410,0,1,CADC0873,5,75,16,8.91168125e-07,2.1191761638059022e-10,1.4557390438556982e-05,-1.5018728512985473,-0.0687158211009002,1,1,2,1,3,3.5684221118813335e-11,7.745180482424492e-12,375,80,2.82556821840787e-12,1.3244851023786889e-11,16,0,1
1411,0,0,CADC0873,5,70,15,-1.0497486666666668e-06,1.7549716134359826e-10,1.3247534160876818e-05,-1.4627744054323952,-0.092829156939562,1,1,2,1,2,3.1999436259434695e-11,5.961890985208284e-12,350,75,2.5071023049085465e-12,1.1699810756239883e-11,15,0,0
1412,0,0,CADC0873,5,70,15,1.8569323333333327e-06,2.376369673650277e-10,1.5415478175036534e-05,-1.2298105697855457,-0.2765126283842599,1,1,2,2,1,4.959849885583529e-11,2.6000471524365472e-11,350,75,3.394813819500396e-12,1.5842464491001847e-11,15,0,0
1413,0,1,CADC0873,5,75,16,-1.0561675e-06,3.653878537771688e-10,1.9115121076707016e-05,-1.542776751127891,-0.0205194307434107,1,1,2,1,4,6.042205494312889e-11,1.0070888122953058e-11,375,80,4.87183805036225e-12,2.2836740861073046e-11,16,0,1
1414,0,1,CADC0873,5,70,15,-6.625204000000003e-07,3.670045821203809e-10,1.9157363652663195e-05,-1.479700465276902,-0.1001432775544621,1,1,2,1,0,6.892897482089167e-11,9.328755026069631e-12,350,75,5.242922601719727e-12,2.4466972141358724e-11,15,0,1
1415,0,1,CADC0873,5,75,16,-3.348e-07,4.5372386863841246e-10,2.130079502362324e-05,-1.5346215945496693,-0.0080746661021721,1,1,2,1,0,7.370879508087556e-11,1.0019145011540816e-11,375,80,6.0496515818455e-12,2.835774178990078e-11,16,0,1
1416,0,1,CADC0873,5,70,15,1.5009093333333322e-06,4.92043392786513e-10,2.218205114020146e-05,-1.4427988661992852,-0.1336104046211664,1,1,2,1,0,9.29207448582245e-11,9.288663432059172e-12,350,75,7.029191325521614e-12,3.28028928524342e-11,15,0,1
1417,0,1,CADC0873,5,80,17,-8.524358823529413e-07,6.795790924230713e-10,2.606873783716947e-05,-1.5336546486684068,0.0440967095059286,1,1,2,1,0,9.815920479306252e-11,1.469539463527555e-11,400,85,8.49473865528839e-12,3.99752407307689e-11,17,0,1
1418,0,1,CADC0873,5,75,16,6.174087500000007e-08,6.893447647987765e-10,2.6255375921871247e-05,-1.5049407362334108,-0.0372614639224007,1,1,2,1,0,1.1276773021135413e-10,1.3546470884148489e-11,375,80,9.191263530650354e-12,4.308404779992353e-11,16,0,1
1419,0,1,CADC0873,5,75,16,1.3835689374999994e-06,6.345502085987205e-10,2.519028004208609e-05,-1.428076337936313,-0.0966316655135917,1,1,2,1,0,9.761968564228919e-11,1.3114349848741816e-11,375,80,8.460669447982942e-12,3.965938803742004e-11,16,0,1
1420,0,1,CADC0873,5,75,16,-2.394211875e-06,5.231253035056276e-10,2.2871932657858795e-05,-1.4227418008066708,-0.0758159189456005,1,1,2,1,0,8.429779733082667e-11,1.0651605520857144e-11,375,80,6.975004046741703e-12,3.2695331469101725e-11,16,0,1
1421,0,1,CADC0873,5,80,17,1.73747e-06,8.35792753199859e-10,2.8910080477229023e-05,-1.4862670032608556,-0.041469901008261,1,1,2,1,0,1.195877127275875e-10,1.3167392575275556e-11,400,85,1.0447409414998238e-11,4.9164279599991706e-11,17,0,1
1422,0,0,CADC0873,5,75,16,-4.5076201875e-06,3.320308076925456e-10,1.82217125345711e-05,-1.0921595402629956,-0.3452065830881032,1,1,2,1,0,4.531175634899809e-11,7.373171358595692e-12,375,80,4.427077435900608e-12,2.07519254807841e-11,16,0,0
1423,0,1,CADC0873,5,80,17,-7.332435294117643e-07,4.804873112549873e-10,2.1920020785915957e-05,-1.1324894505413765,-0.3586575084607278,1,1,2,1,2,5.5040659800156244e-11,7.779606616088888e-12,400,85,6.006091390687343e-12,2.8263959485587492e-11,17,0,1
1424,0,1,CADC0873,5,90,19,2.8902363157894745e-06,4.874829063610547e-10,2.2079015067730148e-05,-1.2638369276542478,-0.1243453197791672,1,1,2,1,5,5.844681656506667e-11,7.785872907232525e-12,450,95,5.4164767373450536e-12,2.5656995071634467e-11,19,0,1
1425,0,1,CADC0873,5,80,17,1.3336441176470591e-06,4.28446601637836e-10,2.0698951703838435e-05,-0.979954621403103,-0.4333059765407541,1,1,2,1,3,4.9306641679710926e-11,6.457551449838224e-12,400,85,5.3555825204729495e-12,2.5202741272813885e-11,17,0,1
1426,0,1,CADC0873,5,80,17,2.2745582352941182e-06,6.071326223661323e-10,2.4640061330405253e-05,-1.4366843321453746,-0.0839857381827579,1,1,2,1,3,8.7362986885525e-11,9.517075116919998e-12,400,85,7.589157779576654e-12,3.571368366859602e-11,17,0,1
1427,0,1,CADC0873,5,75,16,-4.8639900000000005e-06,3.2432925124861246e-10,1.800914354567181e-05,-1.4919883206772724,-0.0205210968312497,1,1,2,1,3,5.3553596989840006e-11,1.0527073590155095e-11,375,80,4.324390016648167e-12,2.027057820303828e-11,16,0,1
1428,0,1,CADC0873,5,75,16,3.170889375e-06,5.923359289001934e-10,2.4337952438530924e-05,-1.460013942432673,-0.0957292768697699,1,1,2,1,2,9.578354903655556e-11,1.3056443337942855e-11,375,80,7.897812385335912e-12,3.7020995556262087e-11,16,0,1
1429,0,1,CADC0873,5,75,16,1.3498118750000002e-06,5.68765822104565e-10,2.384881175456264e-05,-1.4688106655224584,-0.0595516519000356,1,1,2,1,2,9.259098807665332e-11,1.1926414573767347e-11,375,80,7.583544294727535e-12,3.554786388153532e-11,16,0,1
1430,0,0,CADC0873,5,80,17,-1.3772794117647063e-06,5.363422723753937e-10,2.315906458334174e-05,-1.5350606235558948,0.0367804580598848,1,1,2,1,1,7.780635688192343e-11,1.2393199299186672e-11,400,85,6.704278404692421e-12,3.1549545433846686e-11,17,0,0
1431,0,1,CADC0873,5,85,18,1.922645055555555e-06,4.758586274783201e-10,2.181418408921865e-05,-1.2231412576542375,-0.2443460343820367,1,1,2,1,2,5.855923977062918e-11,6.313036202275375e-12,425,90,5.5983367938625896e-12,2.6436590415462223e-11,18,0,1
1432,0,1,CADC0873,5,75,16,-1.442351875e-06,3.6400025845035266e-10,1.9078790801577355e-05,-0.9781914827851708,-0.415948266668685,1,1,2,1,3,4.8345708765902223e-11,8.602293832926523e-12,375,80,4.853336779338036e-12,2.2750016153147044e-11,16,0,1
1433,0,1,CADC0873,5,70,15,-2.106745666666667e-06,2.8433464993014286e-10,1.6862225533130046e-05,-0.9641619465496988,-0.433720713090799,1,1,2,1,1,4.6409491214315816e-11,7.358409451367753e-12,350,75,4.061923570430613e-12,1.8955643328676197e-11,15,0,1
1434,0,1,CADC0873,5,80,17,-4.5587805882352934e-07,7.079962114509132e-10,2.660819820000808e-05,-1.5162881165277975,-0.0386263957020907,1,1,2,1,2,1.0211099993617456e-10,1.2762728940776938e-11,400,85,8.849952643136415e-12,4.164683596770078e-11,17,0,1
1435,0,1,CADC0873,5,75,16,-4.1127998125000006e-06,4.297752034841031e-10,2.0731020319417544e-05,-1.423050597098622,-0.0823150578851937,1,1,2,1,1,6.949673649648207e-11,1.12079103875761e-11,375,80,5.730336046454707e-12,2.6860950217756437e-11,16,0,1
1436,0,1,CADC0873,5,75,16,1.0219476874999995e-06,5.303324599972215e-10,2.3028948304193604e-05,-1.467477880024349,-0.0632461256869976,1,1,2,1,2,8.461936070718609e-11,1.3539962099998149e-11,375,80,7.07109946662962e-12,3.314577874982634e-11,16,0,1
1437,0,0,CADC0873,5,75,16,-1.0048101875000005e-06,5.104558879172066e-10,2.259327085477458e-05,-1.4991848436994544,-0.055433212055722,1,1,2,1,2,8.4045287899862e-11,1.1566457575127856e-11,375,80,6.806078505562754e-12,3.190349299482541e-11,16,0,0
1438,0,1,CADC0873,5,70,15,-5.72879999999999e-08,3.9437537731888257e-10,1.9858886608238705e-05,-1.451721035196911,-0.1418821858737007,1,1,2,1,1,7.505497765853468e-11,9.017534247136089e-12,350,75,5.633933961698323e-12,2.629169182125884e-11,15,0,1
1439,0,1,CADC0873,5,70,15,-7.543833333333334e-07,2.9627748755279554e-10,1.721271296317915e-05,-1.298417597101915,-0.2615231677944631,1,1,2,1,1,5.1553583599955106e-11,6.150723845485208e-12,350,75,4.232535536468507e-12,1.9751832503519703e-11,15,0,1
1440,0,1,CADC0873,5,75,16,-6.535193750000002e-07,2.705847304985184e-10,1.644945988470498e-05,-1.4817850954787188,-0.0489437427173498,1,1,2,1,1,4.4417030206942215e-11,6.116683009940822e-12,375,80,3.607796406646912e-12,1.69115456561574e-11,16,0,1
1441,0,1,CADC0873,5,75,16,1.3908199999999998e-06,2.2925125333532504e-10,1.5141045318448956e-05,-1.1808167058352954,-0.3049308623279577,1,1,2,1,2,3.576320836534667e-11,6.189361194451532e-12,375,80,3.056683377804334e-12,1.4328203333457817e-11,16,0,1
1442,0,1,CADC0873,5,65,14,-4.14206e-06,3.723784376210001e-11,6.102281848792303e-06,-1.568410787237514,-0.0437934010465207,1,1,2,1,2,8.79472065428639e-12,2.7691651948305562e-12,325,70,5.728899040323078e-13,2.6598459830071438e-12,14,0,1
1443,0,1,CADC0873,5,75,16,1.7652446249999998e-06,1.2128199884291586e-10,1.1012810669530091e-05,-1.443140688616395,0.0322923367850033,1,1,2,1,2,1.9576506623892797e-11,2.834977068873387e-12,375,80,1.617093317905545e-12,7.580124927682241e-12,16,0,1
1444,0,1,CADC0873,5,65,14,-2.0660438571428567e-06,7.785601114927912e-11,8.823605337348171e-06,-0.6505746059241555,-0.5852636526883676,1,1,2,2,3,1.6342331914442458e-11,6.357628646342305e-12,325,70,1.1977847869119866e-12,5.561143653519937e-12,14,0,1
1445,0,0,CADC0873,5,80,17,3.531184117647058e-07,3.5361570078343216e-10,1.880467231257785e-05,-1.503742261564133,0.0311324693569862,1,1,2,1,2,5.203466500866581e-11,8.170620290379599e-12,400,85,4.420196259792902e-12,2.080092357549601e-11,17,0,0
1446,0,0,CADC0873,5,70,15,-8.755859999999996e-07,2.78802928666264e-10,1.66973928703335e-05,-1.4237697940298648,-0.0982642333521607,1,1,2,1,1,5.0036639012848985e-11,6.719649188566865e-12,350,75,3.982898980946628e-12,1.8586861911084267e-11,15,0,0
1447,0,1,CADC0873,5,75,16,7.9768125e-07,4.3800000443656087e-10,2.092844964244989e-05,-1.382421190517489,-0.1036626755329627,1,1,2,1,1,6.936493930339555e-11,9.58004955419796e-12,375,80,5.8400000591541455e-12,2.7375000277285054e-11,16,0,1
1448,0,1,CADC0873,5,75,16,-1.6520812500000057e-07,5.852221278997152e-10,2.419136473826384e-05,-1.5062096358751005,-0.0396538328380568,1,1,2,1,2,9.565885757073335e-11,1.2025952622377548e-11,375,80,7.802961705329536e-12,3.65763829937322e-11,16,0,1
1449,0,1,CADC0873,5,75,16,-1.4255049999999992e-06,6.200762363726751e-10,2.490133001212335e-05,-1.49114465308771,-0.0369624875644637,1,1,2,1,0,1.0090950827470224e-10,1.1803424450834696e-11,375,80,8.267683151635668e-12,3.8754764773292186e-11,16,0,1
1450,0,1,CADC0873,5,75,16,4.578174999999996e-07,6.305792414110936e-10,2.5111336910070992e-05,-1.5088106999373585,-0.0465718773036148,1,1,2,1,1,1.0286346203960889e-10,1.3515272001926534e-11,375,80,8.407723218814584e-12,3.941120258819336e-11,16,0,1
1451,0,1,CADC0873,5,75,16,8.972925000000001e-07,6.983491648121563e-10,2.6426296842580048e-05,-1.4466029231445063,-0.0729297468992937,1,1,2,1,0,1.1396468206601332e-10,1.2970829695234687e-11,375,80,9.311322197495415e-12,4.3646822800759766e-11,16,0,1
1452,0,1,CADC0873,5,80,17,9.598587647058824e-07,8.55791943148035e-10,2.925392184217417e-05,-1.4782222366307494,-0.0470779472373966,1,1,2,1,1,1.2141469292832355e-10,1.3521152764875966e-11,400,85,1.0697399289350438e-11,5.0340702538119707e-11,17,0,1
1453,0,1,CADC0873,5,75,16,-5.54218e-06,4.1766693425338746e-10,2.0436901287949396e-05,-1.4256636448518654,-0.0966204940590536,1,1,2,1,1,6.564247689319556e-11,9.544351444769394e-12,375,80,5.5688924567118335e-12,2.610418339083672e-11,16,0,1
1454,0,1,CADC0873,5,80,17,2.34323588235294e-06,6.876329667442124e-10,2.622275665799102e-05,-1.379261815853681,-0.1281067930976982,1,1,2,1,0,9.824706501599376e-11,1.0187624159862223e-11,400,85,8.595412084302654e-12,4.04489980437772e-11,17,0,1
1455,0,1,CADC0873,5,85,18,1.338338888888888e-06,6.38870695009721e-10,2.5275891576949785e-05,-1.142748577183747,-0.2998610778359442,1,1,2,1,0,6.76119456130526e-11,7.96350892814844e-12,425,90,7.516125823643777e-12,3.5492816389428944e-11,18,0,1
1456,0,0,CADC0873,5,70,15,-7.686396706666666e-06,6.973799321224976e-11,8.350927685727481e-06,-1.3029684803401758,-0.1761564972889728,1,1,0,2,4,1.3503921447022979e-11,4.4814954857177655e-12,350,75,9.962570458892825e-13,4.649199547483317e-12,15,0,0
1457,0,1,CADC0873,5,100,21,2.332227142857141e-07,4.5580352417974455e-10,2.1349555596774014e-05,-1.4745749153371634,0.0074322432260105,1,1,2,1,5,4.141087357841189e-11,5.686076325651707e-12,500,105,4.558035241797446e-12,2.170492972284498e-11,21,0,1
1458,0,1,CADC0873,5,70,15,-6.835098266666668e-06,3.794355032088086e-11,6.159833627694896e-06,-1.5404893989768518,-0.1852895316930353,1,1,0,1,4,7.467457297098916e-12,2.2797894293791717e-12,350,75,5.420507188697266e-13,2.5295700213920568e-12,15,0,1
1459,0,1,CADC0873,5,85,18,2.6324560000000003e-06,3.7908738394876316e-10,1.947016651055566e-05,-1.2615474908011262,-0.205040600571414,1,1,2,1,3,4.5458517032734174e-11,4.59358738425744e-12,425,90,4.459851575867802e-12,2.106041021937573e-11,18,0,1
1460,0,0,CADC0873,5,80,17,9.460452941176472e-07,3.3930700924840137e-10,1.8420287979518707e-05,-1.2231169268934916,-0.2671990684813379,1,1,2,1,2,4.3254425128887504e-11,5.035651602759999e-12,400,85,4.241337615605018e-12,1.995923583814126e-11,17,0,0
1461,0,1,CADC0873,5,75,16,-2.55558875e-06,1.855859376233984e-10,1.3622992975972586e-05,-1.3035433123909614,-0.1922061399170606,1,1,2,1,2,2.9612790775128886e-11,3.689292912620409e-12,375,80,2.474479168311979e-12,1.15991211014624e-11,16,0,1
1462,0,0,CADC0873,5,80,17,1.707246176470588e-06,4.3889174879778677e-10,2.094974340649037e-05,-1.504814274544088,-0.0687497912236677,1,1,2,1,4,6.332708027235937e-11,6.713557742583332e-12,400,85,5.486146859972335e-12,2.5817161693987458e-11,17,0,0
1463,0,1,CADC0873,5,65,14,-2.449007142857143e-07,1.213109150527066e-10,1.1014123435512542e-05,-0.2620062724524605,-0.959817631308233,1,1,1,0,3,1.864532152647456e-11,4.423471892163889e-12,325,70,1.8663217700416398e-12,8.665065360907616e-12,14,0,1
1464,0,1,CADC0873,5,80,17,4.975158823529416e-07,3.688861407199066e-10,1.9206408844963878e-05,-1.5132951074114138,0.0070940443967922,1,1,2,1,2,5.3613095596535935e-11,7.028244602448891e-12,400,85,4.611076758998832e-12,2.16991847482298e-11,17,0,1
1465,0,0,CADC0873,5,70,15,-2.871991933333333e-06,2.474748395357564e-10,1.573133305018225e-05,-1.484365825936655,-0.0976897686314018,1,1,2,1,2,4.612303089103483e-11,8.213092361790283e-12,350,75,3.5353548505108057e-12,1.6498322635717092e-11,15,0,0
1466,0,0,CADC0873,5,75,16,2.409554875e-06,4.802809597229338e-10,2.1915313361276265e-05,-1.4662933858303286,-0.0573052337652857,1,1,2,1,2,8.029520149076318e-11,9.2151748189062e-12,375,80,6.403746129639119e-12,3.001755998268337e-11,16,0,0
1467,0,1,CADC0873,5,80,17,-1.1704482352941176e-06,6.650128086484852e-10,2.578784226430132e-05,-1.5189943627613691,0.0328450488781628,1,1,2,1,2,9.582349402372344e-11,1.2210715417902224e-11,400,85,8.312660108106065e-12,3.911840050873442e-11,17,0,1
1468,0,1,CADC0873,5,75,16,-2.897668749999996e-07,6.463080909120587e-10,2.542259016921877e-05,-1.478550520984932,-0.0671162789677377,1,1,2,1,0,1.0580436996697332e-10,1.2839584133814286e-11,375,80,8.617441212160784e-12,4.039425568200368e-11,16,0,1
1469,0,1,CADC0873,5,80,17,-3.46326e-06,6.932749689365294e-10,2.633011524730816e-05,-1.5370375263022926,0.0124823730339332,1,1,2,1,1,9.985834503754844e-11,1.3392215312080001e-11,400,85,8.665937111706618e-12,4.078088052567821e-11,17,0,1
1470,0,1,CADC0873,5,75,16,2.9034412500000008e-06,7.932031380474234e-10,2.8163862271489387e-05,-1.4410959304684654,-0.1138852162150341,1,1,2,1,1,1.3020417804879998e-10,1.4491065509306112e-11,375,80,1.0576041840632312e-11,4.957519612796396e-11,16,0,1
1471,0,0,CADC0873,5,85,18,1.6700833333333346e-07,8.901368950319694e-10,2.9835162058081223e-05,-1.47723807893645,0.0018355564735994,1,1,2,1,1,1.1138278565006503e-10,1.4562021198387498e-11,425,90,1.0472198765081994e-11,4.945204972399831e-11,18,0,0
1472,0,0,CADC0873,5,75,16,-5.989730625000001e-06,3.8321508815525586e-10,1.957588026514404e-05,-1.4811821037312365,-0.0634743262614739,1,1,2,1,1,6.28445936936889e-11,1.0754157241414294e-11,375,80,5.1095345087367456e-12,2.395094300970349e-11,16,0,0
1473,0,0,CADC0873,5,85,18,2.253263888888889e-06,8.16419022697257e-10,2.8573047137070576e-05,-1.466859321710413,-0.0587725460413658,1,1,2,1,0,1.0379958922669966e-10,9.268072006137502e-12,425,90,9.60492967879126e-12,4.535661237206984e-11,18,0,0
1474,0,1,CADC0873,5,85,18,-9.195138888888916e-08,4.867989748924717e-10,2.20635213620236e-05,-0.8382240010272324,-0.5690260681091469,1,1,1,1,6,4.279248786506696e-11,6.403352030270314e-12,425,90,5.727046763440844e-12,2.704438749402621e-11,18,0,1
1475,0,0,CADC0873,5,70,15,-4.838498799999999e-06,9.138348388776257e-11,9.559470899990364e-06,-0.3064034190132885,-0.8524753911987477,1,1,1,1,4,1.1421639278173058e-11,1.926139006413254e-12,350,75,1.3054783412537513e-12,6.092232259184172e-12,15,0,0
1476,0,1,CADC0873,5,110,23,-1.0387995652173873e-07,4.203744136146617e-10,2.0503034253852813e-05,-1.539776673926802,0.0797671427688399,1,1,2,1,3,3.3112584397163806e-11,3.2685720867974757e-12,550,115,3.821585578315107e-12,1.827714841802877e-11,23,0,1
1477,0,0,CADC0873,5,120,25,-1.5041520000000138e-08,1.8442893936082504e-10,1.3580461677013233e-05,-0.9511786639365472,-0.391118979134358,1,1,1,1,5,1.1233341282817104e-11,1.0827042814648618e-12,600,125,1.5369078280068756e-12,7.377157574433001e-12,25,0,0
1478,0,0,CADC0873,5,110,23,1.655124391304348e-06,2.859251523493077e-10,1.690932146330265e-05,-1.490874512858246,0.2207938417052048,1,1,2,1,6,2.356088433687836e-11,2.5848887513699896e-12,550,115,2.5993195668118878e-12,1.2431528363013378e-11,23,0,0
1479,0,1,CADC0873,5,130,27,-2.806888888888889e-07,2.4341672927317287e-10,1.5601818139985252e-05,-1.2978739981091836,0.1635858050907404,1,1,1,1,7,1.6036219630144377e-11,1.8398860503840007e-12,650,135,1.8724363790244065e-12,9.01543441752492e-12,27,0,1
1480,0,1,CADC0873,5,85,18,1.651702777777778e-06,5.541115872516533e-10,2.35395749165454e-05,-1.4810975510915818,-0.1126791147786021,1,1,2,1,2,7.086984799047336e-11,7.929109464831255e-12,425,90,6.518959850019453e-12,3.0783977069536296e-11,18,0,1
1481,0,1,CADC0873,5,75,16,-7.912766125e-06,1.9529681628613019e-10,1.3974863730503072e-05,-1.3548588619250113,-0.2130000728851016,1,1,1,1,1,3.0449082579073425e-11,4.726812541021718e-12,375,80,2.603957550481736e-12,1.2206051017883138e-11,16,0,1
1482,0,0,CADC0873,5,80,17,1.383075764705882e-06,5.719393944953928e-10,2.391525443091486e-05,-1.268141211410301,-0.2430873019985918,1,1,2,1,1,7.647571914351893e-11,8.632945055847817e-12,400,85,7.149242431192412e-12,3.3643493793846636e-11,17,0,0
1483,0,0,CADC0873,5,80,17,-3.891658823529408e-07,6.246641315572713e-10,2.4993281728441973e-05,-1.4563113385024622,-0.113802130100713,1,1,2,1,0,8.940341786262499e-11,1.0028652262568887e-11,400,85,7.808301644465892e-12,3.674494891513361e-11,17,0,0
1484,0,1,CADC0873,5,75,16,-3.798949125e-06,4.04624701209889e-10,2.0115285262950885e-05,-1.4803697605285864,-0.1180431310393908,1,1,2,1,2,6.609178005482969e-11,7.868352278596244e-12,375,80,5.394996016131854e-12,2.5289043825618063e-11,16,0,1
1485,0,1,CADC0873,5,80,17,2.222917647058824e-06,1.6327874213634743e-10,1.2778057056389576e-05,-1.3327174701664226,-0.0893172473457767,1,1,2,1,5,2.401628499828594e-11,5.135339999783999e-12,400,85,2.0409842767043427e-12,9.604631890373378e-12,17,0,1
1486,0,0,CADC0873,5,70,15,-3.193537333333333e-06,9.002471920597956e-11,9.488135707607662e-06,-1.2739910295542691,-0.1225181455936794,1,1,2,1,2,1.5217120520695916e-11,3.423588246363313e-12,350,75,1.2860674172282794e-12,6.001647947065304e-12,15,0,0
1487,0,1,CADC0873,5,75,16,6.971497500000003e-07,3.244901577244409e-10,1.8013610346747286e-05,-1.019765532855824,-0.457693977955712,1,1,2,1,1,4.1941601023976347e-11,6.990628235522064e-12,375,80,4.326535436325879e-12,2.028063485777756e-11,16,0,1
1488,0,0,CADC0873,5,75,16,1.7111183125e-06,4.864293485946865e-10,2.205514335919598e-05,-1.4726262715387015,-0.0870002913837223,1,1,2,1,1,7.939690526829542e-11,9.493007720884264e-12,375,80,6.485724647929153e-12,3.0401834287167904e-11,16,0,0
1489,0,1,CADC0873,5,80,17,-5.324591176470589e-06,4.5461003469075144e-10,2.132158612042621e-05,-1.504320321840294,0.0214893979773638,1,1,2,1,1,6.530945304862343e-11,1.1224844453035555e-11,400,85,5.6826254336343925e-12,2.6741766746514794e-11,17,0,1
1490,0,1,CADC0873,5,80,17,1.2237247058823527e-06,1.9809108282509547e-10,1.407448339460797e-05,-1.4905692125423708,-0.1065763184038404,1,1,2,2,4,2.96051058381375e-11,6.8979467255555526e-12,400,85,2.4761385353136933e-12,1.1652416636770324e-11,17,0,1
1491,0,1,CADC0873,5,85,18,-7.553358888888888e-07,2.1850877057970955e-10,1.4782042165401557e-05,-1.516629367042789,0.0397384427108641,1,1,2,1,4,2.8460963752654617e-11,4.840774867056e-12,425,90,2.5706914185848184e-12,1.2139376143317198e-11,18,0,1
1492,0,1,CADC0873,5,75,16,1.6885431875000004e-06,2.1018610086829115e-10,1.4497796414224168e-05,-1.4404196533309614,-0.1530672963598318,1,1,2,1,2,3.5036587610810795e-11,3.613148237252266e-12,375,80,2.802481344910549e-12,1.3136631304268195e-11,16,0,1
1493,0,0,CADC0873,5,80,17,-2.1882723529411764e-06,1.5864965036904152e-10,1.2595620285203962e-05,-1.4797638783123457,-0.0578066497929978,1,1,2,1,1,2.243224269879375e-11,3.993380369782223e-12,400,85,1.983120629613019e-12,9.3323323746495e-12,17,0,0
1494,0,0,CADC0873,5,80,17,-8.900941176470591e-07,1.9870753522989478e-10,1.409636602922522e-05,-1.236327511223333,-0.2622067116071679,1,1,2,1,4,2.5754484941560936e-11,4.082017495168895e-12,400,85,2.483844190373685e-12,1.1688678542934988e-11,17,0,0
1495,0,0,CADC0873,5,85,18,-6.545266666666664e-08,1.915480109662742e-10,1.3840087101108655e-05,-1.4392930501547267,-0.0895300137278234,1,1,2,1,4,2.4602656748567945e-11,4.159443899067437e-12,425,90,2.253506011367932e-12,1.0641556164793012e-11,18,0,0
1496,0,1,CADC0873,5,85,18,-5.4956483333333284e-08,2.1547186860026134e-10,1.4678960065354132e-05,-1.4728728068121797,-0.0385938668805615,1,1,2,1,1,2.778546507521144e-11,2.9656481186391084e-12,425,90,2.534963160003075e-12,1.1970659366681189e-11,18,0,1
1497,0,1,CADC0873,5,80,17,-1.3885005529411769e-06,1.4810871784059523e-10,1.216999251604516e-05,-1.4625038316562755,-0.0932323120534591,1,1,2,1,1,2.1635273399513228e-11,2.3458386375061005e-12,400,85,1.8513589730074404e-12,8.712277520035013e-12,17,0,1
1498,0,0,CADC0873,5,80,17,1.384900588235294e-06,1.7213682785655847e-10,1.3120092524695032e-05,-1.4658157287443203,-0.0882861107700965,1,1,2,1,2,2.5368876928510935e-11,3.995826814782221e-12,400,85,2.151710348206981e-12,1.0125695756268148e-11,17,0,0
1499,0,1,CADC0873,5,85,18,-2.9781394444444444e-07,1.813736103744156e-10,1.346750200944539e-05,-1.5156011075869182,-0.0156435462279009,1,1,2,1,2,2.347476925079264e-11,3.388651619445375e-12,425,90,2.1338071808754778e-12,1.0076311687467534e-11,18,0,1
1500,0,1,CADC0873,5,80,17,1.3874629411764702e-07,1.7641563656436795e-10,1.328215481630778e-05,-1.5046871237498838,-0.1185560156755723,1,1,2,1,3,2.5678389192038312e-11,3.4199289403316005e-12,400,85,2.2051954570546e-12,1.0377390386139291e-11,17,0,1
1501,0,0,CADC0873,5,75,16,-1.250771875e-07,1.4056045970859364e-10,1.1855819655704687e-05,-1.419926919369823,-0.1725170668187465,1,1,2,2,2,2.3451743082178883e-11,3.625974104110713e-12,375,80,1.8741394627812487e-12,8.785028731787102e-12,16,0,0
1502,0,1,CADC0873,5,255,52,2.5286433076923076e-05,3.6657825165333666e-10,1.9146233354196243e-05,-0.5913691923213888,-0.7488443771417737,1,1,1,7,17,4.466802724347868e-12,6.265595593840014e-13,1275,260,1.437561771189556e-12,7.049581762564168e-12,52,0,1
1503,0,1,CADC0873,5,195,40,-1.0996667025e-05,1.5475375678418594e-10,1.2440006301613597e-05,-0.76222124010493,-0.6816058027590175,1,1,1,10,15,2.648188292572336e-12,1.0330259243112382e-12,975,200,7.936090091496718e-13,3.868843919604649e-12,40,0,1
1504,0,1,CADC0873,5,255,52,1.3441496788461536e-05,6.898240302806857e-10,2.6264501333181367e-05,-1.1208659790878204,-0.3405275330914798,1,1,1,5,17,1.0232750139411643e-11,9.691920869970825e-13,1275,260,2.705192275610533e-12,1.3265846736167034e-11,52,0,1
1505,0,1,CADC0873,5,225,46,2.699989173913045e-06,7.118370284929592e-10,2.668027414576093e-05,-1.210184394812294,-0.1613665400210419,1,1,1,3,12,1.116945949611109e-11,1.2000767834857937e-12,1125,230,3.163720126635375e-12,1.5474718010716508e-11,46,0,1
1506,0,1,CADC0873,5,250,51,-2.723944509803922e-06,1.031491298366503e-09,3.211683823738731e-05,-1.4639315126145045,0.2178813814164656,1,1,1,1,16,1.6764277694423998e-11,7.178236747556022e-13,1250,255,4.125965193466013e-12,2.022531957581379e-11,51,0,1
1507,0,1,CADC0873,5,240,49,7.910162489795918e-06,3.384848937256726e-10,1.839795895542961e-05,-1.4018811213961808,-0.0920311306008261,1,1,1,6,15,6.017125188497501e-12,8.864507974823195e-13,1200,245,1.4103537238569693e-12,6.907854973993318e-12,49,0,1
1508,0,1,CADC0873,5,230,47,1.3501328851063833e-06,4.0622231142687107e-10,2.0154957490078493e-05,-1.4785889661552918,0.1250976683622811,1,1,1,1,14,7.684489781119939e-12,4.867896448858978e-13,1150,235,1.7661839627255266e-12,8.643027902699386e-12,47,0,1
1509,0,1,CADC0873,5,215,44,-1.8054772727272727e-06,5.734187756513926e-10,2.3946164111426963e-05,-1.349423042190372,-0.0682595903349264,1,1,1,4,16,1.1165607315258407e-11,1.0087190677122456e-12,1075,220,2.6670640727971757e-12,1.3032244901168016e-11,44,0,1
1510,0,1,CADC0873,5,230,47,7.423790914893615e-06,6.406054074408401e-10,2.531018386817528e-05,-0.8158936392567626,-0.5809526696008133,1,1,1,2,15,8.664594230949247e-12,6.731451090263409e-13,1150,235,2.785240901916697e-12,1.3629902285975323e-11,47,0,1
1511,0,0,CADC0873,5,210,43,4.585411860465116e-06,5.160514289305036e-10,2.271676537120775e-05,-0.7985145069737243,-0.649763971874976,1,1,1,3,12,6.899288899037868e-12,5.385199198450917e-13,1050,215,2.457387756811922e-12,1.2001196021639618e-11,43,0,0
1512,0,0,CADC0873,5,235,48,3.2609420833333335e-07,5.469972748134323e-10,2.338797286669865e-05,-1.1210396404723024,-0.2708833491318989,1,1,1,5,15,7.826887443534275e-12,7.435807524853236e-13,1175,240,2.3276479779295e-12,1.1395776558613175e-11,48,0,0
1513,0,1,CADC0873,5,225,46,5.953003108695652e-06,5.30181996342758e-10,2.302568123515041e-05,-1.1159406134423986,-0.2440744400591169,1,1,1,6,14,9.548235804500202e-12,1.3020328338134605e-12,1125,230,2.3563644281900358e-12,1.1525695572668652e-11,46,0,1
1514,0,1,CADC0873,5,240,49,-2.651536326530612e-06,5.725939567944272e-10,2.3928935554980866e-05,-1.4406949747117617,0.1205508616227742,1,1,1,3,16,9.745930832981249e-12,9.062373374545941e-13,1200,245,2.385808153310114e-12,1.1685590954988313e-11,49,0,1
1515,0,1,CADC0873,5,255,52,3.3222078269230765e-06,2.6146308382231043e-10,1.616982015429703e-05,-1.492978664418012,-0.0188372823927399,1,1,1,10,17,4.232229164534917e-12,8.574249990470798e-13,1275,260,1.0253454267541585e-12,5.028136227352124e-12,52,0,1
1516,0,1,CADC0873,5,220,45,-6.406747388888889e-06,5.229998559264166e-10,2.286919010210936e-05,-1.225922272874569,-0.1881316187909809,1,1,1,2,13,8.249970566264852e-12,4.686138548603361e-13,1100,225,2.377272072392803e-12,1.1622219020587037e-11,45,0,1
1517,0,1,CADC0873,5,255,52,6.627606069230769e-06,5.421716892699995e-10,2.3284580504488364e-05,-1.0490810264993051,-0.5057124375987164,1,1,1,5,18,9.023744827253071e-12,9.504458772504833e-13,1275,260,2.126163487333332e-12,1.0426378639807686e-11,52,0,1
1518,1,0,CADC0873,5,235,48,2.81614871875e-06,6.120354873240432e-10,2.4739350988335223e-05,-0.7197767164361513,-0.272709103401121,2,1,1,3,5,1.4114483389699342e-10,3.565387406837894e-10,1175,240,2.6044063290384816e-12,1.2750739319250898e-11,48,1,0
1519,0,1,CADC0873,5,220,45,1.5218020000000025e-07,7.390830997350498e-10,2.7186082831755107e-05,-1.3149351471998176,-0.0513786208785207,1,1,1,1,14,1.2984973245806656e-11,1.0127812727912266e-12,1100,225,3.359468635159317e-12,1.6424068883001105e-11,45,0,1
238,1,1,CADC0874,1,535,536,3.35508804477612e-06,3.4188839066800047e-10,1.849022419193452e-05,-0.6667261958505706,-0.4583999339906204,6,5,3,8,13,3.202793375702908e-11,7.243442056393251e-11,535,536,6.390437208747672e-13,6.378514751268665e-13,536,1,1
239,1,0,CADC0874,1,444,445,1.3516306296629211e-05,1.362642771641956e-10,1.1673229080429956e-05,-1.723559954205966,-0.1159155953764605,3,3,3,3,12,3.1607714349578378e-12,6.66968590218358e-12,444,445,3.0690152514458465e-13,3.0621185879594523e-13,445,1,0
240,0,1,CADC0874,1,461,462,2.0530559121212123e-05,3.552744226912832e-10,1.8848724696681293e-05,-0.880081455640263,-0.6115667845314539,1,1,1,133,143,2.599811213871919e-13,6.545411734752016e-13,461,462,7.706603529095081e-13,7.689922569075395e-13,462,0,1
241,1,1,CADC0874,1,535,536,4.915656410820895e-06,6.478290416898054e-10,2.5452485962864323e-05,-1.1437299666218226,-0.0780857575966464,2,2,2,2,2,1.2962403033328478e-11,3.661370775744458e-11,535,536,1.2108954050276736e-12,1.2086362718093385e-12,536,1,1
242,0,1,CADC0874,1,637,638,-1.4712703769435736e-05,2.2924993112189871e-10,1.5141001655171256e-05,-1.335074532060212,0.1736058846198943,1,1,1,181,194,2.47670397680334e-13,6.344947003924306e-13,637,638,3.598900017612225e-13,3.593259108493711e-13,638,0,1
243,1,0,CADC0874,1,625,626,-5.433853967891374e-06,1.6341069045350746e-10,1.2783219095889246e-05,-1.08671722625821,-0.3743686032034923,4,4,3,4,8,6.185093982936221e-12,1.5943576550825145e-11,625,626,2.61457104725612e-13,2.6103944161902154e-13,626,1,0
244,1,1,CADC0874,1,792,793,1.4931851469962168e-05,1.6008012875339383e-10,1.2652277611299629e-05,-1.41797791141978,-0.2397532075636403,2,2,2,54,146,3.5268270812454805e-13,9.096163604678225e-13,792,793,2.021213746886286e-13,2.01866492753334e-13,793,1,1
245,0,1,CADC0874,1,515,516,1.315487693372093e-05,5.437473121318863e-10,2.331838999870888e-05,-0.8507263989711045,-0.4364569455466474,1,1,1,138,158,3.060668941584244e-13,6.791025570273557e-13,515,516,1.055820023557061e-12,1.0537738607207101e-12,516,0,1
246,1,1,CADC0874,1,521,522,-8.350868078544063e-06,3.7574951503722657e-10,1.938425946579406e-05,-1.3818016718146815,0.0730974859952828,2,2,1,2,4,6.4925346260344615e-12,1.312791762642635e-11,521,522,7.212082822211643e-13,7.19826657159438e-13,522,1,1
247,1,1,CADC0874,1,642,643,-1.736462774183515e-05,1.2467229166461112e-10,1.1165674707092763e-05,-0.9460466355418689,-0.4723292756804695,12,1,1,72,100,2.4062796960406216e-12,6.062557858701941e-12,642,643,1.9419360072369333e-13,1.9389158890297218e-13,643,1,1
248,1,1,CADC0874,1,618,619,6.546988954975766e-06,3.5330655776946997e-10,1.879645066946071e-05,-1.140642542992618,-0.4412526060802827,4,2,2,19,40,5.497335181695067e-12,1.2205853402912987e-11,618,619,5.716934591738996e-13,5.70769883310937e-13,619,1,1
249,1,1,CADC0874,1,623,624,2.1150898966987177e-05,2.64451432830065e-10,1.62619627606899e-05,-1.1015301780437343,-0.1827180447938876,4,3,3,4,7,1.552543646932856e-11,4.085163479439616e-11,623,624,4.244806305458508e-13,4.238003731251042e-13,624,1,1
250,1,1,CADC0874,1,492,493,5.8921637563894525e-06,4.253920615684151e-10,2.062503482587157e-05,-0.6444999253611763,0.1801441865242661,2,2,2,13,23,6.28662909196125e-12,1.2809247400003684e-11,492,493,8.64618011317917e-13,8.628642222483067e-13,493,1,1
251,0,1,CADC0874,1,470,471,-7.645262392781318e-06,4.343063987721888e-10,2.084001916439111e-05,-1.4291959379830623,0.1228749386020084,4,1,1,76,104,2.7345814189686043e-12,6.41342949179185e-12,470,471,9.240561676004017e-13,9.220942649091056e-13,471,0,1
252,1,0,CADC0874,1,549,550,-1.4161443183636364e-05,1.253019845349349e-10,1.1193836899603948e-05,-0.6812758866147495,-0.5770658795043755,7,2,1,89,128,1.6467550732406722e-12,4.350491923002146e-12,549,550,2.282367660017029e-13,2.27821790063518e-13,550,1,0
253,1,1,CADC0874,1,513,514,2.4247871342412445e-06,1.5627987557554582e-10,1.2501194965904093e-05,-0.4260448385519524,-0.5659218445023012,4,2,2,42,60,2.4985222007595123e-12,6.632008414694614e-12,513,514,3.046391336755279e-13,3.0404645053608137e-13,514,1,1
254,0,1,CADC0874,1,554,555,1.3264467632495497e-05,2.4692608223214234e-10,1.5713881832066268e-05,-1.4931485854769595,0.0084900383381465,4,1,1,88,108,1.8051297961997288e-12,5.2327949521014665e-12,554,555,4.457149498775133e-13,4.4491185987773394e-13,555,0,1
255,0,1,CADC0874,1,480,481,1.2177035617463618e-05,5.308742712956425e-10,2.304070900158332e-05,-1.2516925726281285,-0.1251146499564498,1,1,1,121,137,2.272474964667905e-12,6.551110913154222e-12,480,481,1.1059880651992554e-12,1.103688713712355e-12,481,0,1
256,1,0,CADC0874,1,469,470,-3.6801412312553193e-06,3.8060453738331135e-10,1.950908858412692e-05,-1.4914497083290632,0.0125775499999754,2,1,1,58,72,1.9797159875320537e-12,5.813094826283086e-12,469,470,8.115235338663355e-13,8.097968880495987e-13,470,1,0
257,0,1,CADC0874,1,475,476,-1.1807423165966383e-05,1.8878288965050347e-10,1.3739828588832668e-05,-1.4121929389019672,0.0516669481981535,6,1,1,90,115,1.90881395619318e-12,5.676327191505159e-12,475,476,3.9743766242211263e-13,3.9660270934979724e-13,476,0,1
258,0,1,CADC0874,1,516,517,-8.423836201914893e-06,1.1554574646992503e-10,1.0749220737798858e-05,-1.236431833439803,-0.2010645789812525,6,1,1,92,123,1.818462890686595e-12,5.209261713157652e-12,516,517,2.2392586525179278e-13,2.234927397870891e-13,517,0,1
259,0,1,CADC0874,1,548,549,8.391012426229508e-06,2.522511838608277e-10,1.5882417443853683e-05,-1.087196595241264,-0.2658652456832119,4,1,1,65,75,2.35983855020495e-12,6.493981252779842e-12,548,549,4.603123793080799e-13,4.594739232437663e-13,549,0,1
260,0,0,CADC0874,1,503,504,1.7777364125e-05,2.9064350581085227e-10,1.704826987734686e-05,-1.367284900211312,-0.1403079308522935,2,1,1,82,102,1.514048739086934e-12,3.6245505805484318e-12,503,504,5.778200910752531e-13,5.7667362264058e-13,504,0,0
261,1,0,CADC0874,1,463,464,9.34713759159483e-06,4.82209949915711e-10,2.1959279357841213e-05,-1.340933720085304,-0.1353300765692099,5,1,1,55,57,2.8219937429543457e-12,6.9570009910220265e-12,463,464,1.0414901726041276e-12,1.0392455817148946e-12,464,1,0
262,0,1,CADC0874,1,428,429,-2.15782434009324e-06,4.537961552170775e-10,2.1302491760756004e-05,-1.3905407972732418,0.0438779742369015,3,1,1,58,79,2.16305358021214e-12,5.340142884135775e-12,428,429,1.0602713906941065e-12,1.0577998956109033e-12,429,0,1
263,1,1,CADC0874,1,482,483,-1.1451238251552795e-05,2.0297086362992622e-10,1.4246784325942688e-05,-1.2390920610011091,-0.2168735105701833,12,2,1,48,81,4.201558212877509e-12,1.0501982295311424e-11,482,483,4.211013768255731e-13,4.2022953132489897e-13,483,1,1
264,1,1,CADC0874,1,471,472,-3.349303167796609e-06,1.381390864756979e-10,1.1753258547130576e-05,-1.11745986463876,-0.3655351928447585,5,4,2,13,33,2.1647660138700357e-12,4.6700930012770906e-12,471,472,2.932889309462801e-13,2.9266755609258033e-13,472,1,1
265,1,0,CADC0874,1,497,498,6.877392597991968e-06,2.4211307816202554e-10,1.555998323141852e-05,-1.4722646248749596,0.0988375715674378,2,2,2,1,3,2.150545372289828e-12,3.945598479297112e-12,497,498,4.87149050627818e-13,4.861708396827822e-13,498,1,0
266,0,0,CADC0874,1,456,457,1.2488651324726478e-05,4.644550960550361e-10,2.155122029155277e-05,-1.4043741921930295,-0.0425292710258752,1,1,1,143,155,3.316844799782092e-13,7.453826028476817e-13,456,457,1.0185418773136756e-12,1.0163131204705384e-12,457,0,0
267,0,1,CADC0874,1,459,460,3.794593534130435e-06,5.127269543307258e-10,2.264347487314449e-05,-1.4636343833523426,-0.0517919303544426,1,1,1,135,153,3.327044133273021e-13,6.993792955811153e-13,459,460,1.1170521880843702e-12,1.1146238137624476e-12,460,0,1
268,0,1,CADC0874,1,425,426,-6.057919244131454e-06,2.6213469393781493e-10,1.6190574231256128e-05,-1.378531478112798,0.0383657619016431,1,1,1,139,149,3.3268374899739363e-13,8.404468255001515e-13,425,426,6.167875151477998e-13,6.153396571310209e-13,426,0,1
269,1,1,CADC0874,1,439,440,-7.375646509772726e-06,1.104330446796475e-10,1.0508712798418627e-05,-1.3624941972923057,-0.1752895650172443,2,2,2,1,4,2.9116720372524935e-12,5.926026285943069e-12,439,440,2.5155591043199884e-13,2.509841924537443e-13,440,1,1
270,1,0,CADC0874,1,483,484,-4.791181576446281e-06,1.1780576579365372e-10,1.0853836455081388e-05,-1.5389125788001472,-0.0550404188388268,2,1,1,17,21,6.153990924285951e-13,1.6034921594191174e-12,483,484,2.4390427700549424e-13,2.4340034254887135e-13,484,1,0
271,0,1,CADC0874,1,489,490,5.887717069591837e-06,2.1192793382954847e-10,1.4557744805757125e-05,-1.3518490990128542,-0.0478937857636434,1,1,1,104,135,7.901365398884756e-13,2.232370029663874e-12,489,490,4.333904577291381e-13,4.3250598740724187e-13,490,0,1
272,1,1,CADC0874,1,461,462,1.215984125e-05,3.4849514472647264e-10,1.8668024660538475e-05,-0.600378064555855,0.2733122442101903,2,2,1,1,2,4.483074340050069e-11,1.3385100578170428e-10,461,462,7.559547607949515e-13,7.543184950789451e-13,462,1,1
273,1,0,CADC0874,1,441,442,8.025414325791854e-06,4.786225509372878e-10,2.187744388490776e-05,-1.406967217788356,0.0564303268469718,2,2,2,1,4,7.602004119978858e-12,1.5472394965885775e-11,441,442,1.0853119068872738e-12,1.0828564500843616e-12,442,1,0
274,0,1,CADC0874,1,415,416,1.3213999743749998e-06,5.226429326121044e-10,2.286138518576913e-05,-1.455409951990813,0.0381874542927743,1,1,1,129,137,4.05950989892065e-13,8.470843909229708e-13,415,416,1.2593805605110953e-12,1.256353203394482e-12,416,0,1
275,0,1,CADC0874,1,445,446,-5.94508308632287e-06,2.738890682831893e-10,1.6549594202976377e-05,-1.3965311367081812,-0.0189217654557457,1,1,1,137,145,3.3983599200462023e-13,8.707303167088386e-13,445,446,6.154810523217737e-13,6.141010499623078e-13,446,0,1
276,1,0,CADC0874,1,438,439,-3.96616214715262e-06,1.5083158688205477e-10,1.228135118307651e-05,-1.3686545848199745,-0.1667582550089561,2,2,1,7,24,8.938816803494996e-13,1.7296869493284329e-12,438,439,3.4436435361199733e-13,3.435799245604893e-13,439,1,0
277,0,0,CADC0874,1,475,476,1.5714773955882358e-06,2.264235537504884e-10,1.5047376972432384e-05,-1.4850666187202128,0.0951106640043699,1,1,1,140,159,2.983708212358504e-13,7.761664814304729e-13,475,476,4.76681165790502e-13,4.756797347699336e-13,476,0,0
278,1,0,CADC0874,1,436,437,8.267415324942792e-06,4.424083329198437e-10,2.1033505007959177e-05,-1.4826144851363163,0.0320461993781739,1,1,1,52,61,6.502586240927743e-13,1.3358307908235685e-12,436,437,1.0146980112840453e-12,1.012376047871496e-12,437,1,0
279,1,0,CADC0874,1,439,440,5.702656870454545e-06,5.697817112524957e-10,2.387010078010765e-05,-1.4150433708919878,0.0522754471723254,2,2,2,2,2,2.076188082284876e-11,5.602552231802151e-11,439,440,1.29790822608769e-12,1.2949584346647632e-12,440,1,0
280,1,1,CADC0874,1,415,416,-1.447786809374999e-06,3.8431895640312256e-10,1.9604054590903447e-05,-1.2635866936959697,0.1967479595936789,1,1,1,5,3,1.5498688488342998e-12,3.229306547479851e-12,415,416,9.260697744653555e-13,9.23843645199814e-13,416,1,1
281,0,1,CADC0874,1,417,418,-4.078524686842105e-06,1.4942342406122075e-10,1.222388743654083e-05,-1.293051798937943,-0.1326365184999304,1,1,1,135,139,2.617822438572144e-13,6.782254545958343e-13,417,418,3.583295541036469e-13,3.574723063665568e-13,418,0,1
282,1,1,CADC0874,1,416,417,-4.01535671822542e-06,1.0667798605326795e-10,1.0328503572796396e-05,-1.3603096927900593,0.0853503443228762,2,2,1,34,66,5.601049214338437e-13,1.2550640598661324e-12,416,417,2.564374664742018e-13,2.5582250852102624e-13,417,1,1
283,1,1,CADC0874,1,478,479,-1.2997764143235903e-06,1.0257918369536444e-10,1.012813821466534e-05,-0.8983877456357119,-0.2663212781306946,2,2,2,2,3,5.702212266111727e-12,1.551912383060802e-11,478,479,2.1460080270996745e-13,2.141527843327024e-13,479,1,1
284,1,1,CADC0874,1,449,450,4.584135606444444e-06,2.2982560926907478e-10,1.5160000305708267e-05,-1.4114754258587183,-0.0032655867998753,2,2,1,39,70,1.7171059641915452e-12,4.476209553190461e-12,449,450,5.118610451427055e-13,5.107235761534994e-13,450,1,1
285,0,1,CADC0874,1,443,444,5.328725221846848e-06,4.0168603219417343e-10,2.0042106480960865e-05,-1.4412834190850488,0.0336531031573357,1,1,1,115,127,8.703463805126912e-13,2.4090938338227823e-12,443,444,9.067404789936196e-13,9.046982707075978e-13,444,0,1
286,1,1,CADC0874,1,410,411,4.547663381995135e-06,5.194300031535355e-10,2.2791007067559248e-05,-1.4030188753127373,0.1325468431565319,3,2,2,2,5,5.997632983890291e-12,1.1986270415168944e-11,410,411,1.2669024467159409e-12,1.2638199590110357e-12,411,1,1
287,0,1,CADC0874,1,436,437,3.453854398169336e-06,4.5463963741316204e-10,2.132228030519161e-05,-1.5160925804941523,-0.0080430424757562,1,1,1,139,150,3.562412594324445e-13,7.924781766091768e-13,436,437,1.0427514619567938e-12,1.0403653030049477e-12,437,0,1
288,1,1,CADC0874,1,440,441,3.134955192743767e-07,3.0481837828562616e-10,1.7459048607688397e-05,-1.1415300029107096,0.1339630009029291,2,2,1,2,3,1.7687948272939398e-11,5.2041584651091436e-11,440,441,6.927690415582414e-13,6.911981367021002e-13,441,1,1
289,1,0,CADC0874,1,478,479,2.36637545260961e-07,1.506542804192277e-10,1.2274130536181688e-05,-1.2284863782285211,-0.2247973923356635,2,2,2,1,10,1.989426823930779e-12,4.212032299909524e-12,478,479,3.151763188686773e-13,3.145183307290767e-13,479,1,0
290,1,1,CADC0874,1,439,440,4.777621143181818e-06,2.367835825878268e-10,1.5387773802205007e-05,-1.3090296445833978,-0.0202883469741582,2,1,1,2,6,1.5779017972986626e-12,3.333696637497099e-12,439,440,5.393703475804711e-13,5.381445058814245e-13,440,1,1
291,1,1,CADC0874,1,452,453,3.7685600110375258e-06,4.997092838763163e-10,2.2354178219659885e-05,-1.292495158580652,0.063716704249958,2,2,2,2,4,1.5386754018634403e-11,3.863921474949943e-11,452,453,1.1055515130006999e-12,1.1031110019344734e-12,453,1,1
292,1,0,CADC0874,1,431,432,3.894326956018519e-06,5.924161029585921e-10,2.4339599482296173e-05,-1.3571745170058216,0.1769751650741307,2,2,2,1,2,2.7408454549722527e-12,5.472835373152135e-12,431,432,1.374515320089541e-12,1.371333571663408e-12,432,1,0
293,1,1,CADC0874,1,440,441,2.3156192428571427e-06,2.9298218148800724e-10,1.7116722276417505e-05,-1.3067146590575869,-0.0494912447544697,2,2,2,1,4,1.2326506633859585e-12,2.543550423704264e-12,440,441,6.658685942909255e-13,6.643586881814223e-13,441,1,1
294,1,1,CADC0874,1,431,432,-4.3166904930555654e-07,1.4897943594562476e-10,1.220571325018021e-05,1.7181707814991407,0.7141639236088707,2,3,2,1,2,1.6399160091115227e-11,3.296824867133044e-11,431,432,3.456599441893846e-13,3.4485980542968694e-13,432,1,1
295,1,1,CADC0874,1,447,448,-1.220345450669643e-06,9.708754862031471e-11,9.853301407158657e-06,-1.5077249486254316,-0.1049344990807841,2,2,2,4,29,8.944096199138253e-13,1.8905677582589186e-12,447,448,2.1719809534746025e-13,2.1671327817034538e-13,448,1,1
296,1,1,CADC0874,1,474,475,-1.0136428231578944e-07,2.701287119374696e-10,1.6435592838028984e-05,-1.1393629841202728,-0.2079527061976161,2,2,2,2,3,5.235635181171154e-12,1.3060418767009665e-11,474,475,5.698917973364337e-13,5.68692025131515e-13,475,1,1
297,1,1,CADC0874,1,495,496,-1.8269767923387108e-06,5.127817863928171e-10,2.2644685610377047e-05,-1.3963101803074935,0.1739723529346178,3,3,2,2,5,4.942300184589721e-12,1.0088228480409039e-11,495,496,1.03592280079357e-12,1.033834246759712e-12,496,1,1
298,1,1,CADC0874,1,456,457,-6.823789934354536e-08,3.2099154180390993e-10,1.791623682037916e-05,-0.6099825903443534,0.1755993525079876,2,2,2,1,2,5.217062351749592e-12,1.0479527033893671e-11,456,457,7.039288197454165e-13,7.023884941004595e-13,457,1,1
299,1,1,CADC0874,1,492,493,8.410616911622717e-06,2.8290332434909044e-10,1.6819730210353863e-05,-1.4575346708180283,0.0084621013470693,3,3,2,2,6,2.5322775415357718e-12,5.2495683355623145e-12,492,493,5.750067568070945e-13,5.738404145011976e-13,493,1,1
300,1,1,CADC0874,1,499,500,2.14393720102e-06,1.0229725250070725e-10,1.0114210423987988e-05,-1.249226146118187,0.2590925391163488,2,2,2,1,12,1.3076830573515456e-12,2.797619988192444e-12,499,500,2.050045140294735e-13,2.0459450500141453e-13,500,1,1
301,1,0,CADC0874,1,558,559,-2.812743969588552e-06,1.0547891161339955e-10,1.0270292674184098e-05,-1.3951975068680158,-0.0611992503276017,3,3,2,4,23,1.1744673229838044e-12,2.551117864311186e-12,558,559,1.8903030755089525e-13,1.8869214957674341e-13,559,1,0
302,0,1,CADC0874,1,513,514,-6.126638621575876e-06,1.942753834057421e-10,1.3938270459628129e-05,-1.1471208577494398,-0.2045223747393815,1,1,1,154,166,2.772961131456901e-13,7.440221480026509e-13,513,514,3.787044510833181e-13,3.7796767199560734e-13,514,0,1
303,0,1,CADC0874,1,511,512,-1.6318384132812491e-06,4.4750464247069176e-10,2.115430553033334e-05,-1.475799044275182,0.0381296070417269,1,1,1,149,166,2.996263844121199e-13,7.031402126356265e-13,511,512,8.757429402557569e-13,8.740325048255698e-13,512,0,1
304,0,0,CADC0874,1,496,497,7.720787100603623e-06,5.453220887412036e-10,2.33521324238538e-05,-1.4431665344205116,-0.0031486066037179,1,1,1,143,159,3.021623187114532e-13,6.296256819820146e-13,496,497,1.0994396950427494e-12,1.0972275427388405e-12,497,0,0
305,1,1,CADC0874,1,551,552,1.4230006739130436e-05,4.852550626571153e-10,2.2028505683707087e-05,-1.4081000535126482,0.0489697023936481,2,2,1,1,3,1.525744747651592e-12,3.092422985916868e-12,551,552,8.806806944775236e-13,8.790852584368033e-13,552,1,1
306,1,0,CADC0874,1,609,610,6.907003318360656e-06,3.2757986133248567e-10,1.809916742097508e-05,-1.2157198335436878,-0.0826890007229083,7,2,2,9,14,1.6583674437444716e-11,4.676651179503984e-11,609,610,5.378979660631949e-13,5.370161661188289e-13,610,1,0
307,1,1,CADC0874,1,568,569,-5.958848278734623e-06,3.1618721864172404e-10,1.7781653990608523e-05,-1.2621448603204417,-0.2464441127892514,2,2,2,2,5,2.162528556504376e-12,4.451473237244772e-12,568,569,5.566676384537395e-13,5.556893121998666e-13,569,1,1
308,0,0,CADC0874,1,556,557,9.70062569120288e-07,6.07534943660447e-10,2.4648223945356534e-05,-1.429153650071261,0.0696862449451976,1,1,1,159,181,2.938779648264758e-13,6.069300451398873e-13,556,557,1.0926887475907322e-12,1.0907270083670505e-12,557,0,0
309,1,0,CADC0874,1,564,565,1.1224710925362832e-05,3.911408557056732e-10,1.9777281302182896e-05,-1.1745076728805932,-0.08487440748231,3,3,3,2,5,9.776753358246303e-12,1.9892592435052656e-11,564,565,6.935121555065126e-13,6.922847003640232e-13,565,1,0
310,0,0,CADC0874,1,598,599,9.838437784058431e-06,1.3542198472397594e-10,1.1637095201293831e-05,-1.415079150716263,-0.1238069665042531,1,1,1,182,196,2.28670031511504e-13,6.47208410570224e-13,598,599,2.264581684347424e-13,2.2608010805338227e-13,599,0,0
311,1,1,CADC0874,1,617,618,3.606775556634309e-07,1.4147830881866948e-10,1.1894465470069242e-05,-1.1747755380848224,-0.1911037968919151,2,1,1,51,122,3.341911029483344e-13,8.400681336524097e-13,617,618,2.2930033844192793e-13,2.289293022955817e-13,618,1,1
312,1,1,CADC0874,1,650,651,-8.781999760368665e-06,2.3558021668845084e-10,1.5348622631638673e-05,-0.9700192847627336,-0.3413720934413149,2,2,2,1,4,1.595918687873837e-12,3.3822438058520327e-12,650,651,3.6243110259761676e-13,3.618743727933193e-13,651,1,1
313,1,1,CADC0874,1,538,539,-2.107213661595548e-06,6.881869708732e-10,2.623331795395314e-05,-1.3862665580217983,0.161089327750751,3,2,2,2,2,2.021696731012821e-11,5.820161765916799e-11,538,539,1.2791579384260222e-12,1.2767847326033396e-12,539,1,1
314,0,0,CADC0874,1,524,525,5.8375143196190485e-06,8.089307672357146e-10,2.8441708233432723e-05,-1.510926053197641,-0.0091840664320459,1,1,1,160,178,3.796499102207109e-13,7.821353001538442e-13,524,525,1.5437610061750281e-12,1.540820509020409e-12,525,0,0
315,1,0,CADC0874,1,600,601,9.581199818302828e-06,6.799769664540345e-10,2.607636796898745e-05,-1.4828281990510206,-0.0999384943604487,2,1,1,6,35,6.908812990731019e-13,1.4799819102849836e-12,600,601,1.1332949440900576e-12,1.1314092619867464e-12,601,1,0
316,1,1,CADC0874,1,671,672,-1.4751074032738093e-06,4.1548226731569875e-10,2.0383382136331023e-05,-1.2950515651245007,-0.0033923456841708,2,2,2,1,9,9.651751135273997e-13,2.0124205700687684e-12,671,672,6.19198610008493e-13,6.182771835055042e-13,672,1,1
317,0,1,CADC0874,1,610,611,-2.4689046270049083e-06,5.358564822913603e-10,2.314857408764869e-05,-1.5192525038582296,0.0629481830757472,1,1,1,174,196,2.810111411663585e-13,6.036510653846066e-13,610,611,8.784532496579677e-13,8.77015519298462e-13,611,0,1
318,1,0,CADC0874,1,628,629,8.501573006836248e-06,4.81355955807882e-10,2.1939825792560023e-05,-0.9475603407753864,-0.2296122455484083,2,2,2,1,2,4.859593466974362e-12,9.834352925457689e-12,628,629,7.664903754902582e-13,7.652717898376504e-13,629,1,0
319,1,1,CADC0874,1,914,915,1.2491965480546447e-05,1.3408859313534451e-10,1.1579662911127617e-05,-1.2541567588336688,-0.2610796486677867,5,5,4,4,11,3.101651054064827e-12,6.375139722462109e-12,914,915,1.4670524413057388e-13,1.4654491053043117e-13,915,1,1
320,1,0,CADC0874,1,857,858,-4.922142133869465e-06,1.523138111411118e-10,1.234154816630036e-05,-0.6077708615843775,-0.5236244406754611,3,3,3,2,6,2.810419073367362e-12,5.863288663347379e-12,857,858,1.777290678426042e-13,1.775219244068902e-13,858,1,0
321,1,1,CADC0874,1,667,668,8.031183383233542e-07,3.6429607104513277e-10,1.9086541620868164e-05,-0.8732232889205882,-0.0140435672431028,3,2,2,3,6,1.0611866374084224e-11,2.7525056822867767e-11,667,668,5.461710210571706e-13,5.453533997681628e-13,668,1,1
322,1,1,CADC0874,1,1039,1040,1.6642899749326924e-05,3.3746451880361675e-10,1.837020736964112e-05,-0.4720169656041499,-0.3099380484185569,3,3,3,3,5,1.6893681166777756e-11,4.8192431358366997e-11,1039,1040,3.24797419445252e-13,3.2448511423424693e-13,1040,1,1
323,0,1,CADC0874,1,779,780,9.161525776923077e-06,3.702652966034569e-10,1.924227888280016e-05,-1.1526029517323726,-0.3462450658466417,1,1,1,234,252,2.288866865514897e-13,6.305135758613395e-13,779,780,4.753084680403812e-13,4.746990982095602e-13,780,0,1
324,1,1,CADC0874,1,797,798,3.470419385213033e-06,3.7788277489937353e-10,1.943920715717011e-05,-0.93417799811181,-0.3988210461850471,4,4,4,4,8,5.844651187931543e-12,1.1699643418730053e-11,797,798,4.741314616052365e-13,4.735373119039769e-13,798,1,1
325,1,1,CADC0874,1,675,676,1.8137951165236684e-05,1.1296771875096542e-10,1.0628627322047069e-05,1.799849000819484,-1.091506037374902,2,2,2,2,2,1.1859176407834736e-11,2.378213405840108e-11,675,676,1.6735958333476357e-13,1.6711200998663524e-13,676,1,1
326,1,0,CADC0874,1,714,715,1.1632235745454546e-05,3.9965541579627424e-10,1.999138353882177e-05,-1.3301979863939783,-0.494615983032901,1,1,1,33,69,3.459806799001585e-13,8.015032109244782e-13,714,715,5.597414787062665e-13,5.589586234912926e-13,715,1,0
327,1,0,CADC0874,1,1001,1002,-4.414535555788424e-06,1.0281941289194475e-10,1.0139990773760336e-05,-1.0982636525855598,-0.1154878974859689,1,1,1,70,92,3.274134672728824e-13,8.583528786481974e-13,1001,1002,1.0271669619574901e-13,1.0261418452289897e-13,1002,1,0
328,1,0,CADC0874,1,748,749,1.991163759038718e-05,4.578435448580544e-10,2.1397278912470494e-05,-1.018917010850572,-0.6770222505535344,2,2,1,1,3,8.803067530206716e-12,2.444408575912156e-11,748,749,6.120903006123722e-13,6.112730905982035e-13,749,1,0
329,0,1,CADC0874,1,639,640,1.8221088986875e-05,3.7093898291155806e-10,1.9259776294431823e-05,-1.0104282452897546,-0.7143467388280231,1,1,1,186,219,2.148878501307739e-13,6.034669797634293e-13,639,640,5.80499190784911e-13,5.795921607993095e-13,640,0,1
330,1,1,CADC0874,1,568,569,4.0001104458699474e-06,1.8307383623761408e-10,1.3530478049116154e-05,-1.0353505238817915,-0.2682481117863914,2,1,1,1,1,5.787919664757835e-12,1.7139849137961395e-11,568,569,3.223130919676305e-13,3.2174663662146593e-13,569,1,1
331,0,1,CADC0874,1,773,774,6.853396716666667e-06,2.41712223631066e-10,1.5547096951877094e-05,-0.8865927911506302,-0.5622429804689464,1,1,1,240,256,2.5760162024862444e-13,7.495050884536904e-13,773,774,3.12693691631392e-13,3.1228969461378043e-13,774,0,1
332,0,1,CADC0874,1,598,599,1.661416202003339e-05,3.97043220447036e-11,6.301136567691863e-06,-0.6475712678820256,-0.696991547766469,1,1,1,192,199,2.308885896751929e-13,6.918078739771693e-13,598,599,6.639518736572508e-14,6.628434398114122e-14,599,0,1
711,0,0,CADC0874,5,605,122,-7.44114256967213e-06,1.613894808752463e-10,1.270391596615966e-05,-1.4041932258329932,-0.1831717195880444,1,1,1,34,41,6.510212756988605e-13,6.101255794732853e-13,3025,610,2.667594725210683e-13,1.3228645973380846e-12,122,0,0
712,0,0,CADC0874,5,620,125,2.52552784496e-06,3.1557030396847283e-10,1.776429857800394e-05,-1.1119504796762756,-0.3372544656109908,1,1,1,32,39,9.524894360611498e-13,9.057388798335761e-13,3100,625,5.089843612394723e-13,2.5245624317477825e-12,125,0,0
713,0,1,CADC0874,5,770,155,2.474939283870969e-06,4.517651085992985e-10,2.125476672653216e-05,-1.469553950595918,0.1081892904007624,1,1,1,45,55,1.033528484574729e-12,8.733050277024495e-13,3850,775,5.867079332458424e-13,2.914613603866442e-12,155,0,1
714,0,1,CADC0874,5,815,164,7.505539878048776e-07,2.1846712183179619e-10,1.4780633336626554e-05,-0.8110488306902548,-0.3093538922792547,1,1,1,50,54,5.779214270601507e-13,6.635987864605235e-13,4075,820,2.6805781819852294e-13,1.332116596535343e-12,164,0,1
715,0,0,CADC0874,5,781,157,2.01946250955414e-06,2.5797594435321476e-10,1.606162956717701e-05,-1.0348717168329007,-0.1406973061694059,1,1,1,48,52,6.92380845393493e-13,8.076412725595711e-13,3911,785,3.303149095431688e-13,1.6431588812306673e-12,157,0,0
716,0,1,CADC0874,5,524,106,-1.7822536433962263e-05,2.947972993052177e-10,1.7169662177958473e-05,-1.4660616498337775,0.1189658042476225,1,1,1,27,35,1.3092368590013784e-12,7.181582723909089e-13,2664,530,5.625902658496521e-13,2.781106597219035e-12,106,0,1
717,0,0,CADC0874,5,452,91,6.083073302197803e-06,2.3674731168003504e-10,1.5386595194520295e-05,-1.0093179690621117,-0.47465727902682,1,1,1,25,31,1.0427576870922082e-12,5.541263746945316e-13,2286,455,5.237772382301662e-13,2.601618809670715e-12,91,0,0
718,0,1,CADC0874,5,590,119,-7.106140890756303e-06,2.87673770271526e-10,1.6960948389507173e-05,-1.2570561391512654,-0.1057820469451026,1,1,1,34,42,9.90008102896287e-13,7.014183679427682e-13,2950,595,4.875826614771627e-13,2.4174266409371933e-12,119,0,1
719,0,1,CADC0874,5,640,129,1.4260507372093025e-05,2.1639274710737968e-10,1.471029391641716e-05,-1.1781912450764451,-0.1297203813982531,1,1,1,30,41,7.333213345813086e-13,7.218576769334944e-13,3200,645,3.381136673552808e-13,1.6774631558711606e-12,129,0,1
720,0,1,CADC0874,5,605,122,9.33146830327869e-06,2.3260293800357312e-10,1.5251325778553584e-05,-1.2540267366581486,-0.0923550409540077,1,1,1,31,41,7.974497911474873e-13,7.49082410700804e-13,3025,610,3.844676661216085e-13,1.9065814590456814e-12,122,0,1
721,0,1,CADC0874,5,655,132,2.0949666295454546e-05,3.017810000959993e-10,1.737184504006409e-05,-1.4658362556394224,-0.0498737700271348,1,1,1,38,45,8.638141404878622e-13,5.09856139355195e-13,3275,660,4.60734351291602e-13,2.286219697696965e-12,132,0,1
722,0,0,CADC0874,5,645,130,-6.0890195769230765e-06,1.0875766648074238e-10,1.0428694380445828e-05,-1.3927754034362276,-0.1040617368478813,1,1,1,35,40,5.092456112020322e-13,6.32968745740016e-13,3225,650,1.6861653717944556e-13,8.365974344672492e-13,130,0,0
723,0,1,CADC0874,5,600,121,8.515750743801651e-06,2.608952204570325e-10,1.6152251250430465e-05,-1.097762975741036,-0.2421836553412249,1,1,1,32,40,7.857616798025722e-13,6.779104928974648e-13,3000,605,4.3482536742838765e-13,2.156158846752335e-12,121,0,1
724,0,1,CADC0874,5,615,124,2.517853797016129e-05,2.3425751296961914e-10,1.5305473301065183e-05,-1.4059718043880476,-0.1857318456800343,1,1,1,33,40,8.415952039416034e-13,7.239085431500841e-13,3075,620,3.8090652515385226e-13,1.889173491690477e-12,124,0,1
725,0,1,CADC0874,5,660,133,-4.715117222556391e-06,1.9355445361110783e-10,1.3912384900192629e-05,-1.4274638681621583,0.2127309805675069,1,1,1,36,40,7.091681979842431e-13,6.967695591278734e-13,3300,665,2.9326432365319373e-13,1.45529664369254e-12,133,0,1
726,0,0,CADC0874,5,641,129,2.248050480620155e-06,3.190146501401248e-10,1.7860981219970105e-05,-1.353361521863156,-0.0446275228724683,1,1,1,34,46,8.486797293254134e-13,7.003971282429885e-13,3211,645,4.976827615290558e-13,2.472981784031975e-12,129,0,0
727,0,1,CADC0874,5,655,132,2.3361003075757577e-05,2.8733374169542443e-10,1.695092155888359e-05,-1.2499941663115488,-0.2372262600150909,1,1,1,37,45,8.476872831636054e-13,6.749370076371289e-13,3275,660,4.3867746823728924e-13,2.176770770419882e-12,132,0,1
728,0,1,CADC0874,5,595,120,2.063005060833333e-05,2.3507768616007987e-10,1.53322433505368e-05,-1.1779741917011382,-0.1491609464665627,1,1,1,34,41,8.32184554458437e-13,5.875352224610386e-13,2975,600,3.950885481682015e-13,1.958980718000666e-12,120,0,1
729,0,1,CADC0874,5,611,123,5.19717555284553e-06,1.9179371922429248e-10,1.3848960943850354e-05,-1.2790640700051636,0.010173639549422,1,1,1,38,44,7.480970230750285e-13,7.884265503727892e-13,3061,615,3.139013407926227e-13,1.5592985302788009e-12,123,0,1
730,0,1,CADC0874,5,686,137,-1.7760820948905104e-06,8.027541133409185e-11,8.959654643684202e-06,-1.2883818491065964,-0.1899873397557281,1,1,1,42,46,4.628579462942483e-13,9.047137865520008e-13,3468,685,1.170195500496966e-13,5.859519075481158e-13,137,0,1
731,0,1,CADC0874,5,640,129,1.9365342635658915e-05,4.026962692312535e-10,2.0067293520334363e-05,-1.0390216298452537,-0.3318518436654859,1,1,1,37,43,1.2259814915839842e-12,9.580168307726077e-13,3200,645,6.292129206738337e-13,3.121676505668632e-12,129,0,1
732,0,1,CADC0874,5,620,125,9.02333684e-06,3.932269610366694e-10,1.982995111029448e-05,-1.1553221559779492,-0.3965109701374502,1,1,1,28,41,9.764132202382564e-13,7.371950857814958e-13,3100,625,6.34237033930112e-13,3.145815688293355e-12,125,0,1
733,0,0,CADC0874,5,690,139,2.123555708633093e-05,2.3948792852367125e-10,1.5475397523930403e-05,-1.3492970500088837,0.0339620354984787,1,1,1,41,48,6.97073768286608e-13,6.294825426428841e-13,3450,695,3.4708395438213225e-13,1.722934737580369e-12,139,0,0
734,0,0,CADC0874,5,470,95,6.262810105263166e-07,5.654602438401004e-10,2.3779407979176027e-05,-1.4669690419429848,-0.0366310922503235,1,1,1,20,31,2.7210845004838014e-12,7.717938955365005e-13,2392,475,1.203106901787448e-12,5.952213093053689e-12,95,0,0
735,0,0,CADC0874,5,451,91,4.9010868241758254e-06,7.94499537274836e-10,2.8186868170742847e-05,-1.4874475967018497,0.0622782764957714,1,1,1,15,30,4.187541445309913e-12,8.114736172509985e-13,2293,455,1.761639772228018e-12,8.730764145877319e-12,91,0,0
736,1,1,CADC0874,5,420,61,-7.98615786885246e-06,7.828400007408366e-10,2.7979278059679032e-05,-1.0871864130564413,0.4568396769178345,2,1,1,1,2,6.910843322587391e-11,1.5817270652949946e-10,17100,305,1.8639047636686585e-12,1.283344263509568e-11,61,1,1
737,0,1,CADC0874,5,386,78,6.698902064102563e-06,2.8124953238243103e-10,1.6770495889580338e-05,-1.028291020538424,-0.4066008723211244,1,1,1,16,25,1.744713383986041e-12,5.694475071303559e-13,1936,390,7.286257315607022e-13,3.605763235672193e-12,78,0,1
738,0,0,CADC0874,5,570,115,5.8247679382608684e-06,1.5793129788017808e-10,1.2567071969244788e-05,-0.4981263729232585,-0.427683253996218,1,1,1,28,38,8.537799565288146e-13,5.600998989774679e-13,2850,575,2.7707245242136505e-13,1.373315633740679e-12,115,0,0
739,0,1,CADC0874,5,415,84,-3.4561206309523817e-06,3.430420777982938e-10,1.852139513639007e-05,-1.260610161708513,0.0149870118747622,1,1,1,19,28,2.1525125974324915e-12,8.213435432635971e-13,2075,420,8.266074163814308e-13,4.083834259503497e-12,84,0,1
740,0,1,CADC0874,5,375,76,-1.637509657894737e-06,9.48827561772313e-10,3.080304468347752e-05,-1.4243439211682396,0.0979367705806234,1,1,1,13,26,6.8321216825618484e-12,1.160878265507753e-12,1875,380,2.530206831392835e-12,1.2484573181214646e-11,76,0,1
741,0,1,CADC0874,5,385,78,1.740285128205128e-06,4.5193547820707317e-10,2.125877414638655e-05,-1.369217285892327,-0.1121505097880579,1,1,1,20,28,3.04537279554969e-12,8.754300252022519e-13,1925,390,1.173858384953437e-12,5.794044592398374e-12,78,0,1
742,0,1,CADC0874,5,360,73,3.73349402739726e-06,6.887626703489311e-10,2.6244288337635125e-05,-1.1653971602037498,-0.288864692121979,1,1,1,14,27,4.9887053435636376e-12,1.1185319189465525e-12,1830,365,1.9132296398581414e-12,9.435105073273027e-12,73,0,1
743,0,1,CADC0874,5,330,67,1.943492582089552e-06,1.5917028040550538e-10,1.2616270463393903e-05,-1.2437079837072789,-0.1646268905567539,1,1,1,19,23,1.6144667855357549e-12,7.504762679020612e-13,1650,335,4.823341830469861e-13,2.3756758269478418e-12,67,0,1
744,0,1,CADC0874,5,308,62,6.028603790322581e-06,9.506259659084672e-11,9.750004953375497e-06,-1.3291457807085816,-0.102841671449835,1,1,1,18,21,1.180329094740545e-12,9.96050164193049e-13,1558,310,3.0864479412612573e-13,1.5332676869491408e-12,62,0,1
745,0,1,CADC0874,5,281,57,7.161078614035088e-06,3.759886711306038e-11,6.13179150926223e-06,-1.5169932222240914,-0.0698122902207611,1,1,1,18,19,7.156945980851671e-13,7.908175983321259e-13,1435,285,1.3380379755537505e-13,6.596292475975505e-13,57,0,1
746,0,0,CADC0874,5,315,64,-3.472991734375e-06,1.1468922525420203e-10,1.0709305544908224e-05,-1.28252048468523,-0.1440298047320786,1,1,1,16,21,1.353313029139537e-12,7.225179012950497e-13,1575,320,3.6409277858476844e-13,1.792019144596907e-12,64,0,0
747,0,1,CADC0874,5,375,76,4.5656846710526324e-07,1.2113921244498646e-10,1.1006326019384782e-05,-1.4798629517537305,0.0090767958804352,1,1,1,22,25,1.0867714623942865e-12,7.508182098084037e-13,1875,380,3.230378998532972e-13,1.593937005855085e-12,76,0,1
748,0,1,CADC0874,5,385,78,4.095949758974358e-06,3.61899896931857e-10,1.902366675832651e-05,-1.3316790898071982,-0.0404660885540469,1,1,1,12,26,2.5019524452471798e-12,7.038339008920891e-13,1925,390,9.399997322905378e-13,4.6397422683571406e-12,78,0,1
749,0,0,CADC0874,5,409,82,2.2772931585365854e-06,3.029056006772328e-10,1.74041834246032e-05,-1.333712828693197,-0.0929353271427822,1,1,1,19,29,2.0787290691179238e-12,8.77376466053376e-13,2079,410,7.406004906533808e-13,3.693970739966253e-12,82,0,0
750,0,1,CADC0874,5,270,55,-1.460961201818182e-05,1.552268325186491e-10,1.2459006080689145e-05,-0.878688263757645,-0.4475086426556677,1,1,1,14,20,1.8165605426711596e-12,6.014273504739599e-13,1352,275,5.749141945135152e-13,2.82230604579362e-12,55,0,1
751,0,1,CADC0874,5,279,57,-3.10087350877193e-05,9.0481927564032e-11,9.512198881648344e-06,-1.3347310246721973,-0.0463412272783065,1,1,1,12,16,1.270911435022321e-12,5.665392186247922e-13,1391,285,3.2430798410047323e-13,1.5874022379654738e-12,57,0,1
752,0,1,CADC0874,5,245,50,-3.8330304e-05,3.5265998288384e-11,5.938518189614645e-06,-1.4112916176432435,0.0027278472532075,1,1,1,17,19,8.448887593419418e-13,8.969035678993088e-13,1225,250,1.439428501566694e-13,7.053199657676799e-13,50,0,1
753,0,0,CADC0874,5,270,55,-3.520268e-05,7.357285321505455e-11,8.57746193317432e-06,-1.4959575775503813,-0.0204090789420562,1,1,1,16,20,1.219380148998628e-12,7.664528239302239e-13,1350,275,2.724920489446465e-13,1.337688240273719e-12,55,0,0
754,1,1,CADC0874,5,287,58,-3.257308275862069e-05,1.1794781068590965e-10,1.0860378017634084e-05,1.7469629919185028,1.1146954377330114,4,4,1,3,5,2.133507298996922e-10,6.516490748172957e-10,1447,290,4.109679814840058e-13,2.0335829428605112e-12,58,1,1
755,1,1,CADC0874,5,185,38,-3.6464157894736845e-05,2.5401845508717456e-10,1.5937956427571717e-05,1.3747323995039429,1.8012970963937087,6,3,1,5,9,6.221186785837837e-10,1.7903627983808335e-09,925,190,1.3730727302009436e-12,6.6846961865045925e-12,38,1,1
756,1,0,CADC0874,5,240,49,-3.3780291836734695e-05,1.9033784580687206e-10,1.3796298264638676e-05,1.5689562857140509,1.6011694486789798,6,4,2,6,11,3.449742742224826e-10,1.009990033067044e-09,1200,245,7.930743575286339e-13,3.884445832793309e-12,49,1,0
757,0,1,CADC0874,5,210,43,-5.316042186046512e-06,1.3477375700394266e-10,1.1609210007745687e-05,-0.9927427556619444,-0.4541557638907646,1,1,1,9,10,2.18844473813161e-12,6.676418878702199e-13,1050,215,6.417797952568698e-13,3.134273418696341e-12,43,0,1
758,0,1,CADC0874,5,210,43,8.775806697674421e-06,8.925327175524778e-11,9.447394971908806e-06,-0.8615816280541222,-0.5621546245085939,1,1,1,10,13,1.6491582851914833e-12,9.300013708034889e-13,1050,215,4.250155797868942e-13,2.0756574826801808e-12,43,0,1
759,0,1,CADC0874,5,195,40,1.299688735e-05,8.948186974556187e-11,9.459485701958743e-06,-0.649784473141608,-0.5948360003237275,1,1,1,9,15,1.972241315555456e-12,7.171323609469164e-13,975,200,4.588813833105738e-13,2.237046743639047e-12,40,0,1
760,0,1,CADC0874,5,215,44,6.18724e-07,1.4021228767779868e-10,1.1841126959787177e-05,-0.9836476622642288,-0.3180160280795915,1,1,1,7,12,2.740341315427948e-12,1.0911612845356298e-12,1075,220,6.521501752455754e-13,3.1866429017681518e-12,44,0,1
761,0,0,CADC0874,5,215,44,-1.4242894554545458e-05,1.563426574130407e-10,1.2503705747219127e-05,-1.195932005755844,-0.3649449327936728,1,1,1,5,15,2.941823162098797e-12,8.631261516351916e-13,1075,220,7.271751507583288e-13,3.553242213932743e-12,44,0,0
762,0,1,CADC0874,5,210,43,-2.7886002325581395e-05,7.503176073371552e-11,8.6620875505686e-06,-1.1370334946840972,-0.1916239641277419,1,1,1,8,13,1.9025923878061223e-12,7.625026327305169e-13,1050,215,3.5729409873197865e-13,1.7449246682259422e-12,43,0,1
763,0,1,CADC0874,5,225,46,1.4281716739130437e-06,4.773414980170061e-10,2.1848146329082614e-05,-1.4879088891057015,0.0377866931713861,1,1,1,5,15,9.333255250053287e-12,7.877066732273843e-13,1125,230,2.1215177689644718e-12,1.0376989087326222e-11,46,0,1
764,0,0,CADC0874,5,240,49,-6.479210204081635e-07,3.0235895231902887e-10,1.738847182241812e-05,-1.456276245317026,0.0739224014933258,1,1,1,7,18,5.269027081822556e-12,8.139695858961423e-13,1200,245,1.259828967995954e-12,6.170590863653652e-12,49,0,0
765,0,1,CADC0874,5,215,44,-7.728606431818182e-07,1.394335442141669e-10,1.1808198178137378e-05,-1.3387416893871582,-0.0417464457506603,1,1,1,8,13,3.007406572650346e-12,9.025699585511752e-13,1075,220,6.485281126240319e-13,3.1689441866856112e-12,44,0,1
766,0,1,CADC0874,5,220,45,1.7800077999999994e-06,8.007318040404603e-11,8.9483618838336e-06,-1.3233809235480984,-0.0785367083953177,1,1,1,7,13,1.7662397634546054e-12,8.142189550914511e-13,1100,225,3.6396900183657284e-13,1.7794040089788005e-12,45,0,1
767,0,0,CADC0874,5,210,43,-1.7991910488372093e-06,6.182186215072473e-11,7.862687972361915e-06,-1.1725708535898849,-0.3615565761440066,1,1,1,10,14,1.1527139193418262e-12,3.977828837010149e-13,1050,215,2.943898197653559e-13,1.4377177244354589e-12,43,0,0
768,1,1,CADC0874,5,210,43,-3.640270488372093e-06,9.747941565202999e-11,9.873166445068674e-06,-1.0762783740660795,0.0069763688824431,2,1,1,1,3,1.1173958706221247e-11,1.834207216360796e-11,1050,215,4.641876935810953e-13,2.266963154698372e-12,43,1,1
769,0,1,CADC0874,5,220,45,2.2167638888888886e-06,3.2673995487876547e-10,1.807594962591912e-05,-1.3779579124326302,-0.1180193216903717,1,1,1,4,12,6.6861876682228306e-12,6.692183779301519e-13,1100,225,1.4851816130852976e-12,7.2608878861947875e-12,45,0,1
770,0,1,CADC0874,5,240,49,-4.295487634693878e-06,3.3125797691642246e-10,1.8200493864629674e-05,-1.4847728856734663,0.1201736850328077,1,1,1,5,15,5.995186216108514e-12,6.316377622843029e-13,1200,245,1.3802415704850936e-12,6.7603668758453556e-12,49,0,1
771,0,1,CADC0874,5,215,44,-2.9141838863636365e-06,2.9594218979632725e-10,1.7202970377127527e-05,-1.2835209053167362,-0.0954849885441607,1,1,1,5,14,5.890249552136989e-12,8.410412319151824e-13,1075,220,1.3764753013782662e-12,6.725958859007438e-12,44,0,1
772,0,1,CADC0874,5,225,46,3.604479608695651e-06,4.156830542876338e-10,2.038830680286212e-05,-1.2310427598600513,-0.2296623710971947,1,1,1,1,16,7.463885771750399e-12,5.723860739605454e-13,1125,230,1.8474802412783727e-12,9.036588136687691e-12,46,0,1
773,0,1,CADC0874,5,230,47,-4.95193085106383e-06,4.626255864052248e-10,2.150873279403565e-05,-1.4813325429857118,-0.019414555528877,1,1,1,5,15,8.793410101512476e-12,9.00534173670618e-13,1150,235,2.011415593066195e-12,9.843097583089888e-12,47,0,1
774,0,1,CADC0874,5,240,49,1.044142244897959e-06,9.343766169333564e-10,3.0567574600111084e-05,-1.4873770299079374,-0.0289544860584994,1,1,1,1,14,1.576043149169149e-11,7.767966662553187e-13,1200,245,3.893235903888985e-12,1.906891054966033e-11,49,0,1
775,0,1,CADC0874,5,240,49,-5.4474408163265395e-08,1.1116700411845958e-09,3.334171623034117e-05,-1.501226879294394,0.0419974368676714,1,1,1,1,16,1.8832660913890388e-11,7.599955159374346e-13,1200,245,4.631958504935816e-12,2.268714369764481e-11,49,0,1
776,0,1,CADC0874,5,230,47,-9.381665957446806e-07,9.229869259787376e-10,3.0380699892838835e-05,-1.481778291458647,0.0208644657368853,1,1,1,3,14,1.7091680925418336e-11,1.1576223038888897e-12,1150,235,4.012986634690164e-12,1.9638019701675267e-11,47,0,1
777,0,1,CADC0874,5,190,39,-5.186206666666668e-07,7.198877439559509e-11,8.484619873370587e-06,-1.4484162346480869,-0.1248225297512525,1,1,1,7,14,2.342928735181271e-12,1.1208848313443322e-12,950,195,3.7888828629260583e-13,1.845866010143464e-12,39,0,1
778,0,1,CADC0874,5,205,42,-3.260242761904762e-06,1.4361290139957807e-10,1.198386003754959e-05,-1.3104364692329011,-0.0281234731490936,1,1,1,7,13,3.5043717890714333e-12,8.119162551059994e-13,1025,210,7.005507385345272e-13,3.4193547952280495e-12,42,0,1
779,0,0,CADC0874,5,230,47,1.393392951063829e-06,5.505536123232044e-10,2.346387888485628e-05,-1.435445911482964,-0.0372615186939276,1,1,1,4,15,9.964037104531668e-12,8.51833594765136e-13,1150,235,2.393711357926976e-12,1.171390664517456e-11,47,0,0
780,0,1,CADC0874,5,230,47,1.3379908510638302e-06,6.631324853789269e-10,2.575135890353996e-05,-1.4984958081757127,0.0549922271590481,1,1,1,1,14,1.2419798606249908e-11,7.174024736311123e-13,1150,235,2.8831847190388124e-12,1.4109201816572912e-11,47,0,1
781,0,1,CADC0874,5,210,43,-1.3854915116279071e-06,3.4950743516189596e-10,1.86951179499327e-05,-1.4673858576596284,-0.0795722094458667,1,1,1,4,12,7.898166456184298e-12,8.748464852709998e-13,1050,215,1.6643211198185521e-12,8.128079887485953e-12,43,0,1
782,0,1,CADC0874,5,230,47,7.631785106382976e-07,4.136067380174723e-10,2.0337323767336555e-05,-1.489351514285676,-0.01604470912237,1,1,1,2,14,7.662049866433271e-12,6.812928091624687e-13,1150,235,1.7982901652933577e-12,8.800143362073879e-12,47,0,1
783,0,1,CADC0874,5,225,46,-7.9469797826087e-07,3.8796959278742045e-10,1.969694374230227e-05,-1.405162534512581,-0.1247535674575805,1,1,1,2,14,7.403822922787779e-12,7.003860575032026e-13,1125,230,1.7243093012774245e-12,8.434121582335227e-12,46,0,1
784,0,1,CADC0874,5,240,49,-3.782365306122448e-07,6.098595438402798e-10,2.46953344549184e-05,-1.5090151222923436,0.0288866109831039,1,1,1,5,17,1.0574170804991491e-11,1.114773363974285e-12,1200,245,2.5410814326678325e-12,1.2446113139597546e-11,49,0,1
785,0,1,CADC0874,5,230,47,9.411000851063832e-07,6.371366151616148e-10,2.5241565228044292e-05,-1.4916268102965728,0.0275867557512847,1,1,1,5,14,1.2002057424783305e-11,1.5597706928623796e-12,1150,235,2.770159196354848e-12,1.3556098194927977e-11,47,0,1
786,0,1,CADC0874,5,200,41,-5.538300707317073e-06,1.7613219184696878e-10,1.3271480393948852e-05,-1.4027656711881218,-0.1491051831760709,1,1,1,3,13,4.4139034290943e-12,5.935552766077014e-13,1000,205,8.806609592348439e-13,4.295907118218751e-12,41,0,1
787,0,1,CADC0874,5,225,46,4.92170826086956e-07,4.21975265402182e-10,2.0542036544660853e-05,-1.5052777539756828,0.0691059656561756,1,1,1,3,15,8.259900897759683e-12,6.603074085872387e-13,1125,230,1.875445624009698e-12,9.173375334830043e-12,46,0,1
788,0,1,CADC0874,5,230,47,-1.4747700851063834e-06,6.853216891956237e-10,2.617864949143908e-05,-1.2749077456503948,-0.1312893929115992,1,1,1,2,15,1.1679595200101019e-11,8.265010502095818e-13,1150,235,2.979659518241842e-12,1.45813125360771e-11,47,0,1
789,0,1,CADC0874,5,230,47,-4.355763191489361e-06,9.936073491376812e-10,3.15215378612415e-05,-1.5003462322185033,0.0630698939420381,1,1,1,3,14,1.8531236424872212e-11,1.3937077227772853e-12,1150,235,4.320031952772527e-12,2.114058189654641e-11,47,0,1
790,1,1,CADC0874,5,235,48,1.790393895833333e-06,9.730890272598302e-10,3.11943749297823e-05,-1.0102631583825226,0.1042697489377307,3,1,1,2,5,2.2256342489950511e-10,4.848704877599507e-10,1175,240,4.140804371318427e-12,2.0272688067913133e-11,48,1,1
791,0,1,CADC0874,5,225,46,4.275595282608696e-06,9.458448052243782e-10,3.0754589986283e-05,-1.401390288057058,-0.0354792595158344,1,1,1,1,14,1.8192140576150618e-11,9.179823526751106e-13,1125,230,4.203754689886127e-12,2.0561843591834315e-11,46,0,1
792,0,0,CADC0874,5,215,44,-2.1558465909090912e-06,3.6245119294112246e-10,1.9038150985353655e-05,-1.3972911975900644,0.01741450401273,1,1,1,4,13,7.535914436019686e-12,6.878165724365069e-13,1075,220,1.6858195020517325e-12,8.237527112298238e-12,44,0,0
793,0,1,CADC0874,5,210,43,-2.1610691495348837e-05,2.4820966388659486e-10,1.575467117672073e-05,-1.483267663866094,-0.0143675296377611,1,1,1,2,12,5.661904442036715e-12,6.504476317431693e-13,1050,215,1.181950780412357e-12,5.772317764804533e-12,43,0,1
794,0,1,CADC0874,5,210,43,-1.7742546627906978e-05,4.2602218605631937e-10,2.0640304892523252e-05,-1.5142826670350529,-0.034442881240661,1,1,1,5,13,9.718573877174772e-12,1.2406042655285237e-12,1050,215,2.028677076458664e-12,9.907492698984172e-12,43,0,1
795,0,1,CADC0874,5,210,43,-1.1993982395348838e-05,6.62394663966805e-10,2.5737029043127825e-05,-1.5428836031949598,-0.0428473843781448,1,1,1,1,15,1.4717790653442378e-11,7.819461395353579e-13,1050,215,3.1542603046038337e-12,1.5404527068995467e-11,43,0,1
796,0,1,CADC0874,5,205,42,-4.250803761904761e-06,8.287788415851771e-10,2.878851926697824e-05,-1.5011495058587814,-0.0392363408403828,1,1,1,1,11,1.9110058548532377e-11,1.0868106490885997e-12,1025,210,4.042823617488669e-12,1.9732829561551838e-11,42,0,1
797,0,1,CADC0874,5,205,42,2.5484573809523816e-06,8.335141572750526e-10,2.8870645252142404e-05,-1.413499754792734,0.0876450466819938,1,1,1,1,11,1.9374602013299462e-11,1.1070384417900006e-12,1025,210,4.065922718414892e-12,1.984557517321554e-11,42,0,1
798,0,0,CADC0874,5,190,39,1.0382941025641025e-05,5.983807898799783e-10,2.446182311030759e-05,-1.3487214742363751,-0.120026067560112,1,1,1,1,11,1.553654559772964e-11,8.189938951818849e-13,950,195,3.149372578315676e-12,1.5343097176409704e-11,39,0,0
799,0,1,CADC0874,5,190,39,1.3214765769230767e-05,2.900765796211589e-10,1.7031634672607292e-05,-1.34049511930809,-0.104303970506797,1,1,1,7,13,7.534322296385038e-12,1.71347238188039e-12,950,195,1.5267188401113629e-12,7.437861015927153e-12,39,0,1
800,0,0,CADC0874,5,180,37,1.382293845945946e-05,1.0800474685774194e-10,1.0392533226203414e-05,-1.4777834147840196,-0.0274052296794487,1,1,1,6,10,3.495243781540798e-12,8.290412068245348e-13,900,185,6.000263714318996e-13,2.919047212371404e-12,37,0,0
801,0,1,CADC0874,5,180,37,1.1049430835135136e-05,1.7746631446737135e-10,1.33216483389771e-05,-1.1593644792744948,-0.2796692304866909,1,1,1,5,10,5.163498780837144e-12,1.048691656942907e-12,900,185,9.859239692631745e-13,4.796386877496523e-12,37,0,1
802,0,1,CADC0874,5,195,40,3.908058325e-06,2.6083187245528234e-10,1.615029016628749e-05,-1.336176841710829,-0.0350341731433879,1,1,1,3,11,6.611396308675063e-12,7.962807763446397e-13,975,200,1.3375993459245248e-12,6.5207968113820586e-12,40,0,1
803,0,0,CADC0874,5,195,40,-2.57109525e-06,2.6941357925738493e-10,1.641382281058818e-05,-1.5284215720169347,0.0658381116561894,1,1,1,1,11,7.095152433279291e-12,8.407188493448756e-13,975,200,1.3816080987558201e-12,6.735339481434623e-12,40,0,0
804,0,1,CADC0874,5,190,39,-6.08970535897436e-06,1.8974222096423384e-10,1.3774694949952023e-05,-1.4851907844078431,0.0277759329727865,1,1,1,8,14,5.386697424926506e-12,1.1450617529955168e-12,950,195,9.986432682328097e-13,4.865185152929073e-12,39,0,1
805,0,0,CADC0874,5,205,42,5.25675630952381e-06,5.342141797233061e-10,2.3113073783538744e-05,-1.4792659297478803,-0.0542091474832933,1,1,1,3,11,1.2435763366832986e-11,1.69644951626875e-12,1025,210,2.605922827918566e-12,1.2719385231507288e-11,42,0,0
806,0,1,CADC0874,5,205,42,1.039067280952381e-05,3.225602838795542e-10,1.795996335963841e-05,-1.3554981649482938,-0.1013691100987543,1,1,1,4,12,7.197668931600981e-12,7.206363661605377e-13,1025,210,1.5734647994124594e-12,7.680006759037005e-12,42,0,1
807,0,1,CADC0874,5,210,43,-1.7637262813953486e-05,4.2329988179114625e-10,2.057425288536977e-05,-1.5231397102278506,-0.0459630253928505,1,1,1,3,13,9.546239409238762e-12,1.0209378349850208e-12,1050,215,2.0157137228149824e-12,9.844183297468518e-12,43,0,1
808,0,1,CADC0874,5,225,46,-1.4177318130434786e-05,5.604041368001171e-10,2.3672856540775074e-05,-1.5433275963945676,0.0149016593883217,1,1,1,2,12,1.1144918980800216e-11,1.6737964287616864e-12,1125,230,2.4906850524449655e-12,1.2182698626089503e-11,46,0,1
809,0,1,CADC0874,5,230,47,-5.579815340425533e-06,6.17213682624434e-10,2.48437855936738e-05,-1.3819665413788538,-0.0170006311356925,1,1,1,2,15,1.1285522404899668e-11,6.812539308037887e-13,1150,235,2.6835377505410173e-12,1.3132206013285829e-11,47,0,1
333,0,1,CADC0884,5,550,111,0.310478142972973,0.1272106913273938,0.3566660781843345,-1.301516245837273,0.6085554605564972,1,1,1,4,15,0.0006349609831275,0.0001073643694095,2750,555,0.0002312921660498,0.0011460422642107,111,0,1
334,0,1,CADC0884,5,555,112,0.2992005441071428,0.1208877521882784,0.347689160297353,-1.1392718099508798,0.6963641748626086,1,1,1,2,17,0.000631747169405,0.0001106217330341,2775,560,0.0002178157697086,0.0010793549302524,112,0,1
335,0,1,CADC0884,5,575,116,0.3268521013793103,0.1342842341958873,0.3664481330227886,-0.9678172770504578,0.795622622681345,2,1,1,4,11,0.0007445519930958,0.0003397476514829,2875,580,0.0002335377986015,0.0011576227085852,116,0,1
336,0,0,CADC0884,5,500,101,0.3927774173267326,0.1448191502400443,0.3805511138336667,-1.3178592777884546,0.5202055001864376,1,1,1,4,15,0.0007991434329251,0.0001773625589878,2500,505,0.00028963830048,0.0014338529726737,101,0,0
337,0,1,CADC0884,5,560,113,0.3460565816814159,0.1529309103118414,0.3910638187199647,-1.1989464978233166,0.6445065528290795,1,1,1,6,18,0.0007598974523502,0.0001626926816868,2800,565,0.0002730909112711,0.0013533708877154,113,0,1
338,0,1,CADC0884,5,470,95,0.3887900552631578,0.1593977963572953,0.3992465358112645,-1.3639258106600896,0.4726850978389797,1,1,1,9,13,0.0009592071786352,0.0002120386429746,2350,475,0.0003391442475687,0.0016778715406031,95,0,1
339,0,1,CADC0884,5,555,112,0.3101511782142857,0.1332175823166375,0.3649898386484719,-1.054005074874509,0.7232356160507676,1,1,1,6,10,0.0007204712748026,0.0003075006988558,2775,560,0.0002400316798497,0.0011894426992556,112,0,1
340,0,1,CADC0884,5,505,102,0.3481960707843137,0.1365506228228747,0.3695275670675663,-1.4478991002212191,0.4741476248224503,3,1,1,6,20,0.0007186080528659,0.0001054319962543,2525,510,0.0002703972729165,0.0013387315963026,102,0,1
341,0,1,CADC0884,5,510,103,0.3680500029126213,0.1449704559099025,0.3807498600261103,-1.3637713098333668,0.4698591822216859,1,1,1,10,27,0.0007284158509276,9.6699018671485e-05,2550,515,0.0002842557959017,0.001407480154465,103,0,1
342,0,1,CADC0884,5,495,100,0.4306822959999999,0.1632400132928357,0.404029718328783,-1.4722389883689393,0.3474863034520686,1,1,1,8,29,0.0007716842862254,8.604260874591815e-05,2475,500,0.0003297778046319,0.0016324001329283,100,0,1
343,0,0,CADC0884,5,450,91,0.4793279901098901,0.1756177680706841,0.4190677368525095,-1.39733781761818,0.315074947294613,1,1,1,10,26,0.0009789177126984,0.000154849586446,2250,455,0.0003902617068237,0.0019298655831943,91,0,0
344,0,1,CADC0884,5,500,101,0.4477263576237622,0.1849250895587362,0.4300291729159037,-1.4475730881931268,0.3706471211859231,1,1,1,8,25,0.0009081120455684,0.0001258693033725,2500,505,0.0003698501791174,0.0018309414807795,101,0,1
345,0,1,CADC0884,5,470,95,0.4527780055789472,0.1733142105388486,0.4163102335264516,-1.4746279989517903,0.3637143899273389,1,1,1,5,17,0.0010191038271595,0.0003723899131499,2350,475,0.0003687536394443,0.0018243601109352,95,0,1
346,0,1,CADC0884,5,480,97,0.4733432402061857,0.1809163332786133,0.4253426069401152,-1.2408826136693245,0.4948382557248652,1,1,1,10,26,0.001006154118769,0.000122494647079,2400,485,0.0003769090276637,0.0018651168379238,97,0,1
347,0,1,CADC0884,5,465,94,0.4956318951063829,0.2053577152662765,0.4531641151572756,-1.2343779707914229,0.5232793698573557,1,1,1,6,11,0.0013584995950315,0.0006285214229973,2325,470,0.0004416294951962,0.0021846565453859,94,0,1
348,0,1,CADC0884,5,410,83,0.5204391626506024,0.1979546228167498,0.4449209174861863,-1.438340828373,0.2691730581636312,1,1,1,11,26,0.0013238784549692,0.0001656012453007,2050,415,0.0004828161532115,0.0023849954556234,83,0,1
349,0,1,CADC0884,5,430,87,0.4988636505747126,0.1996494537768741,0.4468215010234782,-1.3889670407615986,0.3637199583868283,1,1,1,7,29,0.0012007499010399,0.0001133060732134,2150,435,0.000464301055295,0.0022948213077801,87,0,1
350,0,1,CADC0884,5,425,86,0.4774975220930232,0.1833238595309168,0.4281633561281451,-1.382778582088921,0.3460852436847877,2,1,1,7,18,0.0011803926591105,0.0002279589216299,2125,430,0.0004313502577198,0.0021316727852432,86,0,1
351,0,0,CADC0884,5,435,88,0.476203111590909,0.1798236606613825,0.4240561998855606,-1.4307295450102024,0.3156608629460164,1,1,1,7,19,0.0010730199871091,0.0001862973441536,2175,440,0.0004133877256583,0.0020434506893338,88,0,0
352,0,1,CADC0884,5,425,86,0.4834652941860465,0.1754591295519861,0.418878418579886,-1.5278428189129756,0.1937401856443175,1,1,1,5,21,0.0010575166012788,0.0001066796079559,2125,430,0.0004128450107105,0.002040222436651,86,0,1
353,0,1,CADC0884,5,450,91,0.479444789010989,0.1684414915203434,0.4104162417842932,-1.4668158429686768,0.2567120997647624,1,1,1,10,22,0.0009428201777851,0.0002308435314056,2250,455,0.0003743144256007,0.0018510054013224,91,0,1
354,0,1,CADC0884,5,430,87,0.4935587540229885,0.1591351380676735,0.3989174577123362,-1.4086625791501797,0.2764800692111023,1,1,1,8,29,0.0009422325476967,0.0001349345695228,2150,435,0.0003700817164364,0.0018291395180192,87,0,1
355,0,1,CADC0884,5,415,84,0.529153920595238,0.1639360822376908,0.4048902101035425,-1.511830413722199,0.1750467416941086,1,1,1,8,16,0.0010278195419037,0.0001854976419839,2075,420,0.0003950267041872,0.0019516200266391,84,0,1
356,0,0,CADC0884,5,390,79,0.5750211037974682,0.1530115775958983,0.3911669433833825,-1.430948569478949,0.1793734983573444,1,1,1,6,22,0.0010412719224185,9.875532692738786e-05,1950,395,0.000392337378451,0.0019368554126063,79,0,0
357,0,0,CADC0884,5,420,85,0.5533835470588235,0.1541718053629415,0.3926471766903991,-1.3732506786131946,0.2977249205318201,1,1,1,9,17,0.001078266639372,0.0004665988842967,2100,425,0.0003670757270546,0.0018137859454463,85,0,0
358,0,1,CADC0884,5,405,82,0.5945639341463415,0.1598440090825944,0.399804963804346,-1.4882657209453278,0.1272153148302692,1,1,1,10,29,0.0010347211423202,0.0001401955079707,2025,410,0.000394676565636,0.001949317183934,82,0,1
359,0,1,CADC0884,5,425,86,0.6041264604651163,0.1732304865349484,0.4162096665563505,-1.4268939884414462,0.2302830245129736,1,1,1,12,29,0.0010354939791349,0.0001691551665375,2125,430,0.0004076011447881,0.0020143079829645,86,0,1
360,0,1,CADC0884,5,425,84,0.6519150476190476,0.1668104500864501,0.4084243505062475,-1.4004149089004487,0.2136603541177429,1,1,1,11,24,0.0010307633178841,0.0001349454459999,2275,420,0.000392495176674,0.0019858386915053,84,0,1
361,0,1,CADC0884,5,395,80,0.60118749625,0.1550057750829118,0.3937077279949072,-1.3335519871984505,0.2829708559997306,1,1,1,7,21,0.0011028090644811,0.0001100500512207,1975,400,0.0003924196837542,0.0019375721885363,80,0,1
362,0,1,CADC0884,5,400,81,0.6125372962962964,0.1567335215235665,0.3958958468127274,-1.4491289225010613,0.210073427609787,2,1,1,10,27,0.0010297903976975,0.0001156719048187,2000,405,0.0003918338038089,0.0019349817472045,81,0,1
363,0,1,CADC0884,5,390,79,0.6067537215189872,0.1373867970578212,0.3706572501082654,-1.4265770884560889,0.2261337176641501,2,1,1,9,12,0.0009971954716074,0.0002229179041497,1950,395,0.0003522738386097,0.0017390733804787,79,0,1
364,0,1,CADC0884,5,400,81,0.5889168111111112,0.1439752824755109,0.3794407496243793,-1.36371313061788,0.2380155594465021,1,1,1,10,27,0.0009593549458621,8.969150953132206e-05,2000,405,0.0003599382061887,0.0017774726231544,81,0,1
365,0,1,CADC0884,5,410,83,0.5558408036144579,0.1616982940704591,0.4021172640790981,-1.5200453556291236,0.1451157025871683,1,1,1,5,28,0.0009903948996845,7.365660266025903e-05,2050,415,0.0003943860830986,0.0019481722177163,83,0,1
366,0,1,CADC0884,5,400,81,0.5786261012345679,0.1394296488206793,0.3734027970177505,-1.4625428718074196,0.1161264384594537,1,1,1,9,29,0.0008950098846644,7.286389730502202e-05,2000,405,0.0003485741220516,0.0017213536891441,81,0,1
367,0,1,CADC0884,5,410,83,0.5629032602409638,0.1263680300806055,0.3554828126374122,-1.412023890471554,0.2040065990606882,1,1,1,7,25,0.0007923970304964,8.087114043064451e-05,2050,415,0.0003082147075136,0.0015225063865133,83,0,1
368,0,1,CADC0884,5,390,79,0.5820045493670886,0.1273719475298901,0.3568920670593423,-1.4992776094418026,0.1045159563608246,1,1,1,8,22,0.0008543837055102,7.541801065949738e-05,1950,395,0.0003265947372561,0.0016123031332897,79,0,1
369,0,1,CADC0884,5,395,80,0.6014731,0.10941016412459,0.330772072770042,-1.442389998437622,0.1344951822648029,1,1,1,8,28,0.0007228981825659,7.118796376216336e-05,1975,400,0.0002769877572774,0.0013676270515573,80,0,1
370,0,1,CADC0884,5,385,78,0.6229470897435897,0.092662899810415,0.3044058143505393,-1.415948320043724,0.1869090598709526,1,1,1,9,26,0.0006518990174258,6.0800373913261824e-05,1925,390,0.0002406828566504,0.0011879858950053,78,0,1
371,0,1,CADC0884,5,385,78,0.6464484743589743,0.1126546547486083,0.3356406631333699,-1.450727745010372,0.1381178967736503,1,1,1,7,24,0.0007857627226726,7.490725091759012e-05,1925,390,0.0002926094928535,0.0014442904454949,78,0,1
372,0,0,CADC0884,5,374,76,0.6590833947368421,0.1113235717148441,0.3336518720385728,-1.4497388318608468,0.0921303767551071,3,1,1,15,30,0.0008379994472888,0.0001929899465933,1868,380,0.0002976566088632,0.0014647838383532,76,0,0
373,0,1,CADC0884,5,410,81,0.6731757530864197,0.1023409916675439,0.3199077861939968,-1.4786127403875604,0.1459371084510046,1,1,1,8,29,0.0006722023551493,0.0001018496456904,2200,405,0.0002496121747988,0.0012634690329326,81,0,1
374,0,1,CADC0884,5,385,78,0.7014715512820512,0.0967987090470678,0.3111249090752264,-1.353174286610778,0.2014364145660254,1,1,1,10,20,0.0007071996331681,9.923274498943932e-05,1925,390,0.000251425218304,0.001241009090347,78,0,1
375,0,1,CADC0884,5,375,76,0.6904580263157896,0.0974892378155782,0.3122326661571115,-1.4996179263517722,0.0833981438188597,1,1,1,12,24,0.0007197884160824,0.0001054322891709,1875,380,0.0002599713008415,0.0012827531291523,76,0,1
376,0,1,CADC0884,5,375,76,0.7131173684210527,0.0837228462184432,0.289349004177383,-1.4191020960696847,0.1364410058672374,1,1,1,12,26,0.0006382608108088,0.0001175229863529,1875,380,0.0002232609232491,0.001101616397611,76,0,1
377,0,1,CADC0884,5,375,76,0.6665723947368423,0.0634675090305546,0.251927586878759,-1.399238624874814,0.1825138036950315,1,1,1,15,25,0.0005003800615171,0.0001092264353177,1875,380,0.0001692466907481,0.0008350988030336,76,0,1
378,0,1,CADC0884,5,360,73,0.6886939863013698,0.0901985033393833,0.3003306566759101,-1.456772548884851,0.078194250281913,1,1,1,8,25,0.0007149664819303,7.563286281531423e-05,1800,365,0.0002505513981649,0.0012355959361559,73,0,1
379,0,1,CADC0884,5,375,76,0.6428869342105262,0.094835981232193,0.3079545116282485,-1.4607304898198044,0.1245006662923988,1,1,1,8,25,0.0006959251445717,6.045416451132186e-05,1875,380,0.0002528959499525,0.0012478418583183,76,0,1
380,0,1,CADC0884,5,415,84,0.6178833452380952,0.093808626201726,0.3062819390720355,-1.44704963331851,0.1933850540571955,1,1,1,9,27,0.0005729125559529,6.820144114693642e-05,2075,420,0.0002260448824137,0.0011167693595443,84,0,1
381,0,0,CADC0884,5,380,77,0.6249484285714285,0.094947228587076,0.3081350817207869,-1.4567765541203903,0.0828319998837778,1,1,1,4,23,0.0006771812096057,6.875379796195518e-05,1900,385,0.0002498611278607,0.0012330808907412,77,0,0
382,0,0,CADC0884,5,370,75,0.6405692933333333,0.0866060868005006,0.2942891211045706,-1.432385621315664,0.015467355578299,1,1,1,11,21,0.0006459944462651,8.468366487746301e-05,1850,375,0.0002340705048662,0.0011547478240066,75,0,0
383,0,1,CADC0884,5,390,79,0.6409399746835444,0.062755200824455,0.2505098816902341,-1.4757951083380667,0.1107400617251641,1,1,1,15,27,0.0004392900600848,9.89259202192614e-05,1950,395,0.0001609107713447,0.0007943696306893,79,0,1
384,0,0,CADC0884,5,380,77,0.6477450779220778,0.0533226463891368,0.2309169686037317,-1.4335885171030216,0.1775405155827127,1,1,1,13,24,0.000400409370074,7.337664824000017e-05,1900,385,0.0001403227536556,0.0006925019011576,77,0,0
385,0,1,CADC0884,5,365,74,0.6835975540540541,0.062561251632247,0.2501224732650928,-1.5065551788793234,0.1007919103305332,1,1,1,11,25,0.0004970467461572,8.631594064795546e-05,1825,370,0.0001714006894034,0.0008454223193546,74,0,1
386,0,1,CADC0884,5,360,73,0.6994167397260274,0.051348004485398,0.2266009807688351,-1.4478597886530205,0.1349212986404398,1,1,1,13,22,0.0004252227733979,8.022503226185309e-05,1800,365,0.0001426333457927,0.0007033973217177,73,0,1
387,0,1,CADC0884,5,385,78,0.7013925512820511,0.0458095616872473,0.2140316838396767,-1.4175265890439717,0.1521783356645238,1,1,1,14,24,0.0003359050567785,6.445676374930719e-05,1925,390,0.0001189858745123,0.0005873020729134,78,0,1
388,0,0,CADC0884,5,360,71,0.7524499718309859,0.0538473464363372,0.2320503101405754,-1.4863956295597196,-0.0754196663803256,1,1,1,7,22,0.0004796850413428,0.0001137285695694,1950,355,0.0001495759623231,0.0007584133300892,71,0,0
389,0,1,CADC0884,5,380,77,0.7615751558441558,0.0522426239448848,0.2285664541110195,-1.4492604943972132,0.0222358033462596,1,1,1,16,24,0.0003931637405803,0.0001042976616355,1900,385,0.0001374805893286,0.0006784756356478,77,0,1
390,0,1,CADC0884,5,420,85,0.7221493176470588,0.0358803016501226,0.1894209641252061,-1.4619996474943264,0.2329188492340924,2,1,1,19,30,0.0002467898277239,0.0001030787428988,2100,425,8.542928964314913e-05,0.0004221211958837,85,0,1
391,0,1,CADC0884,5,370,75,0.7288632133333334,0.0324410617215811,0.1801140242223829,-1.3990693712584097,0.0681016718155672,1,1,1,11,26,0.0002522320726515,4.505256034302865e-05,1850,375,8.767854519346258e-05,0.000432547489621,75,0,1
392,0,1,CADC0884,5,355,72,0.7289035555555555,0.0383841566365524,0.1959187500892971,-1.4976654428771343,0.0510325565181207,1,1,1,15,26,0.0003354302613239,9.684163184571409e-05,1775,360,0.0001081243848916,0.0005331132866187,72,0,1
393,0,1,CADC0884,5,370,75,0.7082918399999999,0.0353694086045343,0.1880675639352368,-1.4501455093256477,0.0937045632194515,1,1,1,15,25,0.0002900018374667,8.144546527453559e-05,1850,375,9.559299622847132e-05,0.0004715921147271,75,0,1
394,0,1,CADC0884,5,410,83,0.6842630843373494,0.046928928675282,0.216630858086474,-1.3536793781696044,0.0829242900579645,1,1,1,9,25,0.0002966200462207,4.123747646364852e-05,2050,415,0.000114460801647,0.0005654087792202,83,0,1
395,0,0,CADC0884,5,385,78,0.659582,0.0711110305661795,0.2666665156448771,-1.4787554255681357,-0.0489306457470191,1,1,1,10,27,0.0004992054403653,9.429366126315788e-05,1925,390,0.0001847039754965,0.0009116798790535,78,0,0
396,0,1,CADC0884,5,400,81,0.6537262592592592,0.0653911176676735,0.2557168701272435,-1.4316535577213736,0.0368902172236543,1,1,1,13,29,0.0004301237437423,7.9670475904182e-05,2000,405,0.0001634777941691,0.0008072977489836,81,0,1
397,0,0,CADC0884,5,410,83,0.6512172530120482,0.0496801089049119,0.2228903517537533,-1.4078716563103135,0.1547513969077434,1,1,1,17,26,0.0003272033308056,7.31920315842098e-05,2050,415,0.000121170997329,0.0005985555289748,83,0,0
398,0,1,CADC0884,5,390,79,0.6617712658227848,0.0554611592734609,0.2355019305089896,-1.513227986916391,0.064370503027142,1,1,1,10,26,0.0003894278369594,7.787275441288625e-05,1950,395,0.0001422081007011,0.0007020399908033,79,0,1
399,0,1,CADC0884,5,415,84,0.6665397619047619,0.0478134430227766,0.2186628524070255,-1.452361685073876,0.1509464266058956,1,1,1,19,30,0.0003108578978557,7.666021134220684e-05,2075,420,0.0001152131157175,0.000569207655033,84,0,1
400,0,1,CADC0884,5,400,81,0.6735073086419754,0.0439248961191269,0.2095826713235781,-1.4956732701777244,0.1174425885421316,1,1,1,12,22,0.00029823457754,7.612989546931605e-05,2000,405,0.0001098122402978,0.0005422826681373,81,0,1
401,0,1,CADC0884,5,420,85,0.6561139176470588,0.0665878981825697,0.2580463101510457,-1.3263800979788267,0.0441448371518981,1,1,1,10,30,0.0003976021560623,8.379354092611414e-05,2100,425,0.0001585426147204,0.0007833870374419,85,0,1
402,0,1,CADC0884,5,410,83,0.6200768072289158,0.105286575961023,0.324478929918451,-1.434496038898301,-0.0019549850241866,1,1,1,9,27,0.000630313614225,7.152998474074069e-05,2050,415,0.0002567965267342,0.0012685129633858,83,0,1
403,0,0,CADC0884,5,420,85,0.5966631764705883,0.1069603680199571,0.327047959816228,-1.4554809826762758,0.0869296680859507,1,1,1,9,27,0.000629179336835,8.785212461634484e-05,2100,425,0.0002546675429046,0.001258357270823,85,0,0
404,0,1,CADC0884,5,470,95,0.5679791894736842,0.1041420594230588,0.3227104885544609,-1.448538007907685,0.2260704487578738,1,1,1,11,30,0.0004993695931313,5.417213963232723e-05,2350,475,0.0002215788498362,0.0010962322044532,95,0,1
405,0,1,CADC0884,5,435,88,0.5860178522727272,0.1027609892387168,0.3205635494542647,-1.4254002022515593,0.1778951248925168,1,1,1,12,27,0.0005758903447356,6.924838912128199e-05,2175,440,0.0002362321591694,0.0011677385140763,88,0,1
406,0,0,CADC0884,5,415,84,0.635993238095238,0.1059274655758718,0.3254649990027681,-1.4902051918917674,0.0801643262609745,1,1,1,14,27,0.0006367964316934,6.77657915823914e-05,2075,420,0.0002552469050021,0.0012610412568556,84,0,0
407,0,1,CADC0884,5,420,85,0.6236049529411765,0.0928497842709154,0.3047126257162893,-1.430979181533028,0.1722525894999655,1,1,1,17,25,0.0005632126268201,8.099334141529969e-05,2100,425,0.0002210709149307,0.0010923504031872,85,0,1
408,0,1,CADC0884,5,430,87,0.6669478160919541,0.1013151320076903,0.318300380156371,-1.376501398040142,0.1678586299533774,1,1,1,18,31,0.0006038152626231,0.0001427084101029,2150,435,0.0002356165860643,0.0011645417472148,87,0,1
409,0,1,CADC0884,5,475,96,0.6521156458333333,0.138191632662187,0.3717413518324092,-1.4756566402458655,0.1907923963255202,1,1,1,15,30,0.0006716232959406,0.0001385879482694,2375,480,0.000290929752973,0.0014394961735644,96,0,1
410,0,0,CADC0884,5,425,86,0.6502747360465115,0.1473094162368086,0.3838090882676029,-1.4524084074348282,0.040448626747738,2,1,1,13,29,0.0008675798331117,0.0001549351444728,2125,430,0.0003466103911454,0.0017129001888001,86,0,0
411,0,1,CADC0884,5,470,95,0.5874935810526315,0.1537190572825882,0.3920702198364322,-1.4370423119077589,0.2035645405111199,1,1,1,8,28,0.0007312009433493,8.17934752120246e-05,2350,475,0.0003270618240055,0.0016180953398167,95,0,1
412,0,1,CADC0884,5,455,92,0.5975520869565218,0.1328251017719924,0.364451782506263,-1.4415979032476882,0.1760072361862223,1,1,1,15,32,0.0006814380487016,0.0001127742263611,2275,460,0.0002919233005977,0.0014437511062173,92,0,1
413,0,1,CADC0884,5,465,94,0.5350706468085107,0.1347357072171324,0.3670636282950579,-1.368829387604099,0.2937149916052211,1,1,1,14,26,0.0007193229305416,0.000219403506526,2325,470,0.0002897542090691,0.0014333585874163,94,0,1
414,0,1,CADC0884,5,475,96,0.5333816947916666,0.1609945255258098,0.4012412310889919,-1.4295716879152995,0.1862947459154798,1,1,1,9,27,0.0007575405887142,7.769318136356368e-05,2375,480,0.0003389358432122,0.0016770263075605,96,0,1
415,0,0,CADC0884,5,480,97,0.4914537226804124,0.1753690406712217,0.4187708689381602,-1.5059650271599396,0.1877522107311542,1,1,1,12,26,0.0008440116745118,0.0001129092263334,2400,485,0.000365352168065,0.0018079282543424,97,0,0
416,0,1,CADC0884,5,495,100,0.449637354,0.1764108934122352,0.4200129681476933,-1.467135224623707,0.3137465097094039,1,1,1,9,22,0.0008337793655789,0.0001059150089775,2475,500,0.000356385643257,0.0017641089341223,100,0,1
417,0,0,CADC0884,5,490,99,0.4471570801010101,0.1747720316832461,0.4180574502185628,-1.4468932758775337,0.3267407803121931,1,1,1,8,23,0.0008263695282028,6.136694816962263e-05,2450,495,0.00035667761568,0.0017653740574065,99,0,0
418,0,1,CADC0884,5,490,99,0.4669351535353535,0.1838170011392075,0.42873884958003,-1.4489820906706654,0.307561678301684,1,1,1,5,24,0.0008662809521671,6.760212884742277e-05,2450,495,0.0003751367370187,0.0018567373852445,99,0,1
419,0,1,CADC0884,5,495,100,0.4716769698999999,0.196929161827511,0.443767013000641,-1.4266258925226696,0.3715246081991266,1,1,1,9,22,0.000925774573309,8.992266533629604e-05,2475,500,0.0003978366905606,0.0019692916182751,100,0,1
420,0,0,CADC0884,5,475,96,0.4743670541666667,0.1909889482506041,0.4370228234893506,-1.4133037634159165,0.3967348103475012,1,1,1,10,19,0.0010333018484838,0.0002053343518056,2375,480,0.000402081996317,0.0019894682109437,96,0,0
421,0,0,CADC0884,5,505,102,0.4278868784313726,0.1542375275392923,0.3927308589088618,-1.247018505852078,0.5484232889709791,1,1,1,10,28,0.0008101584343062,9.971739811683797e-05,2525,510,0.0003054208466124,0.0015121326229342,102,0,0
422,0,1,CADC0884,5,440,89,0.3490531707865168,0.1093666442030768,0.3307062808642692,-1.3037147455190896,0.5799816198821022,1,1,1,7,13,0.0008389335397737,0.0002603554625517,2200,445,0.0002485605550069,0.0012288386989109,89,0,1
423,0,1,CADC0884,5,505,102,0.4296718519607844,0.1602042522995764,0.4002552339440128,-1.2863691299269338,0.5248651226614576,1,1,1,7,20,0.0008338576613519,0.0001657510444486,2525,510,0.0003172361431674,0.0015706299245056,102,0,1
424,0,1,CADC0884,5,475,96,0.4148689354166666,0.1710442761340272,0.4135749945705461,-1.3538737824337717,0.4920845669612822,1,1,1,9,25,0.000963595021927,0.0001402217611931,2375,480,0.0003600932129137,0.0017817112097294,96,0,1
425,0,1,CADC0884,5,530,107,0.3797218114953271,0.161322333397868,0.4016495156201088,-1.2272991677044724,0.5740419508240183,1,1,1,11,27,0.0007461280994051,9.431160539281288e-05,2650,535,0.000304381761128,0.0015076853588585,107,0,1
426,0,1,CADC0884,5,555,112,0.424426425,0.1779523273019288,0.4218439608456293,-1.407554856214682,0.4212499713099642,1,1,1,10,22,0.0007415282398735,0.0001983595428381,2775,560,0.0003206348239674,0.0015888600651957,112,0,1
427,0,0,CADC0884,5,630,127,0.4050869937007873,0.179558565408911,0.4237435137071847,-1.382291983000263,0.4799607171248217,2,1,1,12,26,0.0006046145791249,0.0001033443231121,3150,635,0.0002850135958871,0.0014138469717237,127,0,0
428,0,1,CADC0884,5,620,125,0.4091149991999999,0.1755871942880257,0.4190312569344031,-1.3942633050908444,0.4579629468153545,1,1,1,14,23,0.000609004834734,0.0001595103197808,3100,625,0.0002832051520774,0.0014046975543042,125,0,1
429,0,0,CADC0884,5,620,125,0.3903554564,0.1895567893296371,0.4353812000186011,-1.2078225776662312,0.6189020992756833,1,1,1,9,24,0.0006973034224355,9.97784237270324e-05,3100,625,0.0003057367569832,0.001516454314637,125,0,0
430,0,1,CADC0884,5,595,120,0.4113571160833333,0.1936385780831538,0.4400438365471715,-1.2281085807348036,0.5922767334982192,1,1,1,10,19,0.0007835742455446,0.000172967200643,2975,600,0.000325442988375,0.0016136548173596,120,0,1
431,0,1,CADC0884,5,695,140,0.4407520425714286,0.1973982503363817,0.4442952288021803,-1.201875315397058,0.6308205778536456,2,1,1,17,45,0.0006399098495255,0.0001454028161081,3475,700,0.0002840262594768,0.0014099875024027,140,0,1
432,0,1,CADC0884,5,665,134,0.4207552850746268,0.1501622470477654,0.3875077380488878,-1.3858350169757048,0.4484664773931038,2,1,1,20,40,0.0004610943688499,8.89774130646973e-05,3325,670,0.0002258078902973,0.0011206137839385,134,0,1
433,0,0,CADC0884,5,770,155,0.3567922406451613,0.1545165754947993,0.3930859645100538,-1.1685023796071896,0.644834554195536,1,1,1,7,12,0.0004452618361619,0.0002121067301163,3850,775,0.0002006708772659,0.0009968811322245,155,0,0
434,0,1,CADC0884,5,765,154,0.3276229948051948,0.144966080424059,0.3807441141029747,-1.1927363664358217,0.6581924479496735,1,1,1,14,21,0.0004126390823883,0.0001333368039605,3825,770,0.0001894981443451,0.0009413381845718,154,0,1
435,0,1,CADC0884,5,830,167,0.2264603606586826,0.0831689904182288,0.2883903438366632,-0.837962579803492,0.8699466863890988,2,1,1,12,27,0.0002216295246186,5.216978002557197e-05,4150,835,0.0001002036029135,0.0004980179066959,167,0,1
436,0,1,CADC0884,5,780,157,0.2387851687898089,0.0898548944775897,0.2997580599042997,-0.8497195012996839,0.8539007018330359,1,1,1,4,20,0.0002919221308696,0.0001594976816696,3900,785,0.0001151985826635,0.000572324168647,157,0,1
437,0,0,CADC0884,5,790,159,0.288015008490566,0.139294757541433,0.3732221289546388,-0.8710801697596495,0.8774773659439528,1,1,1,9,20,0.0004202780622952,0.0001126693806267,3950,795,0.0001763224779005,0.0008760676574932,159,0,0
438,0,1,CADC0884,5,810,163,0.2595784530674846,0.0662459968781287,0.2573829770558432,-1.2978124406800913,0.5784887613088646,2,1,1,16,32,0.0001713725958759,6.848408545782116e-05,4050,815,8.178518133102308e-05,0.0004064171587615,163,0,1
439,0,1,CADC0884,5,860,173,0.2827022401734104,0.0865858591608411,0.2942547521465731,-1.2411028591953115,0.6616351810580091,1,1,1,31,47,0.0002093609788434,5.921448451010242e-05,4300,865,0.0001006812315823,0.0005004962957274,173,0,1
440,0,0,CADC0884,5,715,144,0.351028160625,0.1746382421458679,0.4178974062444848,-1.0954339063414895,0.7471798121176594,1,1,1,13,24,0.0005709533219439,0.0001348944042712,3575,720,0.0002442492897145,0.0012127655704574,144,0,0
441,0,1,CADC0884,5,805,162,0.2871934913580247,0.1217650626298453,0.3489485099980302,-1.1905116097809394,0.7031303142338738,1,1,1,13,24,0.0003095395772001,4.9311143499375e-05,4025,810,0.0001512609473662,0.0007516361890731,162,0,1
442,0,1,CADC0884,5,825,166,0.2730763031325302,0.1028174698240784,0.3206516331224253,-1.2632163472202456,0.6439808293008952,1,1,1,10,26,0.000249485465074,6.76796832106975e-05,4125,830,0.0001246272361503,0.0006193823483378,166,0,1
663,0,1,CADC0884,5,100,21,0.1168927809523809,0.009241068342772,0.0961304756191917,-1.3230431912155085,0.3144424690470823,1,1,1,2,2,0.000954992673184,0.0001805950221242,500,105,9.241068342772016e-05,0.0004400508734653,21,0,1
664,0,1,CADC0884,5,80,17,0.07038959,0.0030734580959394,0.0554387779080625,-1.4963336828024765,0.1070411332894845,1,1,1,1,0,0.0004504217925652,7.823976702163827e-05,400,85,3.841822619924354e-05,0.0001807916527023,17,0,1
665,0,1,CADC0884,5,95,20,0.1319119925,0.011402380691634,0.1067819305483566,-1.499344081314009,0.0878051009790094,1,1,1,1,3,0.0012852400142249,0.0003812763579519,475,100,0.0001200250599119,0.0005701190345817,20,0,1
666,0,1,CADC0884,5,80,17,0.0984928723529411,0.0066595551774207,0.0816060976730336,-1.4634028491371067,0.2309265874058827,1,1,1,1,2,0.0010049508349512,0.0001594181953152,400,85,8.324443971775875e-05,0.0003917385398482,17,0,1
667,0,1,CADC0884,5,90,19,0.1790542315789473,0.0215718809633442,0.1468736905076748,-1.451805969093959,0.2283497596132528,1,1,1,1,3,0.0026261481335466,0.0004843730677391,450,95,0.0002396875662593,0.0011353621559654,19,0,1
668,0,1,CADC0884,5,90,19,0.1148118589473684,0.0115683149845195,0.1075561015680635,-1.3740195903407717,0.4093582205143964,1,1,1,1,1,0.001490024989516,0.0002552497986874,450,95,0.0001285368331613,0.0006088586833957,19,0,1
669,0,1,CADC0884,5,90,19,0.1847203694736842,0.0242856832452982,0.1558386449033045,-1.438672496028029,0.2974889023826974,1,1,1,1,3,0.0030107964893607,0.0005563199859329,450,95,0.0002698409249477,0.0012781938550156,19,0,1
670,0,0,CADC0884,5,85,18,0.1063110177777777,0.0080746240146824,0.0898589117154358,-1.4521293854823936,0.2457592332391909,1,1,1,1,2,0.0010855954142581,0.0001794627030817,425,90,9.499557664332338e-05,0.0004485902230379,18,0,0
671,0,0,CADC0884,5,95,20,0.1707943725,0.0243482222273303,0.1560391688882325,-1.3922791487085822,0.369109285445823,1,1,1,1,3,0.0028528674826523,0.0006028584416591,475,100,0.0002562970760771,0.0012174111113665,20,0,0
672,0,1,CADC0884,5,80,17,0.10545019,0.0084955330312456,0.0921712158498823,-1.4239543101083303,0.328283400219009,1,1,1,1,1,0.0013120904033714,0.0002442742741807,400,85,0.0001061941628905,0.000499737237132,17,0,1
673,0,1,CADC0884,5,95,20,0.1502838775,0.0197075761680326,0.1403836748629719,-1.3484253080095256,0.4300911972160386,1,1,1,1,3,0.0023505777651576,0.0005141937691202,475,100,0.0002074481701898,0.0009853788084016,20,0,1
674,0,1,CADC0884,5,80,17,0.0840211676470588,0.006161467043163,0.0784950128553593,-1.0419195627016131,0.5640934624631958,1,1,1,1,1,0.001122786937597,0.0004320153114869,400,85,7.701833803953786e-05,0.0003624392378331,17,0,1
675,0,1,CADC0884,5,105,22,0.1229334918181818,0.0168607414474235,0.1298489177753268,-1.1945495818382112,0.6158300519669855,1,1,1,1,3,0.0018936190534806,0.0004637719451595,525,110,0.0001605784899754,0.0007663973385192,22,0,1
676,0,1,CADC0884,5,80,17,0.1515742305882353,0.0165239873530839,0.128545662521471,-1.3275826823290997,0.3088151142052276,1,1,1,1,1,0.0026336945934588,0.0007531361758007,400,85,0.0002065498419135,0.0009719992560637,17,0,1
677,0,1,CADC0884,5,95,20,0.1633515225,0.0162235945688331,0.1273718751091979,-1.4057771016676357,0.251176397776248,1,1,1,1,3,0.0017822099168711,0.0003512402123184,475,100,0.0001707746796719,0.0008111797284416,20,0,1
678,0,0,CADC0884,5,80,17,0.14821885,0.01756543147182,0.1325346425347728,-1.4219019963092507,0.3412609354481151,1,1,1,1,3,0.0028026753456911,0.0007032129732329,400,85,0.0002195678933977,0.0010332606748129,17,0,0
679,0,0,CADC0884,5,95,20,0.1108946775,0.0081934224536696,0.0905175256713837,-1.3844300309909072,0.2697228743838545,1,1,1,2,3,0.0009598757333313,0.0003368555499339,475,100,8.624655214389072e-05,0.0004096711226834,20,0,0
680,0,0,CADC0884,5,85,18,0.1345641777777778,0.0162066887096528,0.1273054936350071,-1.425679930270598,0.3829013986296159,1,1,1,1,2,0.0023623925340164,0.0005548475492137,425,90,0.0001906669259959,0.0009003715949807,18,0,0
681,0,1,CADC0884,5,90,19,0.0876084752631579,0.0055393656991388,0.0744269151526435,-1.428606809576743,0.2350523064793931,1,1,1,1,3,0.0007113893324691,0.0001891832064962,450,95,6.154850776820894e-05,0.0002915455631125,19,0,1
682,0,0,CADC0884,5,90,19,0.1369416489473684,0.0201188822207861,0.1418410456136945,-1.3137748866122767,0.5180703208325831,1,1,1,1,2,0.0028539946301086,0.0006995086875404,450,95,0.0002235431357865,0.0010588885379361,19,0,0
683,0,0,CADC0884,5,95,20,0.134525826,0.0223873521195142,0.1496240359017034,-1.2151727307339997,0.6377275515249441,1,1,1,1,3,0.0031062551568133,0.0007308980530852,475,100,0.0002356563381001,0.0011193676059757,20,0,0
684,0,1,CADC0884,5,90,19,0.0547909594736842,0.0046373704770293,0.0680982413651729,-1.0334126578323792,0.773721883583295,1,1,1,1,4,0.0009225295629868,0.0005885540480385,450,95,5.1526338633659465e-05,0.0002440721303699,19,0,1
685,0,1,CADC0884,5,100,21,0.1145533642857142,0.0188956538389216,0.1374614631048341,-1.055320811114492,0.7472968519217124,1,1,1,1,5,0.0026334640428332,0.0007222145384144,500,105,0.0001889565383892,0.0008997930399486,21,0,1
686,0,1,CADC0884,5,85,18,0.0632358777777777,0.0056696296605517,0.0752969432351123,-1.1331493867029998,0.6988618229980129,1,1,1,1,4,0.0010797675786117,0.0004518279664,425,90,6.670152541825563e-05,0.0003149794255862,18,0,1
687,0,1,CADC0884,5,95,20,0.0979715799999999,0.0130205681617065,0.1141077042171412,-1.1420160988822945,0.6925658461895986,1,1,1,1,3,0.0019238948607789,0.0005491647897155,475,100,0.0001370586122284,0.0006510284080853,20,0,1
688,0,1,CADC0884,5,90,19,0.0720526694736842,0.0076334677038407,0.0873697184603497,-1.1866775197287458,0.6921113546387975,1,1,1,1,2,0.0013595284236124,0.0005780394124257,450,95,8.481630782045306e-05,0.0004017614580968,19,0,1
689,0,1,CADC0884,5,95,20,0.0692449899999999,0.0069167200679558,0.083166820715691,-1.0885508734627822,0.7337334399604308,1,1,1,1,3,0.0010738269846589,0.0003249795718577,475,100,7.280757966269367e-05,0.0003458360033977,20,0,1
690,0,1,CADC0884,5,95,20,0.08765615,0.0101108266089704,0.1005526061769186,-1.2110014581419264,0.649563479504532,1,1,1,1,2,0.0014568744775136,0.0003840068104177,475,100,0.0001064297537786,0.0005055413304485,20,0,1
691,0,1,CADC0884,5,90,19,0.0467724789473684,0.0033629387767111,0.0579908508017526,-1.0432737998129482,0.7595564802079445,1,1,2,1,3,0.0006261040437533,0.0003026843130176,450,95,3.736598640790152e-05,0.0001769967777216,19,0,1
692,0,1,CADC0884,5,110,23,0.0853756839130434,0.0118107305927809,0.1086771852450223,-0.9734189721366832,0.8231195539161542,1,1,1,1,2,0.0015011370073755,0.0003686037923661,550,115,0.0001073702781161,0.000513510025773,23,0,1
693,0,1,CADC0884,5,90,19,0.1872384210526315,0.0265098494727153,0.1628184555654405,-1.3607477947008288,0.3648287826218225,1,1,1,1,4,0.0035625870355466,0.0009451597805932,450,95,0.0002945538830301,0.001395255235406,19,0,1
694,0,1,CADC0884,5,95,20,0.157274121,0.0141845198734243,0.1190987819980724,-1.3224742045155502,0.203131140675529,1,1,1,2,3,0.0016594627974844,0.0002881334541455,475,100,0.0001493107355097,0.0007092259936712,20,0,1
695,0,1,CADC0884,5,95,20,0.180937716,0.0297988571290908,0.1726234547478727,-1.3328678676077648,0.4948638301759134,1,1,1,1,2,0.0037428252266697,0.0007003423756779,475,100,0.0003136721803062,0.0014899428564545,20,0,1
696,0,1,CADC0884,5,95,20,0.1226054324999999,0.009296567800017,0.096418710839842,-1.4252305496396849,0.1582748243330353,1,1,1,1,3,0.0011069095792544,0.0002994287021911,475,100,9.78586084212323e-05,0.0004648283900008,20,0,1
697,0,1,CADC0884,5,105,22,0.1776535195454545,0.0368018409393677,0.1918380591524209,-1.219881548679153,0.6288301052974299,1,1,1,1,2,0.0041520777253868,0.0007700822641727,525,110,0.000350493723232,0.0016728109517894,22,0,1
698,0,1,CADC0884,5,95,20,0.0980212299999999,0.010056660645169,0.1002829030551524,-1.3417164374791453,0.5356586549746276,1,1,1,1,5,0.0014172914151126,0.0005745739857177,475,100,0.0001058595857386,0.0005028330322584,20,0,1
699,0,1,CADC0884,5,100,21,0.1597783723809523,0.0295186238025004,0.1718098478041942,-1.3174549379046498,0.5654367752243403,1,1,1,1,2,0.0035880325252226,0.0007661640211171,500,105,0.000295186238025,0.0014056487525,21,0,1
700,0,1,CADC0884,5,100,21,0.0762299919047619,0.0075357546567698,0.0868087245429276,-1.0824928697336385,0.7013831137431146,1,1,1,2,4,0.0010471811376521,0.0004244431264808,500,105,7.53575465676988e-05,0.0003588454598461,21,0,1
701,0,0,CADC0884,5,105,22,0.1430844113636363,0.0257721465234345,0.160537056542826,-1.2213038677229997,0.6408159340770039,1,1,1,1,3,0.003005103029644,0.0006838521084612,525,110,0.0002454490145089,0.0011714612056106,22,0,0
702,0,1,CADC0884,5,235,48,0.3960890583333333,0.2656468799013653,0.5154094293873225,-0.6143434735374806,0.945245252483616,1,1,1,1,3,0.0086306964346382,0.0015018559941826,1175,240,0.0011304122548994,0.0055343099979451,48,0,1
703,0,1,CADC0884,5,260,53,0.3411487150943396,0.2178594974125665,0.4667542152059974,-0.607313312561192,0.9924923581156704,1,1,1,1,5,0.0059437602275357,0.0004268550012623,1300,265,0.0008379211438944,0.004110556554954,53,0,1
704,0,1,CADC0884,5,215,44,0.4034416681818182,0.2171431671982399,0.4659862306959723,-1.171033913221467,0.6621060867832488,1,1,1,1,2,0.0064929279903069,0.0004543238669333,1075,220,0.0010099682195266,0.0049350719817781,44,0,1
705,0,1,CADC0884,5,285,58,0.291112024137931,0.1768299170099977,0.420511494504012,-0.4705702734084021,1.0810090855367505,1,1,1,1,5,0.0044476273866175,0.0003165406950785,1425,290,0.0006204558491578,0.0030487916725861,58,0,1
706,0,0,CADC0884,5,235,48,0.3646000854166666,0.210240076773302,0.4585194399077339,-0.933113717801132,0.8228496147964454,1,1,1,1,5,0.0060054390851127,0.000419889802163,1175,240,0.0008946386245672,0.0043800015994437,48,0,0
707,0,0,CADC0884,5,230,47,0.3675694595744681,0.1978262191096283,0.4447765946063578,-1.0899430813092403,0.7363922926261869,1,1,1,1,6,0.0055209668058199,0.0004222749966879,1150,235,0.0008601139961288,0.0042090684916942,47,0,0
708,0,0,CADC0884,5,235,48,0.3916363708333333,0.228348303164555,0.4778580366223373,-1.0532581738940905,0.7512992928948307,1,1,1,1,4,0.0062911867522655,0.0006675813185704,1175,240,0.0009716949070832,0.0047572563159282,48,0,0
709,0,1,CADC0884,5,215,44,0.3820132272727273,0.2263212228510434,0.4757323016687467,-0.9138095075313726,0.8173726123916272,1,1,1,1,2,0.0076372098246967,0.0006536629120495,1075,220,0.0010526568504699,0.0051436641557055,44,0,1
710,0,0,CADC0884,5,255,52,0.3610474111538462,0.2533967333804856,0.5033852733051352,-0.3400390703074749,1.078595681776832,1,1,1,2,3,0.0080777048073614,0.0017500921793822,1275,260,0.0009937126799234,0.0048730141034708,52,0,0
810,0,1,CADC0886,5,185,38,0.1997921486842105,0.0683150389543133,0.2613714578034742,-0.8451339579083172,0.8944295994061472,1,1,1,1,7,0.0034314381120829,0.0005044911946467,925,190,0.0003692704808341,0.0017977641830082,38,0,1
811,0,1,CADC0886,5,185,38,0.1903433994736842,0.0591565709848918,0.2432212387619384,-0.9692856299249328,0.8339029927699223,1,1,1,1,7,0.0028372594652464,0.0003763090923569,925,190,0.0003197652485669,0.0015567518680234,38,0,1
812,0,1,CADC0886,5,190,39,0.181772452051282,0.053118079584512,0.2304735984543826,-1.023245504581986,0.8074755431783289,1,1,1,1,8,0.0024318301493477,0.0003896352867096,950,195,0.0002795688399184,0.0013620020406285,39,0,1
813,0,0,CADC0886,5,165,34,0.1988568714705882,0.0487589140693967,0.2208142071276138,-1.326581358095032,0.5742019789064375,1,1,1,1,6,0.0024254416203949,0.0003414980405214,825,170,0.0002955085701175,0.0014340857079234,34,0,0
814,0,0,CADC0886,5,160,33,0.1672822669696969,0.0421034921090443,0.2051913548594197,-1.0664891913238466,0.7704376128578613,1,1,1,1,7,0.0024957513244528,0.0004806085835523,800,165,0.0002631468256815,0.0012758633972437,33,0,0
815,0,1,CADC0886,5,185,38,0.1464461455263158,0.0376428367284036,0.1940176196338972,-0.7705913741234642,0.936349735601098,1,1,1,2,7,0.0019899588837716,0.0005244968900298,925,190,0.0002034747931265,0.0009906009665369,38,0,1
816,0,1,CADC0886,5,180,37,0.1525604667567567,0.0334283480978172,0.1828342093204037,-1.0015079223722434,0.8001327753048108,1,1,1,2,6,0.0016065694306539,0.000267611026376,900,185,0.0001857130449878,0.0009034688675085,37,0,1
817,1,0,CADC0886,5,175,36,0.2048790297222222,0.0143025320684752,0.1195931940725526,-1.038821291345387,-0.4581231553042595,3,1,1,4,5,0.0011978455971786,0.0003605443282318,875,180,8.17287546770014e-05,0.0003972925574576,36,1,0
818,1,1,CADC0886,5,195,15,0.148468412,0.0103372666010771,0.1016723492453929,-1.5366964779858847,-0.117785994334754,1,1,1,1,2,0.0032325992288362,0.0069414157385772,17225,75,5.301162359526742e-05,0.0006891511067384,15,1,1
819,1,1,CADC0886,5,175,36,0.2130439724999999,0.0158583479008594,0.125929932505578,-1.0462057386524093,-0.4008217004120396,3,1,1,3,4,0.0014491724002785,0.0004210890789952,875,180,9.061913086205396e-05,0.0004405096639127,36,1,1
820,0,0,CADC0886,5,140,29,0.1938879889655172,0.0568133997163594,0.2383556160789156,-1.1412264520708688,0.7450874864957923,1,1,1,1,5,0.0043762710028824,0.0008277023454082,700,145,0.0004058099979739,0.0019590827488399,29,0,0
1037,0,1,CADC0888,5,60,13,0.8976729230769231,0.022387321510994,0.1496239336168986,-1.1098361596452688,-0.202733321035767,1,1,1,1,0,0.0046548934208333,0.0011078188101983,300,65,0.0003731220251832,0.0017221016546918,13,0,1
1038,0,0,CADC0888,5,55,12,0.8496995833333333,0.017189276173743,0.1311078799071324,-1.299567186066868,-0.1693939380794279,1,1,1,1,0,0.0043176052125619,0.0008516751350099,275,60,0.000312532294068,0.0014324396811452,12,0,0
1039,0,0,CADC0888,5,65,14,0.9476140714285716,0.0191368534369234,0.138336016412659,-1.3146967052891123,-0.1038680040594519,1,1,1,1,3,0.0034678823868402,0.0007923253393055,325,70,0.0002944131297988,0.0013669181026373,14,0,0
1040,0,1,CADC0888,5,55,12,0.9664915,0.0194707715027499,0.139537706383436,-1.111263743182724,-0.167657370189718,1,1,1,1,1,0.005093624340628,0.0010791100427599,275,60,0.0003540140273227,0.0016225642918958,12,0,1
1041,0,0,CADC0888,5,60,13,0.8213746153846153,0.0155498558560828,0.1246990611676079,-1.4146548461868564,0.1991009791075331,1,1,1,1,0,0.004020213857743,0.001050684892628,300,65,0.000259164264268,0.0011961427581602,13,0,0
1042,0,1,CADC0888,5,55,12,0.8917526666666667,0.0186988001418888,0.1367435561256503,-0.9418857335461857,-0.4270230396374967,1,1,1,2,1,0.0040131733104462,0.00093609763776,275,60,0.0003399781843979,0.0015582333451574,12,0,1
1043,1,1,CADC0888,5,60,13,0.9524663076923076,0.0373211152255976,0.193186736671019,0.8356358588804493,-1.0134174028900902,1,1,1,0,0,0.035049922363743,0.0810645998258677,300,65,0.0006220185870932,0.0028708550173536,13,1,1
1044,0,1,CADC0888,5,60,13,0.868927076923077,0.020104271356994,0.1417895319020204,-1.1579730584716224,-0.1242904323880598,1,1,1,1,0,0.0043062590259722,0.0012775047612396,300,65,0.0003350711892832,0.0015464824120764,13,0,1
1045,0,1,CADC0888,5,55,12,0.83385375,0.0159704717310208,0.1263743317727964,-1.3710861700874857,0.0484868799972726,1,1,1,1,0,0.0046505472905454,0.0009803238562499,275,60,0.0002903722132912,0.0013308726442517,12,0,1
1046,0,1,CADC0888,5,55,12,0.96039025,0.0216585282896874,0.1471683671503068,-1.0921974210118,-0.3199158805117579,1,1,1,1,0,0.004652070378595,0.0010001989792399,275,60,0.0003937914234488,0.0018048773574739,12,0,1
1047,0,0,CADC0888,5,60,13,0.9410657692307692,0.0186435395257159,0.1365413473117794,-1.061428531919133,-0.1599029019734719,1,1,1,1,0,0.0042451993613888,0.0011607082324297,300,65,0.0003107256587619,0.001434118425055,13,0,0
1048,0,1,CADC0888,5,55,12,0.8337529166666667,0.017518482601743,0.1323574047862191,-1.3706051120232887,0.0610853815564616,1,1,1,1,0,0.00507161485,0.00133541345505,275,60,0.0003185178654862,0.0014598735501452,12,0,1
1049,0,1,CADC0888,5,60,13,0.8660702307692307,0.0206665231829467,0.1437585586424222,-1.0541311312175647,-0.317436049523284,1,1,1,1,1,0.0040137597114097,0.0010660025093388,300,65,0.0003444420530491,0.0015897325525343,13,0,1
1050,0,1,CADC0888,5,55,12,0.9714616666666668,0.0136189704282222,0.1167003445934168,-1.3628537033298391,0.0242915854819966,1,1,1,1,1,0.0040214563970909,0.0008816312738099,275,60,0.0002476176441494,0.0011349142023518,12,0,1
1051,0,1,CADC0888,5,55,12,0.8766851666666667,0.0201676092701388,0.1420127081290223,-1.0556589407830772,-0.2278818721720104,1,1,1,1,1,0.004955360634595,0.0010951289953999,275,60,0.0003666838049116,0.0016806341058449,12,0,1
1052,0,1,CADC0888,5,55,12,0.8155344999999999,0.0150769084825833,0.1227880632740142,-1.35853717289959,-0.0154239104664138,1,1,1,1,0,0.0041139144025454,0.00105291190689,275,60,0.0002741256087742,0.0012564090402152,12,0,1
1053,0,0,CADC0888,5,60,13,0.9226774615384616,0.0157109001005562,0.1253431294509444,-1.112320446732021,-0.2602978296836035,1,1,1,1,2,0.0032171156665763,0.000686165583719,300,65,0.0002618483350092,0.0012085307769658,13,0,0
1054,0,0,CADC0888,5,50,11,0.9538949090909092,0.0139307185099008,0.1180284648290437,-1.089618185769936,-0.2479774479957626,1,1,1,1,0,0.00441200166624,0.0008242418415555,250,55,0.000278614370198,0.0012664289554455,11,0,0
1055,0,1,CADC0888,5,60,13,0.8081007692307692,0.014646784974639,0.121023902493016,-1.317339334886195,0.1713395336342686,1,1,1,1,0,0.0037434121160763,0.0010811491468099,300,65,0.0002441130829106,0.0011266757672799,13,0,1
1056,0,1,CADC0888,5,55,12,0.8689222500000001,0.0145220511075208,0.12050747324345,-0.7975821016135871,-0.4149965612207168,1,1,1,2,1,0.0039106517371404,0.00199261655669,275,60,0.000264037292864,0.0012101709256267,12,0,1
1057,1,1,CADC0888,5,60,13,0.9324502307692306,0.0189435053440236,0.1376354073050378,-0.758602169817812,-0.2751094935546195,1,1,1,1,2,0.0110157297148055,0.0226070197899008,300,65,0.000315725089067,0.001457192718771,13,1,1
1058,0,0,CADC0888,5,50,11,1.0887557272727273,0.0170292898589256,0.1304963212467141,-1.007190406887054,0.026418660192134,1,1,1,1,0,0.00563579680656,0.0033047740995802,250,55,0.0003405857971785,0.0015481172599023,11,0,0
1059,0,1,CADC0888,5,40,9,1.0045879999999998,0.0118843455293333,0.1090153453846445,-1.2604740653712243,-0.1138306055012216,1,1,1,1,0,0.00570080464325,0.0016457609368163,200,45,0.0002971086382333,0.0013204828365925,9,0,1
1060,0,1,CADC0888,5,45,10,1.0367624000000002,0.0170256229156399,0.130482270503084,-1.0779406929286586,-0.33469227197183,1,1,1,1,0,0.0051398299788395,0.00169464598725,225,50,0.0003783471759031,0.0017025622915639,10,0,1
1061,0,1,CADC0888,5,40,9,1.118631777777778,0.0114306615246172,0.1069142718472014,-1.4629067992819371,0.0745075002378667,1,1,1,1,0,0.0062066513915,0.0017647825733469,200,45,0.0002857665381154,0.0012700735027352,9,0,1
1062,0,1,CADC0888,5,45,10,1.013468,0.0158932020475999,0.1260682436127354,-1.1186436056824556,-0.020306149092795,1,1,1,1,0,0.0065994919775555,0.0026358154681093,225,50,0.0003531822677244,0.0015893202047599,10,0,1
1063,0,1,CADC0888,5,45,10,0.9567311,0.0133929049582899,0.1157277190576656,-1.2616981835018055,-0.1274217197918401,1,1,1,1,0,0.0050500958125432,0.0020544291871874,225,50,0.0002976201101842,0.0013392904958289,10,0,1
1064,0,1,CADC0888,5,40,9,1.0731996666666666,0.014591524416,0.1207953824283031,-1.196258189794985,-0.2416001856800854,1,1,1,1,0,0.0061260842324843,0.0016426706801224,200,45,0.0003647881104,0.0016212804906666,9,0,1
1065,0,1,CADC0888,5,45,10,1.0442563,0.0178830484642099,0.1337275157333373,-1.1037120033668288,-0.0807023208525202,1,1,1,1,0,0.0070786993517777,0.0026474190116093,225,50,0.0003974010769824,0.0017883048464209,10,0,1
1066,0,0,CADC0888,5,45,10,0.9122729,0.01454859251989,0.1206175464842905,-1.389411683940362,0.1248847442827984,1,1,1,1,0,0.0059572234413333,0.0025731622356875,225,50,0.0003233020559975,0.001454859251989,10,0,0
1067,0,1,CADC0888,5,40,9,0.978837111111111,0.0125970823249876,0.1122367244933121,-1.0816306025741902,-0.2476783514536581,1,1,1,1,0,0.0061711838869999,0.0016088065587755,200,45,0.0003149270581246,0.0013996758138875,9,0,1
1068,1,0,CADC0888,5,45,10,0.9779263,0.05910461327781,0.2431144036823199,1.5923949521833831,-1.42320577198881,1,1,1,1,1,0.0998786908990617,0.3033985781066877,225,50,0.001313435850618,0.005910461327781,10,1,0
1069,0,1,CADC0888,5,35,8,0.972293875,0.0148955883038593,0.1220474838079809,-1.0681684635962327,-0.3144547533797159,1,1,1,0,0,0.0082323458906938,0.002244967256,175,40,0.0004255882372531,0.0018619485379824,8,0,1
1070,0,1,CADC0888,5,45,10,0.8818774999999999,0.0143834882156499,0.1199311811650748,-1.3985029850573367,0.1533411823803957,1,1,1,1,0,0.0059925648548395,0.0025366043089843,225,50,0.0003196330714588,0.0014383488215649,10,0,1
1071,0,1,CADC0888,5,40,9,1.0130757777777777,0.0192648770197283,0.1387979719582688,-1.14817442716746,-0.25925870703505,1,1,1,1,0,0.0074201028029999,0.0024296411750612,200,45,0.0004816219254932,0.0021405418910809,9,0,1
1072,0,0,CADC0888,5,45,10,0.9991931,0.0187221801310899,0.1368290178693467,-1.1140888504816122,-0.0939144232406851,1,1,1,1,0,0.0075068947017777,0.0032795445771874,225,50,0.0004160484473575,0.0018722180131089,10,0,0
1073,0,1,CADC0888,5,45,10,0.8680878,0.0184029410059599,0.1356574399211484,-1.360061827358237,0.0336618372567793,1,1,1,1,0,0.0069513282677777,0.0027096359579374,225,50,0.0004089542445768,0.0018402941005959,10,0,1
1074,0,1,CADC0888,5,35,8,0.9444215,0.0145712773045,0.1207115458624402,-0.8988221851344069,-0.4589645171220166,1,1,1,1,0,0.0076958297701224,0.0018274571863333,175,40,0.0004163222087,0.0018214096630625,8,0,1
1075,0,1,CADC0888,5,45,10,1.0012655,0.0163187760356499,0.127744964815252,-1.4432474947342382,0.1821682283890657,1,1,1,1,0,0.0072255501958765,0.0026782593839843,225,50,0.0003626394674588,0.0016318776035649,10,0,1
1076,0,1,CADC0888,5,40,9,0.9267726666666668,0.0184071885824444,0.1356730945414176,-1.0715811352250944,-0.1602610669220878,1,1,1,1,0,0.0088860643736093,0.003053433397102,200,45,0.0004601797145611,0.0020452431758271,9,0,1
1077,0,1,CADC0888,5,45,10,0.8363494000000001,0.0152128764120399,0.1233404897510951,-1.4265556689376369,0.1150554613312731,1,1,1,1,0,0.0063975469548395,0.0028620683449374,225,50,0.0003380639202675,0.0015212876412039,10,0,1
1078,0,1,CADC0888,5,40,9,0.974631,0.0145524968224444,0.1206337300361903,-1.2073702416166705,-0.2266568249351691,1,1,1,1,0,0.0064071060661875,0.0022185119450612,200,45,0.0003638124205611,0.0016169440913827,9,0,1
1079,0,0,CADC0888,5,45,10,0.9651579,0.0188225773700899,0.1371953985018812,-1.1749215903849235,-0.0635239832282414,1,1,1,1,0,0.0071680774200246,0.0029765796076874,225,50,0.0004182794971131,0.0018822577370089,10,0,0
1080,1,1,CADC0888,5,361,73,0.4740980078082192,0.1801964922911667,0.4244955739358972,-1.43383027249795,0.2529213295848852,2,1,1,2,5,0.0075728576342823,0.0119291437593097,1839,365,0.0004991592584242,0.0024684450998789,73,1,1
1081,0,1,CADC0888,5,316,64,0.3421344171875,0.1642113655900992,0.4052300156578967,-1.138856592207267,0.6914519954676541,1,1,1,3,12,0.0025394207238885,0.0004019521637958,1614,320,0.0005196562202218,0.0025658025873453,64,0,1
1082,0,1,CADC0888,5,295,60,0.3731634933333333,0.1471476394072192,0.3835982786812517,-1.397937924019021,0.4544319192997313,1,1,1,3,12,0.0021545117242155,0.0004452601056717,1501,300,0.0004988055573126,0.0024524606567869,60,0,1
1083,0,1,CADC0888,5,291,59,0.4051102050847457,0.1876646859310466,0.433202823087577,-1.268383826389047,0.5569083457092124,1,1,1,2,14,0.002878541629082,0.0002347356380592,1487,295,0.0006448958279417,0.0031807573886618,59,0,1
1084,0,1,CADC0888,5,270,55,0.3680605152727273,0.1661331825913658,0.4075943848869435,-1.2100215984885372,0.6212671510549385,1,1,1,5,11,0.0032472434526768,0.0009218711443491,1350,275,0.0006153080836717,0.003020603319843,55,0,1
1085,0,0,CADC0888,5,286,58,0.3568994344827586,0.1619078461307059,0.4023777406004288,-1.1485057040947984,0.6760827549235792,1,1,1,2,13,0.0028549847895824,0.0004084862392739,1436,290,0.0005661113501073,0.0027915145884604,58,0,0
1086,0,1,CADC0888,5,301,61,0.390390850819672,0.1861759871735316,0.4314811550618771,-0.8875881863538826,0.8263757053006494,1,1,1,4,12,0.0033797830066898,0.0006652990420838,1511,305,0.0006185248743306,0.0030520653635005,61,0,1
1087,1,1,CADC0888,5,290,49,0.206582197755102,0.0600573847136843,0.2450660823404258,0.8904942499655539,1.3900337558749554,2,1,1,1,2,0.0195292927092198,0.0620299476401521,4200,245,0.0002070944300471,0.0012256609125241,49,1,1
1088,0,1,CADC0888,5,235,48,0.3329046997916666,0.1684667684026383,0.4104470348323134,-1.0493543363412146,0.7627432361227421,1,1,1,2,9,0.0048351230270391,0.0007989089318284,1175,240,0.0007168798655431,0.0035097243417216,48,0,1
1089,0,1,CADC0888,5,225,46,0.3250577384782608,0.1673665217940847,0.40910453651125,-0.9425989900698322,0.8198879575084972,1,1,1,2,9,0.0053280462023522,0.0008129180204174,1125,230,0.0007438512079737,0.0036384026476974,46,0,1
1090,0,1,CADC0888,5,200,41,0.2763755331707317,0.1177846099971406,0.3431976252789938,-1.0629685201875552,0.7640062645520972,1,1,1,1,6,0.0047472215230768,0.0011058624881666,1000,205,0.0005889230499857,0.0028727953657839,41,0,1
1091,0,1,CADC0888,5,225,46,0.31894175,0.1761650893304892,0.4197202512751669,-0.7227050272488142,0.9381165148327728,1,1,1,2,9,0.0060863009396126,0.0008998077315049,1125,230,0.0007829559525799,0.0038296758550106,46,0,1
1092,0,1,CADC0888,5,212,43,0.3208678620930232,0.1442408474774092,0.3797905310528545,-1.015982165322567,0.7708344218827342,1,1,1,1,12,0.0050873217119157,0.0008958628625835,1088,215,0.0006803813560255,0.0033544383134281,43,0,1
1093,0,1,CADC0888,5,250,51,0.2894292625490196,0.1413035847480896,0.3759036907880655,-0.7160977697589357,0.949828509562019,1,1,1,2,8,0.0041677579105244,0.0008659138429729,1272,255,0.0005652143389923,0.0027706585244723,51,0,1
1094,0,1,CADC0888,5,270,55,0.3437382569090909,0.1737054948442876,0.4167799117571378,-0.709794447558231,0.9337915150795396,1,1,1,2,11,0.0041833710397619,0.0006630250941757,1378,275,0.0006433536846084,0.0031582817244415,55,0,1
1520,0,1,CADC0888,5,260,53,0.1467979924528302,0.0376054651193825,0.1939212858852338,-0.930215009638088,0.8604290707203536,1,1,1,2,4,0.00101685619584,0.0002269478419168,1300,265,0.0001446364043053,0.0007095370777241,53,0,1
1521,0,1,CADC0888,5,315,64,0.16890060578125,0.0549917875093426,0.234503278248605,-0.6947131004510654,0.9947130701407524,1,1,1,1,4,0.001279801379894,0.0004183343826482,1575,320,0.0001745771032042,0.0008592466798334,64,0,1
1522,0,0,CADC0888,5,275,56,0.1958417148214285,0.0570735556972369,0.2389007235176088,-1.1038920292553691,0.7467318907957123,1,1,1,2,8,0.0012249148997613,0.0002749314214813,1375,280,0.0002075402025354,0.0010191706374506,56,0,0
1523,0,1,CADC0888,5,315,64,0.26458285453125,0.091538593429423,0.3025534554907993,-0.9936889274733338,0.7948272879727455,1,1,1,3,6,0.0015142515833502,0.000357172734768,1575,320,0.0002905987092997,0.0014302905223347,64,0,1
1524,0,0,CADC0888,5,285,58,0.3101905618965516,0.1097975370336591,0.3313571140531905,-1.1360234669928848,0.6872046977398197,1,1,1,2,8,0.001996111042441,0.0002313067926589,1425,290,0.0003852545159075,0.0018930609833389,58,0,0
1525,0,0,CADC0888,5,265,54,0.3617422807407406,0.1492964732810365,0.3863890180647433,-1.0814405995827765,0.7230086921819091,1,1,1,1,7,0.0032110191900928,0.0003873957259302,1325,270,0.0005633829180416,0.0027647495052043,54,0,0
1526,0,1,CADC0888,5,240,49,0.3061270248979592,0.0992336965856048,0.3150138038016824,-1.241233230149582,0.6036039393732793,1,1,1,2,6,0.0023895601094487,0.0004003942851264,1200,245,0.0004134737357733,0.0020251774813388,49,0,1
1527,0,0,CADC0888,5,240,49,0.298477503877551,0.1269214113180287,0.3562603139812639,-0.9638880295143176,0.8185823124562112,1,1,1,1,3,0.0037458035645514,0.0007898183523417,1200,245,0.0005288392138251,0.0025902328840414,49,0,0
1528,1,1,CADC0888,5,205,42,0.1373248909523809,0.0264823010624137,0.1627338350264434,-0.838264114340046,0.8628018540682961,2,1,1,2,2,0.0025581903431275,0.0048150693377204,1025,210,0.000129181956402,0.0006305309776765,42,1,1
1529,0,1,CADC0888,5,235,48,0.2462132358333333,0.1018871712193792,0.3191976992701846,-0.8576983299141925,0.8838510360308687,1,1,1,1,5,0.0032544118336416,0.000648639186207,1175,240,0.0004335624307207,0.0021226494004037,48,0,1
1530,1,1,CADC0888,5,215,44,0.1031257920454545,0.0228351369598877,0.1511129940140415,-0.4833934721516915,1.1141460931128104,2,1,1,2,4,0.0018871528689717,0.001966960321945,1075,220,0.0001062099393483,0.0005189803854519,44,1,1
1531,0,1,CADC0888,5,230,47,0.2931607276595744,0.1286963837186543,0.3587427821136675,-1.0924809798017694,0.744948410444805,1,1,1,1,5,0.003753126349193,0.0005624013027875,1150,235,0.0005595494944289,0.0027382209301841,47,0,1
1532,0,1,CADC0888,5,230,47,0.2284517665957447,0.0767392445863346,0.2770184914158884,-1.1092870180653327,0.7290352846408014,1,1,1,4,6,0.0023662436676035,0.0007957022266428,1150,235,0.0003336488895058,0.0016327498848156,47,0,1
1533,0,1,CADC0888,5,235,48,0.3290760125,0.1474569425240573,0.3840012272429052,-1.1606146164119684,0.6768856413202738,1,1,1,1,4,0.0038775723930365,0.000639602483473,1175,240,0.0006274763511662,0.0030720196359178,48,0,1
1534,0,1,CADC0888,5,245,50,0.31834018,0.1340331175939904,0.3661053367461206,-1.2047337394258526,0.6538199501106051,1,1,1,1,4,0.003127555292151,0.0002823980437233,1225,250,0.0005470739493632,0.0026806623518798,50,0,1
1535,0,1,CADC0888,5,235,48,0.2797958625,0.1069421905990719,0.3270201684897613,-1.2066492658069876,0.6607167974215722,1,1,1,3,6,0.0028222591154365,0.0004896164687339,1175,240,0.0004550731514854,0.0022279623041473,48,0,1
1536,0,1,CADC0888,5,235,48,0.3156559354166666,0.139166656332826,0.3730504742428644,-1.138121366646782,0.6977000371161459,1,1,1,2,3,0.0036636943758787,0.0004714806723282,1175,240,0.0005921985375864,0.0028993053402672,48,0,1
1537,1,1,CADC0888,5,220,45,0.1652215533333333,0.0436973389759011,0.2090390848044957,-1.0560975760865203,0.784135455331928,2,1,1,2,4,0.0020945160603604,0.002143944958446,1100,225,0.0001986242680722,0.0009710519772422,45,1,1
1538,0,1,CADC0888,5,240,49,0.2591053653061225,0.1227045730898732,0.3502921253609239,-0.729532731319789,0.9525818502751536,1,1,1,1,5,0.003806130929597,0.0003461439664931,1200,245,0.0005112690545411,0.0025041749610178,49,0,1
1539,1,1,CADC0888,5,150,31,0.0570272741935483,0.0065317663760657,0.0808193440709944,-0.7106208613418303,0.9836163136228931,2,1,2,2,4,0.0017496293908246,0.0040535042588144,750,155,4.3545109173771895e-05,0.0002107021411634,31,1,1
1540,0,1,CADC0888,5,240,49,0.2691142612244898,0.1339341893373991,0.3659702027998989,-0.7060737953828085,0.9634408466177452,1,1,1,1,5,0.0041925209269875,0.0003606395101148,1200,245,0.0005580591222391,0.002733350802804,49,0,1
1541,0,1,CADC0888,5,180,37,0.1697851062162162,0.0384791518704967,0.1961610355562408,-1.2312022966792404,0.639621552732666,2,1,1,4,5,0.0017259779482925,0.0004479193197025,900,185,0.0002137730659472,0.0010399770775809,37,0,1
1542,0,0,CADC0888,5,205,42,0.2763986952380952,0.0951194603879528,0.3084144296039873,-1.271955221764122,0.5969681301887696,1,1,1,2,5,0.0031065496346009,0.0005781130991679,1025,210,0.0004639973677461,0.002264749056856,42,0,0
1543,0,1,CADC0888,5,215,44,0.3139126674999999,0.1402930939110357,0.3745571971155216,-1.1106198077216354,0.7208741896916574,1,1,1,1,6,0.0044472834537029,0.0004674908664017,1075,220,0.0006525260181908,0.0031884794070689,44,0,1
1544,1,1,CADC0888,5,170,35,0.1011498094285714,0.0163067480127425,0.1276978778709439,-1.0791361667646149,0.7583218812336878,2,1,1,2,3,0.0014256969031124,0.0018176681124627,850,175,9.592204713377949e-05,0.0004659070860783,35,1,1
1545,0,1,CADC0888,5,250,51,0.2687966372549019,0.1320451806556257,0.363380215002999,-0.6866016855623354,0.9751863727510164,1,1,1,2,6,0.0038974694850492,0.0004344280599374,1250,255,0.0005281807226225,0.0025891211893259,51,0,1
1546,1,1,CADC0888,5,165,34,0.0653323014705882,0.0085683467187515,0.0925653645741839,-0.6884292880986123,0.993782953982612,2,1,1,2,4,0.0013929545015978,0.002320812298849,825,170,5.19293740530399e-05,0.0002520101976103,34,1,1
1547,0,1,CADC0888,5,245,50,0.2716993916,0.1286606265430426,0.3586929418639885,-0.688806810469587,0.9748044627184108,1,1,1,1,11,0.0039618355874233,0.0003781121856015,1225,250,0.0005251454144613,0.0025732125308608,50,0,1
1548,0,1,CADC0888,5,190,39,0.143273842051282,0.0292956214487958,0.1711596373237448,-1.1175587481502796,0.7593121927630371,1,1,1,1,4,0.0014656825675654,0.0004736415779329,950,195,0.0001541874813094,0.0007511697807383,39,0,1
1549,0,0,CADC0888,5,225,46,0.3610269099999998,0.1564431752721197,0.3955289815830437,-1.0139195111323234,0.7437915176885115,1,1,1,2,4,0.0045689682978629,0.0006846734974779,1125,230,0.0006953030012094,0.0034009385928721,46,0,0
1550,0,0,CADC0888,5,200,41,0.2776339756097561,0.0763919746162638,0.2763909814307692,-1.215204294815061,0.6385801367738415,1,1,1,1,7,0.0026839520987406,0.0003796596973299,1000,205,0.0003819598730813,0.0018632188930796,41,0,0
1551,0,0,CADC0888,5,205,42,0.3197030283333333,0.1054398971511206,0.3247151015138049,-1.3101409429003013,0.5385313460889689,1,1,1,2,7,0.0032233816183043,0.0004072031719256,1025,210,0.0005143409617127,0.0025104737416933,42,0,0
1552,0,1,CADC0888,5,190,39,0.3503255853846154,0.1280824158080047,0.3578860374588603,-1.235864454866648,0.6129610720103379,1,1,1,2,5,0.0047431377834997,0.0006439997666559,950,195,0.0006741179779368,0.0032841645078975,39,0,1
1553,0,1,CADC0888,5,165,34,0.1511675505882352,0.0254510009677417,0.1595336985333873,-1.2627004938852446,0.6104240618481241,1,1,1,2,4,0.0013377076338164,0.0003413331417475,825,170,0.0001542484907135,0.0007485588519924,34,0,1
1554,0,0,CADC0888,5,210,43,0.2995292655813953,0.1470962869762962,0.3835313376717686,-0.8182185271768403,0.8967453188605482,1,1,1,1,5,0.0055961609646578,0.0006080433619871,1050,215,0.0007004585094109,0.0034208438831696,43,0,0
1555,1,1,CADC0888,5,145,30,0.0246109846666666,0.0008162966292827,0.0285709052933707,-0.1354473007727259,1.07282330576838,2,1,1,3,4,0.0002148962471555,0.0003687694750785,725,150,5.629631926087988e-06,2.7209887642758605e-05,30,1,1
1556,0,1,CADC0888,5,220,45,0.2899272873333333,0.147693647251257,0.3843093119497067,-0.7824717785728645,0.9178793827205028,1,1,1,1,3,0.0052634537098929,0.0005696406908026,1100,225,0.0006713347602329,0.0032820810500279,45,0,1
1557,0,1,CADC0888,5,155,32,0.1178691943749999,0.0184324613686201,0.1357662011276009,-1.228202908283715,0.6437555124527514,1,1,1,2,4,0.0012019927197838,0.0005759037205268,775,160,0.000118919105604,0.0005760144177693,32,0,1
1558,0,0,CADC0888,5,195,40,0.3196581275,0.1292582779536049,0.3595250727746327,-1.2518707837898575,0.609985271576713,1,1,1,1,8,0.0045749265708794,0.0005507135604605,975,200,0.0006628629638646,0.0032314569488401,40,0,0
1559,1,1,CADC0888,5,185,38,0.2934052052631579,0.0962895521704752,0.3103055786969922,-1.2393315213855032,0.5630724993382451,2,1,1,2,1,0.0070984102162616,0.0115185982241777,925,190,0.0005204840657863,0.0025339355834335,38,1,1
1560,1,0,CADC0888,5,185,38,0.1779431342105263,0.043092502667238,0.2075873374443586,-1.1577689894401022,0.6670240450012493,2,1,1,2,2,0.0048525266953551,0.0100293916781916,925,190,0.0002329324468499,0.0011340132280852,38,1,0
1561,0,1,CADC0888,5,205,42,0.3204954523809524,0.1426007733512596,0.377625175738138,-1.1318836235372662,0.6994938264656237,1,1,1,2,3,0.0048978165309024,0.0005956499669749,1025,210,0.0006956135285427,0.0033952565083633,42,0,1
1562,1,0,CADC0888,5,170,35,0.0493913877142857,0.0058047382993515,0.0761888331670168,-0.1381914175731569,1.2053314656627812,2,1,1,2,2,0.0031098550162385,0.0087585325303705,850,175,3.4145519407950175e-05,0.0001658496656957,35,1,0
1563,0,1,CADC0888,5,220,45,0.2703784155555555,0.1298939448396044,0.3604080254927801,-0.8016965556024047,0.9174198762345336,1,1,1,1,4,0.0047014422682277,0.000551781932552,1100,225,0.0005904270219982,0.0028865321075467,45,0,1
1564,0,1,CADC0888,5,155,32,0.027120765625,0.0019469440895322,0.0441241893923532,-0.3204395182730946,1.1870615711403014,1,1,1,1,4,0.0002947183107432,0.000342900092166,775,160,1.2560929609885524e-05,6.0842002797883e-05,32,0,1
1565,0,1,CADC0888,5,220,45,0.2756530377777778,0.1316172199883961,0.3627908763852753,-0.829329167225012,0.8953841241699338,1,1,1,1,5,0.0046703778674268,0.0006202551920172,1100,225,0.0005982600908563,0.0029248271108532,45,0,1
1566,0,1,CADC0888,5,160,33,0.1733729545454545,0.032779845356334,0.1810520515109784,-1.34958794300136,0.4990797097034263,1,1,1,3,5,0.0017600000431781,0.0006561563081554,800,165,0.000204874033477,0.0009933286471616,33,0,1
1567,1,1,CADC0888,5,185,38,0.2530573447368421,0.0698099758478867,0.2642157751684912,-1.278256619803714,0.5251729117770126,2,1,1,2,1,0.0087776224665086,0.0200398003351572,925,190,0.0003773512207993,0.0018371046275759,38,1,1
1568,0,1,CADC0888,5,190,39,0.2949770871794872,0.1108845744922759,0.3329933550272076,-1.2169545954360927,0.6360307394952296,1,1,1,1,6,0.0041713964321821,0.00048245789088,950,195,0.0005836030236435,0.0028431942177506,39,0,1
1569,1,0,CADC0888,5,150,31,0.0524655129032258,0.0051236453506779,0.0715796434098264,-0.5691958169555091,1.0055337882352628,2,1,1,2,1,0.0028130171527793,0.0079240182180034,750,155,3.4157635671186016e-05,0.0001652788822799,31,1,0
1570,0,1,CADC0888,5,265,54,0.2229492814814815,0.121782586032497,0.3489736179605803,-0.0696931719512652,1.2460643570535344,1,1,1,1,5,0.0042152471519592,0.0004636908694753,1325,270,0.0004595569284245,0.0022552330746758,54,0,1
1571,0,0,CADC0888,5,275,56,0.2266593808928571,0.1207379242806427,0.3474736310580167,-0.143870386995891,1.2117207313648937,1,1,1,1,5,0.0037370929510891,0.0004590228945881,1375,280,0.0004390469973841,0.0021560343621543,56,0,0
1572,0,1,CADC0888,5,160,33,0.1234661121212121,0.0177372478934083,0.1331812595428063,-1.278742333892035,0.5681997768118698,1,1,1,2,5,0.0010150450949293,0.0004177075964677,800,165,0.0001108577993338,0.0005374923604063,33,0,1
1573,0,0,CADC0888,5,185,38,0.2792793289473684,0.0845805656810047,0.2908273812435904,-1.3237125588213186,0.5283792548661533,1,1,1,2,6,0.0031756529458937,0.0005689187093811,925,190,0.0004571922469243,0.0022258043600264,38,0,0
1574,0,0,CADC0888,5,175,36,0.3284673722222222,0.0984682432652625,0.3137964997657917,-1.4358861660026043,0.3987150046815602,1,1,1,2,7,0.0037544402222724,0.0005667468163554,875,180,0.0005626756758015,0.0027352289795906,36,0,0
1575,1,0,CADC0888,5,175,36,0.1017588155555555,0.0127863455259026,0.1130767240677881,-1.0402171065776729,0.7227687113359639,2,1,1,3,3,0.0014931160675254,0.0028846695012359,875,180,7.30648315765868e-05,0.0003551762646084,36,1,0
1576,0,1,CADC0888,5,225,46,0.3043510089130434,0.1357016085094782,0.3683769923725941,-0.7974881185485541,0.9110713375116652,1,1,1,1,6,0.0046739498200496,0.0005163960234484,1125,230,0.0006031182600421,0.0029500349675973,46,0,1
1577,1,1,CADC0888,5,120,25,0.0174887556,0.000486469262954,0.0220560482170768,-0.3486100904079663,1.0919403998011832,1,1,2,1,3,0.0002452463667291,0.0004572964928058,600,125,4.053910524616805e-06,1.9458770518160664e-05,25,1,1
1578,0,1,CADC0888,5,225,44,0.3282785795454546,0.1480135925265261,0.3847253468729688,-0.7776885319528724,0.9092745773655706,1,1,1,1,3,0.0060390200545261,0.0017576888595129,1275,220,0.0006578381890067,0.0033639452846937,44,0,1
1579,1,0,CADC0888,5,150,31,0.0796497329032258,0.0042525981405114,0.0652119478355876,-0.8421892949491983,0.7050171345682174,1,1,1,2,4,0.0004423226217177,0.0003250067848772,750,155,2.8350654270076e-05,0.0001371805851777,31,1,0
1580,0,0,CADC0888,5,190,39,0.3570350417948718,0.1281724747180373,0.3580118360027183,-1.3119727391509703,0.5195275681649955,1,1,1,2,6,0.0044921404947948,0.0008500651773416,950,195,0.0006745919722001,0.0032864737107189,39,0,0
1581,0,1,CADC0888,5,170,35,0.27146512,0.0525251817502038,0.2291837292440366,-1.3914138688156588,0.3977170034799073,1,1,1,1,2,0.0021029091384945,0.0003011245334604,850,175,0.0003089716573541,0.0015007194785772,35,0,1
1582,1,1,CADC0888,5,155,32,0.224215259375,0.0350341596005605,0.1871741424464408,-1.418410145236216,0.1746227390354663,2,1,1,2,1,0.0039313498624295,0.008075905226518,775,160,0.0002260268361326,0.0010948174875175,32,1,1
1583,0,1,CADC0888,5,295,60,0.2240469128333333,0.1052005510136836,0.3243463442274071,0.2214636993044672,1.3417939131301155,1,1,1,1,6,0.0031869003615485,0.0003294345720395,1475,300,0.0003566120373345,0.0017533425168947,60,0,1
1584,0,0,CADC0888,5,250,51,0.2438000337254901,0.1320247967639593,0.3633521663124624,-0.2479849600492225,1.1644268585341186,1,1,1,1,3,0.0046115437145102,0.0005032296081713,1250,255,0.0005280991870558,0.0025887215051756,51,0,0
1585,0,0,CADC0888,5,215,44,0.2748397931818181,0.116115214357472,0.3407568258413498,-0.9801637555333284,0.803735930969769,1,1,1,2,6,0.0040055675680441,0.0007355526422309,1075,220,0.0005400707644533,0.002638982144488,44,0,0
1586,0,1,CADC0888,5,170,35,0.2114719637142857,0.0404707058094895,0.2011733228076961,-1.3850645270801218,0.3966120387111726,1,1,1,2,2,0.0016881735862566,0.0004761220394065,850,175,0.0002380629753499,0.0011563058802711,35,0,1
1587,0,0,CADC0888,5,160,33,0.2059687566666666,0.0374144714718688,0.1934282075393059,-1.4372413376521784,0.3553850808698032,1,1,1,1,1,0.0016685213353396,0.0002220902306982,800,165,0.0002338404466991,0.0011337718627839,33,0,0
1588,0,0,CADC0888,5,205,42,0.292547319047619,0.1218415058241786,0.3490580264428519,-1.081641145126973,0.7375743079734731,1,1,1,1,6,0.0042222979639043,0.000328073331224,1025,210,0.0005943488088984,0.002900988233909,42,0,0
1589,1,1,CADC0888,5,125,26,0.0164235203846153,0.0006806897870106,0.0260900323305797,-0.3969070931086476,1.1568154585199004,2,1,1,2,4,0.0004071697466141,0.0008906577557409,625,130,5.445518296085568e-06,2.618037642348831e-05,26,1,1
1590,0,1,CADC0888,5,240,49,0.2499003422448979,0.1277843959329466,0.357469433564531,-0.5048962316041528,1.0619629716340118,1,1,1,1,4,0.004428412602198,0.0004480120338368,1200,245,0.0005324349830539,0.002607844814958,49,0,1
1591,0,0,CADC0888,5,250,51,0.2350920862745098,0.1160251563983062,0.3406246561808265,-0.4342951027990107,1.0919564129339356,1,1,1,1,7,0.003816495854128,0.0003996672311673,1250,255,0.0004641006255932,0.0022750030666334,51,0,0
1592,0,1,CADC0888,5,145,30,0.1500093433333333,0.0178570881934297,0.1336304164231699,-1.4052307248312137,0.3111588375534452,1,1,1,2,4,0.0011010190318419,0.0007299015327446,725,150,0.0001231523323684,0.0005952362731143,30,0,1
1593,0,1,CADC0888,5,190,39,0.240446782051282,0.059904838377744,0.2447546493485752,-1.3219945562876834,0.5127750967259747,1,1,1,1,5,0.0020924100297354,0.0002104098715415,950,195,0.0003152886230407,0.0015360214968652,39,0,1
1594,1,1,CADC0888,5,170,35,0.3023706285714285,0.0818679903747209,0.2861258296182309,-1.2665140659803484,0.4822160724615199,2,1,1,2,1,0.0122687447181804,0.0284954367795015,850,175,0.0004815764139689,0.0023390854392777,35,1,1
1595,1,0,CADC0888,5,130,27,0.0487647774074074,0.0029298204450336,0.0541278158162108,-0.9032983422292552,0.7081026272053079,2,1,1,2,2,0.0015985409091174,0.0030868243190908,650,135,2.253708034641262e-05,0.0001085118683345,27,1,0
1596,0,1,CADC0888,5,255,52,0.2253701461538461,0.1129220622108567,0.3360387808138471,-0.2907631638363241,1.1531547242559603,1,1,1,1,4,0.0037743882639239,0.0003383792982311,1275,260,0.0004428316165131,0.0021715781194395,52,0,1
1597,0,1,CADC0888,5,250,51,0.2355951450980392,0.1131027580934887,0.3363075349936256,-0.4808393763634657,1.0706850050999408,1,1,1,3,5,0.0038159347924159,0.0010279307833224,1250,255,0.0004524110323739,0.002217701139088,51,0,1
1598,0,1,CADC0888,5,115,24,0.0878156291666666,0.0045953720022878,0.067789173193718,-1.5495090344320197,-0.2715859609008185,1,1,1,1,2,0.0002705554052038,0.0001980048359754,575,120,3.995975654163391e-05,0.0001914738334286,24,0,1
1599,0,1,CADC0888,5,180,37,0.2811768456756757,0.0676337610933425,0.2600649170752228,-1.4081031124647088,0.3445250336737422,1,1,1,1,4,0.002342945237058,0.0002591716691684,900,185,0.0003757431171852,0.0018279394890092,37,0,1
1600,0,0,CADC0888,5,155,32,0.2886495156249999,0.0680556038314082,0.2608746899018918,-1.5372841331570597,0.2194211566748218,1,1,1,3,3,0.0037217189247708,0.0023737824634803,775,160,0.0004390684118155,0.0021267376197315,32,0,0
1601,1,0,CADC0888,5,135,28,0.0892727392857142,0.0059846761316302,0.0773606885415987,-1.4251503022758751,0.1334783203498327,2,1,1,1,2,0.0026645834259305,0.0055804441780165,675,140,4.4330934308372176e-05,0.0002137384332725,28,1,0
1602,0,1,CADC0888,5,264,54,0.2315171442592592,0.1140377909939966,0.3376948193176742,-0.3226142986239533,1.1386658286915965,1,1,1,1,6,0.0035025927188269,0.0003422468379418,1318,270,0.0004319613295227,0.0021118109443332,54,0,1
1603,0,0,CADC0888,5,280,57,0.2369830589473684,0.1155031921538923,0.339857605702583,-0.0468214862721634,1.2465518661448391,1,1,1,1,5,0.0035338490092046,0.0004283534958324,1400,285,0.0004125114005496,0.0020263717921735,57,0,0
1604,1,1,CADC0888,5,100,21,0.0251106085714285,0.0007696168523451,0.0277419691504616,-1.3586870532250646,0.588535657513561,1,1,2,1,3,0.0002809077474972,0.0003969947971222,500,105,7.696168523451645e-06,3.664842154024593e-05,21,1,1
1605,1,1,CADC0888,5,205,40,0.27070324225,0.0799279670517465,0.282715346332219,-0.7854888984068671,0.8074528625029034,2,1,1,1,1,0.014983119674075,0.0383685354764964,1175,200,0.0003898925222036,0.0019981991762936,40,1,1
1606,0,1,CADC0888,5,140,29,0.2783831172413793,0.0336265294691297,0.1833753785793766,-1.4773409187666635,-0.1827779288309872,2,1,1,3,4,0.0013501817809138,0.0005873802114562,700,145,0.000240189496208,0.0011595354989355,29,0,1
1607,0,1,CADC0888,5,155,32,0.2723660884375,0.0372977053482837,0.193126138438803,-1.4174887442979769,-0.3260868246491454,1,1,1,2,5,0.001070292634742,0.0001631332165275,775,160,0.0002406303570857,0.0011655532921338,32,0,1
1608,0,1,CADC0888,5,290,59,0.232607906779661,0.0794577598364269,0.2818825284341457,-0.2216240376425666,1.1594152274891532,1,1,1,3,9,0.0021036321724462,0.0003462936040052,1450,295,0.000273992275298,0.0013467416921428,59,0,1
1609,0,1,CADC0888,5,230,47,0.2773092095744681,0.1155288788686618,0.3398953940091889,-0.6314663467337476,0.9826650771498032,1,1,1,1,9,0.0039454116608114,0.0003437180839418,1150,235,0.000502299473342,0.0024580612525247,47,0,1
1610,1,1,CADC0888,5,250,51,0.2222985774509803,0.0949173961383772,0.3080866698485626,-0.4404618170167818,1.0533804808736111,2,1,1,1,1,0.017396462436993,0.0465005591032741,1250,255,0.0003796695845535,0.0018611254144779,51,1,1
1611,1,1,CADC0888,5,240,49,0.2540245142857142,0.0356418096667583,0.1887903855252125,-1.041315716364459,0.240443087621826,2,1,1,4,6,0.0013552809759122,0.000671405808837,1200,245,0.0001485075402781,0.0007273838707501,49,1,1
1612,1,1,CADC0888,5,245,50,0.2218382502,0.0574603477029667,0.2397088811516309,-0.6232460295887932,0.9217887731439734,2,1,1,3,2,0.0057240940265276,0.0124528972603798,1225,250,0.0002345320314406,0.0011492069540593,50,1,1
1613,0,0,CADC0888,5,255,52,0.2346914096153846,0.1139477078171285,0.3375614134007744,-0.4509356653793306,1.080731725934677,1,1,1,1,5,0.0035406263367658,0.0002884318111684,1275,260,0.0004468537561456,0.0021913020734063,52,0,0
1614,0,0,CADC0888,5,255,52,0.2310263153846153,0.1117640078867312,0.3343112440327594,-0.3995134118078058,1.1015567280336285,1,1,1,2,5,0.0035737682945647,0.000520900694008,1275,260,0.0004382902270067,0.0021493078439756,52,0,0
1615,1,1,CADC0888,5,285,58,0.1978706396551724,0.0560450962670955,0.2367384554040502,-0.2358312237754241,1.125432436142498,1,1,1,2,8,0.0017860536445235,0.0004047555079246,1425,290,0.0001966494605863,0.0009662947632257,58,1,1
1616,0,1,CADC0888,5,140,29,0.3100938827586207,0.0576012793655573,0.240002665330111,-1.5151173429762668,-0.0911596016570482,1,1,1,1,6,0.0023601239857777,0.0005303663422094,700,145,0.0004114377097539,0.0019862510126054,29,0,1
1617,1,0,CADC0888,5,160,33,0.1117575212121212,0.009329067177198,0.0965870963286402,-1.6753679344795345,-0.0527532562074492,2,1,1,1,1,0.0027587969128593,0.0072779907206237,800,165,5.830666985748772e-05,0.0002826990053696,33,1,0
1618,0,0,CADC0888,5,265,54,0.2163114444444444,0.0975332353612813,0.3123031145558452,-0.4129618618960378,1.0976473657265204,1,1,1,1,5,0.0028596897952633,0.0002337479328753,1325,270,0.0003680499447595,0.0018061710252089,54,0,0
1619,0,1,CADC0888,5,270,55,0.2087244854545454,0.100478336850115,0.3169831807054044,-0.2024172103696497,1.1920886354740066,1,1,1,1,6,0.0031572738592662,0.0004037059586026,1350,275,0.0003721419883337,0.0018268788518202,55,0,1
1620,0,0,CADC0888,5,310,63,0.1734201968253968,0.067075363057752,0.2589891176434872,-0.1849348360795364,1.1899138850580449,1,1,1,2,5,0.0016704059984148,0.0002354925031704,1550,315,0.0002163721388959,0.001064688302504,63,0,0
1621,1,1,CADC0888,5,255,52,0.235756723076923,0.0266264421794171,0.163176107869434,-1.4254465616824583,-0.4299197345944403,2,1,1,4,6,0.0012481133059717,0.0016214000682656,1275,260,0.0001044174203114,0.0005120469649887,52,1,1
1622,0,1,CADC0888,5,280,57,0.1935178771929824,0.0763506354869922,0.2763161875225414,-0.4276891242052687,1.086469283678955,1,1,1,2,7,0.0020181913598525,0.0002362088288785,1400,285,0.0002726808410249,0.0013394848331051,57,0,1
1623,0,1,CADC0888,5,295,60,0.2000235888333333,0.0972233937455151,0.3118066608421237,-0.0298168530099789,1.2582944877102538,1,1,1,1,5,0.0027140835893415,0.0002712586423341,1475,300,0.0003295708262559,0.0016203898957585,60,0,1
1624,0,1,CADC0888,5,295,60,0.2013263749999999,0.0846428009504017,0.2909343584907113,-0.2497692233587365,1.1650473777711263,1,1,1,2,4,0.0022776264933544,0.0005703088240145,1475,300,0.0002869247489844,0.0014107133491733,60,0,1
1625,1,1,CADC0888,5,275,56,0.2283700658928571,0.0359153796338519,0.1895135341706547,-1.3224942306027594,0.1805405004343642,1,1,1,2,12,0.0008522590481018,0.0001197122923936,1375,280,0.0001306013804867,0.0006413460648902,56,1,1
1626,1,1,CADC0888,5,305,62,0.2249020269354839,0.0575909341269165,0.2399811120211682,-0.9348189338253832,0.7274913545415512,1,1,1,3,7,0.0014624492724936,0.0011859411947686,1525,310,0.0001888227348423,0.0009288860343051,62,1,1
1627,0,1,CADC0888,5,290,57,0.2707194771929824,0.0916977204192655,0.3028163146517464,-0.4579323164794484,1.0485419785147303,1,1,1,3,5,0.0023674259608808,0.0003527661113243,1600,285,0.0003161990359285,0.00160873193718,57,0,1
1628,0,1,CADC0888,5,285,58,0.2401766955172413,0.0944412092972284,0.307312885016604,-0.3389525424695319,1.1121026732862724,1,1,1,2,7,0.0025276643967053,0.0004487530904794,1425,290,0.0003313726642008,0.0016282967120211,58,0,1
1629,1,1,CADC0888,5,265,54,0.2380299033333333,0.0592207482670748,0.2433531349029119,-1.1275932625194776,0.6269289274685995,1,1,1,2,9,0.0013236733375409,0.0002012716968226,1325,270,0.0002234745217625,0.0010966805234643,54,1,1
1630,1,1,CADC0888,5,265,54,0.2496532351851852,0.0379665724672482,0.1948501282197376,-1.51828649573882,0.0634336205125106,2,1,1,3,4,0.0012687310245569,0.001201198132892,1325,270,0.000143270084782,0.0007030846753194,54,1,1
1631,0,1,CADC0888,5,315,64,0.1895714929687499,0.070684218498272,0.2658650381270016,-0.2720845226924604,1.153364470177745,1,1,1,3,5,0.0016749428352318,0.0005409567916567,1575,320,0.0002243943444389,0.0011044409140355,64,0,1
1632,1,1,CADC0888,5,290,59,0.2054630355932203,0.0897122845306023,0.2995200903622365,-0.3748340244594694,1.1075242440878377,2,1,1,3,3,0.0039393427865072,0.0055958993177589,1450,295,0.0003093527052779,0.0015205471954339,59,1,1
1633,0,0,CADC0888,5,280,57,0.2089520929824561,0.0794884912057136,0.2819370341152677,-0.6773476049267382,0.9683066791085188,1,1,1,2,3,0.0019463654940225,0.0003761800512418,1400,285,0.0002838874685918,0.0013945349334335,57,0,0
1634,1,1,CADC0888,5,300,61,0.1899672496721311,0.0265926834522597,0.1630726324441344,-1.6860096316706707,-0.0576080010450553,2,1,1,2,3,0.0013962850941325,0.0027164575679594,1500,305,8.864227817419926e-05,0.0004359456303649,61,1,1
1635,0,1,CADC0888,5,275,56,0.2134437607142857,0.0747865683668999,0.2734713300638659,-0.8075872436097757,0.8946882426987615,1,1,1,2,7,0.001739825659509,0.00022124239497,1375,280,0.0002719511576978,0.0013354744351232,56,0,1
1636,0,1,CADC0888,5,340,69,0.1833138708695652,0.0933357747973588,0.3055090420877243,0.3555677374451957,1.3969646162749323,1,1,1,1,6,0.0022809160780671,0.0001817718834025,1700,345,0.0002745169846981,0.0013526923883675,69,0,1
1637,0,1,CADC0888,5,300,61,0.1947321262295082,0.0880344712054753,0.2967060350000912,-0.2001072222339153,1.191644211404763,1,1,1,2,5,0.0022956918356556,0.0003115556524647,1500,305,0.0002934482373515,0.0014431880525487,61,0,1
1638,1,1,CADC0888,5,305,62,0.1982335548387096,0.0357897908535953,0.1891818988529171,-0.9892540154018948,0.529038524341005,1,1,1,3,5,0.0008657585753967,0.0003385843178933,1525,310,0.0001173435765691,0.000577254691187,62,1,1
1639,1,0,CADC0888,5,290,59,0.2061118542372881,0.0497392391751204,0.2230229566101222,-0.7619284835430058,0.804516587021417,2,1,1,2,2,0.0033597282438827,0.0069968461077996,1450,295,0.0001715146178452,0.0008430379521206,59,1,0
1640,0,1,CADC0888,5,325,66,0.1843157136363636,0.0856053580680351,0.2925839333730325,0.0458173906650194,1.2887051018750082,1,1,1,2,6,0.0021492922881873,0.0004916179547696,1625,330,0.0002634011017478,0.0012970508798187,66,0,1
1641,1,1,CADC0888,5,315,64,0.1948783812499999,0.0607762554158083,0.2465284069145144,-0.5445896984313778,0.9817396313419472,2,1,1,1,1,0.0078470531161295,0.0207762416046825,1575,320,0.0001929404933835,0.000949628990872,64,1,1
1642,1,1,CADC0888,5,330,67,0.1889447567164179,0.0281958024068155,0.1679160576205134,-1.4820622712818636,0.1095714524927942,2,1,1,3,5,0.0008865718449039,0.001007761977631,1650,335,8.544182547519875e-05,0.0004208328717435,67,1,1
1643,0,0,CADC0888,5,295,60,0.2195387016666666,0.0944735267391078,0.3073654612006818,-0.566737049170825,1.028130541628443,1,1,1,1,9,0.0021262235069698,0.0001498394395837,1475,300,0.0003202492431834,0.0015745587789851,60,0,0
1644,0,1,CADC0888,5,385,78,0.1793742756410256,0.0999429583321543,0.3161375623556213,0.7042263641831701,1.5153386909909643,1,1,1,1,4,0.0022050182368277,0.0001983036170055,1925,390,0.000259592099564,0.0012813199786173,78,0,1
1645,0,1,CADC0888,5,320,65,0.2106744783076923,0.1081180948405496,0.3288131609904774,-0.0754826715729977,1.244843779234299,1,1,1,2,4,0.0027697740294131,0.0008657846673619,1600,325,0.0003378690463767,0.0016633553052392,65,0,1
1646,1,1,CADC0888,5,355,72,0.1866468684722222,0.0576029016582321,0.2400060450451865,0.1971409960131613,1.2742384118361552,3,1,1,2,1,0.009520890442412,0.0256100828615575,1775,360,0.0001622616948119,0.0008000403008087,72,1,1
1647,1,1,CADC0888,5,375,76,0.2117701201315789,0.0373623817992321,0.1932935120464008,-1.0785525587938272,0.3587913981094373,2,2,1,4,8,0.0009297843459618,0.0001969742647187,1875,380,9.963301813128564e-05,0.000491610286832,76,1,1
1648,0,1,CADC0888,5,315,64,0.2086709484375,0.0939093114117528,0.3064462618661758,-0.2958072205081112,1.1456242052228187,1,1,1,1,9,0.0020492969854412,0.0001573713558177,1575,320,0.0002981247981325,0.0014673329908086,64,0,1
1649,0,0,CADC0888,5,340,69,0.2012785144927536,0.1094672422935232,0.3308583417318101,0.2636804562875259,1.3642187833810242,1,1,1,1,6,0.0025947697393491,0.0002426152380152,1700,345,0.0003219624773338,0.0015864817723699,69,0,0
1650,0,1,CADC0888,5,325,66,0.2255205292424242,0.1071549742934855,0.3273453440840201,-0.2592294578729666,1.159375902599525,1,1,1,2,6,0.0022785000053122,0.0004124028127679,1625,330,0.0003297076132107,0.0016235602165679,66,0,1
1651,1,1,CADC0888,5,345,70,0.2224596611428571,0.0470461502825239,0.2169012454609792,-0.4415632045461959,0.8621780645826878,2,1,1,2,9,0.0011112610603329,0.0002994467918799,1725,350,0.0001363656529928,0.0006720878611789,70,1,1
1652,0,1,CADC0888,5,195,40,0.35279054325,0.0848777188760523,0.2913378088680773,-1.4926624039535972,0.1390560609519834,1,1,1,3,7,0.0024438413205318,0.0004854055952609,975,200,0.0004352703532105,0.0021219429719013,40,0,1
1653,1,1,CADC0888,5,145,30,0.0978961633333333,0.0042162409410156,0.0649325876660991,-1.0747009385612698,0.3019568614729687,2,1,1,2,3,0.001724262547868,0.0029598075705495,725,150,2.907752373114245e-05,0.0001405413647005,30,1,1
1654,0,1,CADC0888,5,400,81,0.2351497853086419,0.1149420760611752,0.3390310842108365,0.2058071907400176,1.3272861180602038,1,1,1,2,12,0.0019542027721412,0.0002040253661658,2000,405,0.0002873551901529,0.0014190379760638,81,0,1
1655,0,1,CADC0888,5,410,83,0.2107662597590361,0.1102699002963206,0.3320691197571985,0.6974800769647809,1.5050700904562415,1,1,1,1,16,0.0020925181691807,0.0001925665762407,2050,415,0.0002689509763324,0.0013285530156183,83,0,1
1656,0,1,CADC0888,5,380,77,0.2106440885714285,0.1148982898845345,0.3389665025994965,0.5808989197500543,1.468921071723082,1,1,1,2,12,0.0024051574863739,0.0002341320661017,1900,385,0.0003023639207487,0.001492185582916,77,0,1
1657,0,0,CADC0888,5,345,70,0.2275160982857143,0.1150463453457422,0.3391848247574502,-0.1832525136072806,1.18841299501017,1,1,1,2,7,0.0022473607606234,0.0003376024016258,1725,350,0.0003334676676688,0.0016435192192248,70,0,0
1658,1,1,CADC0888,5,355,72,0.2516428833333333,0.0599403326481163,0.244827148511182,-0.4640203572039278,0.8426599180494739,2,2,1,3,4,0.0013982619864608,0.0003118989142365,1775,360,0.0001688460074594,0.0008325046201127,72,1,1
1659,1,0,CADC0888,5,205,42,0.2939855269047619,0.0779215710304471,0.2791443551828464,-1.4115793962099554,0.3655400349131617,2,1,1,2,2,0.0040253736585103,0.0058731135196623,1025,210,0.0003801052245387,0.0018552755007249,42,1,0
1660,0,1,CADC0888,5,195,40,0.1257726675,0.0156441865997776,0.1250767228535257,-1.2800899706059392,0.503963711395264,1,1,1,1,6,0.0005528891446859,9.079977285751378e-05,975,200,8.022659794757794e-05,0.0003911046649944,40,0,1
1661,0,1,CADC0888,5,265,54,0.3089359487037036,0.136769007859479,0.3698229412292848,-1.120304568060587,0.7164979401656212,1,1,1,1,7,0.0029308073374036,0.0002560638729472,1325,270,0.0005161094636206,0.0025327594048051,54,0,1
1662,1,1,CADC0888,5,175,36,0.0263143247222222,0.0015628962081327,0.0395334821149463,-0.4282286881486756,1.0806704737394484,2,1,1,3,4,0.0006216870294309,0.0014320874501407,875,180,8.93083547504446e-06,4.3413783559243896e-05,36,1,1
1663,0,1,CADC0888,5,320,65,0.2720590676923076,0.1302566582857705,0.3609108730500794,-0.7657773677124857,0.925867229857588,1,1,1,2,8,0.0022681657961068,0.0002092777145936,1600,325,0.000407052057143,0.0020039485890118,65,0,1
1664,1,1,CADC0888,5,185,38,0.0319317052631578,0.0023521846859236,0.0484993266543326,0.1079537580961371,1.260955170388785,2,1,1,3,3,0.0008502896188627,0.0016332321735266,925,190,1.2714511815803552e-05,6.189959699799097e-05,38,1,1
1665,0,0,CADC0888,5,290,59,0.3098221864406779,0.1364234608806211,0.3693554668346215,-1.0647475651327245,0.7386176321893153,1,1,1,2,11,0.0024118431323362,0.0002166120381298,1450,295,0.0004704257271745,0.002312262048824,59,0,0
1666,1,0,CADC0888,5,195,40,0.06638054,0.0071356597437583,0.0844728343537637,-0.7270893603141806,0.892825517460149,2,1,1,2,3,0.0013234767470979,0.0024586172726231,975,200,3.659312689106872e-05,0.0001783914935939,40,1,0
1667,0,0,CADC0888,5,290,59,0.3037356779661017,0.1390859572407037,0.3729422974679914,-0.9765207070868932,0.7953301787732052,1,1,1,2,9,0.0025882594175213,0.0002600817320856,1450,295,0.0004796067491058,0.0023573891057746,59,0,0
1668,1,1,CADC0888,5,185,38,0.0530667013157894,0.0052750032045414,0.0726292172926393,-0.539399714250766,1.0151969622840171,2,1,1,2,3,0.0015519396374769,0.0030174060418057,925,190,2.8513530835359006e-05,0.0001388158738037,38,1,1
1669,0,0,CADC0888,5,385,78,0.2188873567948717,0.1242740562881177,0.3525252562414752,0.1709981797417121,1.330261717938904,1,1,1,2,7,0.00223285476126,0.0001882165546105,1925,390,0.0003227897565925,0.0015932571318989,78,0,0
1670,0,1,CADC0888,5,465,94,0.1904300068085106,0.110728663681497,0.3327591676896326,0.7641674123099054,1.53260757631669,1,1,1,2,8,0.0017250158393792,0.0002156387091844,2325,470,0.0002381261584548,0.0011779645072499,94,0,1
1671,0,1,CADC0888,5,430,87,0.2845247308045976,0.1371068011068784,0.3702793554964663,-0.5355691095883128,1.0228918865378085,1,1,1,3,12,0.0014775688962535,0.0001829391411016,2150,435,0.0003188530258299,0.0015759402426077,87,0,1
1672,1,1,CADC0888,5,240,49,0.1730705693877551,0.0253543095195882,0.1592303661981226,-1.4718032968980077,0.4611446023192008,1,1,1,4,6,0.0007557901491261,0.0003773766655204,1200,245,0.0001056429563316,0.0005174348881548,49,1,1
1673,0,1,CADC0888,5,335,68,0.1246579720588235,0.0196460376341394,0.1401643236852355,-0.8186913477691498,0.8793902142870957,1,1,1,3,6,0.0003742820604026,0.0001857769653894,1675,340,5.864488846011784e-05,0.0002889123181491,68,0,1
1674,0,1,CADC0888,5,350,71,0.328595504225352,0.1144101015007263,0.3382456230326215,-0.9517133151824768,0.8035200185899315,1,1,1,2,15,0.0014365790802565,0.0001124549713614,1750,355,0.0003268860042877,0.0016114098802919,71,0,1
1675,0,1,CADC0888,5,270,55,0.0890740974545454,0.0128045157751146,0.1131570403250042,-0.7693160586322487,0.9668844286323676,1,1,1,1,3,0.0005851616574307,0.0003848572262435,1350,275,4.7424132500424585e-05,0.0002328093777293,55,0,1
1676,0,0,CADC0888,5,265,54,0.3555968646296296,0.0849485941355452,0.2914594210787244,-1.4471414004262273,0.1704002211445205,1,1,1,2,9,0.001220800410781,0.000223525678732,1325,270,0.0003205607325869,0.0015731221136212,54,0,0
1677,0,1,CADC0888,5,320,65,0.383156403076923,0.1311950207501027,0.3622085321332212,-1.3923687042472213,0.3475076348720739,1,1,1,2,13,0.0013671992041056,0.0001118152260215,1600,325,0.000409984439844,0.0020183849346169,65,0,1
1678,0,1,CADC0888,5,225,46,0.0810217282608695,0.0090600396024337,0.0951842403049673,-1.264951340290679,0.6204959580852099,1,1,1,3,5,0.0003602621464951,0.0003025897652568,1125,230,4.0266842677483406e-05,0.0001969573826616,46,0,1
1679,0,1,CADC0888,5,335,68,0.3211226351470588,0.144832050358684,0.3805680627150471,-1.0756266003693469,0.7256934329054533,1,1,1,2,5,0.0020519637936404,0.0005752262477232,1675,340,0.0004323344786826,0.00212988309351,68,0,1
1680,0,1,CADC0888,5,235,48,0.025745675,0.0016858011377797,0.0410585087135394,-0.5441167596370176,1.1133165165609695,1,1,1,2,4,0.0001347859741021,0.0001312970622495,1175,240,7.1736218628927305e-06,3.5120857037079e-05,48,0,1
1681,0,1,CADC0888,5,360,73,0.2554174863013699,0.1192350616586461,0.3453043029831023,-0.7548758107876883,0.943649383394679,1,1,1,2,12,0.0016984631360216,0.0001664292129659,1800,365,0.0003312085046073,0.0016333570090225,73,0,1
1682,0,1,CADC0888,5,265,54,0.0395933777777777,0.0037221149089328,0.0610091379133719,-0.4098324781271558,1.121835832942743,1,1,1,3,4,0.0001891420466384,0.0001948840504323,1325,270,1.4045716637482418e-05,6.892805386912668e-05,54,0,1
1683,0,1,CADC0888,5,345,70,0.2372013471428571,0.1022874525128999,0.319824096204304,-0.7930783453286083,0.9266704624786468,1,1,1,3,11,0.0016068803384965,0.0002311650942558,1725,350,0.0002964853696026,0.0014612493216128,70,0,1
1684,0,1,CADC0888,5,255,52,0.0480187711538461,0.0052163713378393,0.0722244511079133,-0.495834129884253,1.0803144454862457,1,1,1,2,4,0.000246448292507,0.0002164028163412,1275,260,2.045635818760533e-05,0.0001003148334199,52,0,1
1685,0,0,CADC0888,5,380,77,0.2225968948051948,0.1050629792259776,0.3241341994081735,-0.4762478386795212,1.0813140867843294,1,1,1,1,7,0.0016300739841813,0.0003366499345314,1900,385,0.0002764815242788,0.001364454275662,77,0,0
1686,0,0,CADC0888,5,220,45,0.0392992846666666,0.0033216051695394,0.0576333685423595,-0.6080814060604385,1.038338783029765,1,1,1,2,5,0.0002066737141374,0.0001810737282387,1100,225,1.5098205316088345e-05,7.381344821198746e-05,45,0,0
1687,0,1,CADC0888,5,365,74,0.2644616944594594,0.122633743152565,0.3501910095256088,-0.8145656239983694,0.910211944665107,1,1,1,3,7,0.0016749084705662,0.0002441537780607,1825,370,0.0003359828579522,0.0016572127453049,74,0,1
1688,0,1,CADC0888,5,235,48,0.04882283125,0.0035327347586871,0.0594368131605922,-0.7790947941090218,0.9206282673129086,1,1,1,3,6,0.0002082439026551,0.0002173818147064,1175,240,1.5032913866753824e-05,7.359864080598226e-05,48,0,1
1689,0,1,CADC0888,5,400,81,0.2511227990123456,0.114112735048277,0.3378057652679673,-0.6069543845517194,1.0158658000817866,1,1,1,2,7,0.0014474246091477,0.000199017632346,2000,405,0.0002852818376206,0.0014087991981268,81,0,1
1690,1,1,CADC0888,5,255,52,0.1009535480769231,0.0106495113209144,0.1031964695176846,-1.0540612066423136,0.7274699784225874,2,1,1,2,5,0.0009192504447867,0.0015593992262331,1275,260,4.176278949378203e-05,0.0002047982946329,52,1,1
1691,0,1,CADC0888,5,470,95,0.2371996063157894,0.084837335145158,0.2912684932243068,-0.3689233591007204,1.1203173006097151,1,1,1,1,12,0.0009441494453868,0.0002035023819389,2350,475,0.0001805049683939,0.0008930245804753,95,0,1
1692,0,1,CADC0888,5,325,66,0.1407045395454545,0.0305070083592624,0.1746625556874237,-0.9707950888040155,0.8335223605444559,1,1,1,3,5,0.0005825282318041,0.0002898158974629,1625,330,9.38677180284997e-05,0.0004622273993827,66,0,1
1693,0,1,CADC0888,5,390,79,0.2497471551898734,0.1060578825120237,0.3256652921513493,-0.7276871971074517,0.9548296391078036,1,1,1,1,13,0.0013748268011806,0.0002021941454267,1950,395,0.0002719432884923,0.0013425048419243,79,0,1
1694,1,1,CADC0888,5,285,58,0.144703274137931,0.0308718510536426,0.1757038731890751,-0.9603006935493535,0.811583290056551,2,1,1,2,2,0.0026846404912481,0.0063341299567784,1425,290,0.0001083222843987,0.0005322732940283,58,1,1
1695,0,1,CADC0888,5,370,75,0.2422205334666666,0.1053284295851176,0.3245434171033478,-0.7766533269773386,0.930489786471703,1,1,1,2,6,0.0014299351643064,0.000182559197198,1850,375,0.0002846714313111,0.0014043790611349,75,0,1
1696,1,1,CADC0888,5,345,70,0.1111510257142857,0.0255604999081464,0.159876514560915,-0.6276608953148415,1.027739772679969,2,1,1,3,3,0.0020441398618776,0.0048322816850505,1725,350,7.408840553085935e-05,0.0003651499986878,70,1,1
1697,0,1,CADC0888,5,380,77,0.242243448051948,0.099562531573056,0.315535309550383,-0.9538836483456704,0.8436993493346797,1,1,1,3,7,0.0012647478812928,0.0002778476414199,1900,385,0.0002620066620343,0.0012930198905591,77,0,1
1698,1,1,CADC0888,5,415,84,0.233798219047619,0.0842809057294893,0.2903117388764867,-1.0105092326694127,0.7851635929664611,2,1,1,1,2,0.0036368617420585,0.0088086788293009,2075,420,0.00020308651983,0.0010033441158272,84,1,1
1699,0,0,CADC0888,5,380,77,0.1986586094805194,0.0690257109270017,0.2627274460862468,-0.9302795381335992,0.8610408243092538,1,1,1,2,3,0.0010541828760166,0.0004684924809963,1900,385,0.0001816466077026,0.0008964378042467,77,0,0
1700,0,0,CADC0888,5,385,78,0.2336486846153846,0.0925133032523808,0.3041599961408153,-0.9124432042422636,0.8593098121213667,1,1,1,5,7,0.0012299171047922,0.0005604632506799,1925,390,0.000240294294162,0.0011860679904151,78,0,0
1701,0,1,CADC0888,5,365,74,0.2721035644594595,0.1089227864954036,0.3300345231872018,-1.1593121835758513,0.709964626449009,1,1,1,2,7,0.0013394694239089,0.0002204417702979,1825,370,0.000298418593138,0.0014719295472351,74,0,1
1702,1,1,CADC0888,5,335,68,0.2627979173529411,0.1021312180696726,0.3195797522836399,-1.0129065487719895,0.7730757019961408,2,1,1,2,2,0.0060036475577601,0.0142014986575259,1675,340,0.0003048693076706,0.0015019296774951,68,1,1
1703,0,1,CADC0888,5,355,72,0.3586827052777777,0.1598792865899153,0.399849079766248,-1.246007669954598,0.6023553007769328,1,1,1,4,6,0.0018677016377005,0.0005689301699418,1775,360,0.0004503641875772,0.0022205456470821,72,0,1
1704,0,0,CADC0888,5,390,79,0.3766868569620253,0.1494361424530798,0.3865697122810838,-1.3495984025363066,0.5150601280438752,1,1,1,2,9,0.0014239379582368,0.0003596985423458,1950,395,0.0003831695960335,0.0018915967399124,79,0,0
1705,0,1,CADC0888,5,400,81,0.3385959709876543,0.1478894912493587,0.3845640275030398,-1.2014574009237615,0.6508282796081062,1,1,1,3,5,0.0015733182990031,0.0008487475242055,2000,405,0.0003697237281233,0.0018257961882636,81,0,1
1706,0,1,CADC0888,5,480,97,0.3524709846391752,0.1387456078473503,0.3724857149574334,-1.2538381764327675,0.5940766325502027,1,1,1,4,15,0.0008419804322938,0.000166020856744,2400,485,0.0002890533496819,0.0014303670912097,97,0,1
1707,0,1,CADC0888,5,430,87,0.324542518275862,0.1422954361841523,0.3772206730604148,-0.933414207521846,0.8124918675487935,1,1,1,2,6,0.0013192938445402,0.0002741870545639,2150,435,0.0003309196190329,0.0016355797262546,87,0,1
1708,1,1,CADC0888,5,335,68,0.2961731813235295,0.1152576404523062,0.3394961567563118,-1.0646063560078491,0.7256883999804471,2,1,1,1,1,0.0112671999752035,0.0300452794942408,1675,340,0.0003440526580665,0.0016949653007692,68,1,1
1709,0,0,CADC0888,5,350,71,0.3870176797183098,0.156634563390705,0.3957708470702523,-1.3567290612675529,0.4805875817964364,1,1,1,4,7,0.0017711297954474,0.0007045231260481,1750,355,0.0004475273239734,0.0022061206111366,71,0,0
1710,0,0,CADC0888,5,375,76,0.3501465403947368,0.1539252899355592,0.3923331364230649,-1.2463874692433958,0.6059281149209655,1,1,1,2,14,0.0014959197499855,9.580660926607034e-05,1875,380,0.0004104674398281,0.0020253327623099,76,0,0
1711,0,1,CADC0888,5,375,76,0.3026512881578947,0.1216133502348097,0.3487310571698623,-1.239688710155877,0.6339657652780278,1,1,1,3,11,0.0012665525573538,0.0002085204557494,1875,380,0.0003243022672928,0.0016001756609843,76,0,1
1712,0,0,CADC0888,5,420,85,0.3265513517647059,0.1312824122481811,0.3623291490457,-1.3275533138712337,0.5535854865957948,1,1,1,1,11,0.0010620363783597,0.0001286476044698,2100,425,0.0003125771720194,0.0015444989676256,85,0,0
1713,0,1,CADC0888,5,390,79,0.2775071363291139,0.1141734607550718,0.3378956358923148,-1.0923095083682202,0.7392652192965671,1,1,1,3,6,0.0012304211305332,0.0003122693094209,1950,395,0.0002927524634745,0.0014452336804439,79,0,1
1714,1,1,CADC0890,5,180,37,0.1686966702702702,0.0234992699308507,0.1532947159260577,2.061673923482986,1.774506032761746,3,1,1,3,5,0.0123628284698218,0.0277270563253853,900,185,0.0001305514996158,0.0006351154035365,37,1,1
1715,1,1,CADC0890,5,237,48,0.157277114375,0.0581274137119793,0.2410962747783119,1.3686948839035835,1.6609365486027905,2,2,1,1,2,0.0166621535371518,0.0328770626716558,1199,240,0.0002452633489956,0.0012109877856662,48,1,1
1716,1,0,CADC0890,5,220,45,0.1207438866666666,0.0369148813712727,0.1921324578806837,1.5492519597542476,1.641553285695747,2,2,1,1,2,0.0144896053121577,0.0291916330387548,1100,225,0.0001677949153239,0.0008203306971393,45,1,0
1717,1,1,CADC0890,5,205,42,0.0607941259523809,0.0119421076973584,0.1092799510310948,3.278364754593902,2.0940659176294707,2,2,1,1,2,0.0054183805089712,0.0115403540966287,1025,210,5.82541838895536e-05,0.0002843358975561,42,1,1
1718,1,1,CADC0890,5,195,40,0.12794355375,0.0427640054367221,0.2067945972135688,1.3284876814436686,1.6056938361496074,3,2,1,2,4,0.0406577678415155,0.1076491505162741,975,200,0.0002193025919831,0.001069100135918,40,1,1
1719,1,1,CADC0890,5,175,36,0.3305022972222222,0.1490233208641437,0.3860353880982205,-0.8658019684742184,0.8167309088887424,2,1,1,2,3,0.0459774867592625,0.0961598527669834,875,180,0.0008515618335093,0.0041395366906706,36,1,1
1720,0,1,CADC0890,5,235,48,0.4105102308333332,0.1491085472850508,0.3861457591183034,-1.0027421146476243,0.6761735707069491,1,1,1,6,10,0.0046940709230312,0.0023113496482681,1175,240,0.0006345044565321,0.0031064280684385,48,0,1
1721,0,1,CADC0890,5,250,51,0.3585543372549019,0.1325534562891545,0.3640789149197664,-0.7563067987179246,0.9191410529692932,1,1,1,3,10,0.0038555488015181,0.0005135511055333,1250,255,0.0005302138251566,0.0025990873782187,51,0,1
1722,0,1,CADC0890,5,235,48,0.3407496775,0.1586575477852222,0.398318400008363,-0.8725946859146894,0.8355965893258803,1,1,1,3,7,0.0053784820627927,0.0021540467047998,1175,240,0.0006751385012137,0.0033053655788587,48,0,1
1723,1,1,CADC0890,5,165,34,0.3123967329411765,0.1434197457777045,0.3787079953971192,-1.1201544797274157,0.7804584951090155,2,1,1,2,3,0.032812591443596,0.0654933051934442,825,170,0.0008692105804709,0.0042182278169913,34,1,1
1724,1,1,CADC0890,5,195,40,0.121847269,0.0511389562177589,0.2261392407738183,1.813093811922629,1.8116260026050173,3,2,1,2,4,0.0413059340519708,0.1072909199724022,975,200,0.0002622510575269,0.0012784739054439,40,1,1
1725,1,0,CADC0890,5,195,40,0.345782901,0.1277731284881566,0.357453673205573,-0.7315644520171096,0.8648094424724277,2,1,1,3,3,0.0321284715943241,0.0580657850742496,975,200,0.0006552468127597,0.0031943282122039,40,1,0
1726,1,1,CADC0890,5,100,21,0.3097762523809523,0.1686515875054168,0.410672116785906,-1.1378673647947268,0.7938081443067161,2,1,1,2,2,0.0850601132229089,0.2370171499536495,500,105,0.0016865158750541,0.0080310279764484,21,1,1
1727,1,1,CADC0890,5,90,19,0.2096417563157894,0.0803090987583701,0.2833886002618492,-1.0596690417199894,0.8477825721084358,2,1,1,2,3,0.0751413122050478,0.2456558421232697,450,95,0.0008923233195374,0.0042267946714931,19,1,1
219,0,1,CADC0892,5,215,44,0.3608528227272727,0.1763189048629917,0.4199034470720522,-1.1431892127341254,0.6792455325622585,1,1,1,3,6,0.0058825465705772,0.0021332786692342,1093,220,0.0008200879295953,0.0040072478377952,44,0,1
220,0,1,CADC0892,5,250,52,0.3112935942307692,0.1912140687043528,0.4372803090745716,-0.4778971165880192,1.0581193615064777,1,1,1,5,11,0.0059475228494431,0.0012736127415499,1262,260,0.0007648562748174,0.0036771936289298,52,0,1
221,0,0,CADC0892,5,191,39,0.3243037282051282,0.1514076583472743,0.389111370107935,-1.175040656181171,0.6962372892953352,1,1,1,1,4,0.0061551413644568,0.0006831611902129,965,195,0.000792710253127,0.0038822476499301,39,0,0
222,0,1,CADC0892,5,227,46,0.3346076369565217,0.2152083854073153,0.4639055781161887,-0.4392186993768341,1.0520200455336757,1,1,1,2,8,0.0083020456995924,0.001421954744534,1147,230,0.0009480545612657,0.0046784431610285,46,0,1
223,0,1,CADC0892,5,186,38,0.3892984931578947,0.205786343138804,0.4536367965000238,-1.137544296678708,0.6900828737916546,1,1,1,2,10,0.0085984312924364,0.0015755016776703,936,190,0.0011063781889183,0.0054154300826001,38,0,1
224,0,0,CADC0892,5,210,43,0.3450315762790698,0.1941007336402248,0.4405686480450292,-0.8604123370743948,0.8704003472354223,1,1,1,2,9,0.0073574874910956,0.0013098216654485,1050,215,0.0009242892078105,0.0045139705497726,43,0,0
225,0,1,CADC0892,5,210,43,0.4038187609302325,0.2435264740369158,0.493484015989288,-0.7975440295037033,0.8648557653835615,1,1,1,3,10,0.0089847843624495,0.0014042419514371,1050,215,0.0011596498763662,0.0056634063729515,43,0,1
226,0,0,CADC0892,5,245,50,0.311416119,0.1514475958802373,0.3891626856216271,-0.7774550943978098,0.9325899750155427,1,1,1,1,10,0.0047382589847658,0.0009437635268562,1225,250,0.0006181534525723,0.0030289519176047,50,0,0
227,0,1,CADC0892,5,230,47,0.4639485127659574,0.2396075155305969,0.4894972068670024,-0.9958764331165816,0.7228087380918319,1,1,1,2,10,0.0067940922534357,0.0013362583340485,1150,235,0.0010417718066547,0.0050980322453318,47,0,1
228,0,0,CADC0892,5,260,53,0.3814267867924528,0.1552225403992162,0.3939829189180873,-1.053717727077421,0.7518878206384643,1,1,1,3,11,0.0036555428322251,0.0008763272115086,1300,265,0.0005970097707662,0.0029287271773437,53,0,0
229,0,0,CADC0892,5,285,58,0.4503788086206897,0.2432848305289152,0.4932391210446666,-0.3861002107119127,1.0378760098671556,1,1,1,3,13,0.0061237699676741,0.0017049895602567,1425,290,0.0008536309843119,0.0041945660436019,58,0,0
230,0,1,CADC0892,5,265,54,0.4083336351851851,0.1711518549789652,0.4137050337848999,-0.9475500890769504,0.7902195809334135,1,1,1,4,10,0.0040143007342738,0.0013653422310492,1325,270,0.0006458560565243,0.0031694787959067,54,0,1
231,0,1,CADC0892,5,216,44,0.4659003309090909,0.2303085219903421,0.4799047009462839,-1.1125737256990067,0.6391023247339261,1,1,1,3,11,0.0066947484847007,0.00119760082567,1102,220,0.0010662431573626,0.0052342845906895,44,0,1
232,0,1,CADC0892,5,292,59,0.3414036744067796,0.2177745215083967,0.4666631777935738,-0.1655150985577216,1.1706982952525882,1,1,1,1,10,0.0059139308150739,0.0011156296748551,1474,295,0.0007458031558506,0.003691093584888,59,0,1
233,0,1,CADC0892,5,232,47,0.3301816342553191,0.1756119009145538,0.4190607365460928,-0.8688395739628665,0.8571443185244781,1,1,1,2,7,0.0055830135973264,0.0012577909925762,1172,235,0.0007569478487696,0.0037364234237139,47,0,1
234,0,1,CADC0892,5,202,41,0.4446756141463414,0.2724801190153342,0.5219962825685008,-0.9183338043663212,0.7681382951198449,1,1,1,4,8,0.0107389616023582,0.003529598534184,1034,205,0.0013489114802739,0.0066458565613496,41,0,1
235,1,0,CADC0892,5,250,27,0.0514718814814814,0.0176106967828096,0.1327053005075895,6.167141894914868,2.705066235608958,1,1,1,1,2,0.0141764224068184,0.0319037527611136,16250,135,7.044278713123862e-05,0.0006522480289929,27,1,0
236,0,1,CADC0892,5,221,45,0.3203752488888889,0.1651295819138455,0.4063613932374058,-0.9329654086726608,0.8334046413384864,1,1,1,4,9,0.0056421610805163,0.0012418835314604,1111,225,0.0007471926783431,0.0036695462647521,45,0,1
237,0,1,CADC0892,5,241,49,0.3455333142857142,0.1986541328600134,0.445706330289366,-0.8888899229112983,0.8604742701613701,1,1,1,3,11,0.0058405086836316,0.0010357188372442,1211,245,0.0008242910077178,0.0040541659767349,49,0,1
821,0,1,CADC0892,1,294,295,0.3174144265423729,0.1477082337511222,0.3843282890331158,-1.1112226870117692,0.7333197634859138,1,1,1,21,28,0.0001849876561049,0.0002138631254574,294,295,0.0005024089583371,0.0005007058771224,295,0,1
822,0,0,CADC0892,1,275,276,0.3693378475724638,0.1736329810354638,0.4166929097494507,-1.2288689313353822,0.6196627913719888,2,1,1,33,49,0.0001805946249516,0.000147362167922,275,276,0.0006313926583107,0.0006291050037516,276,0,0
823,0,1,CADC0892,1,283,284,0.3381335825704225,0.1428949288601761,0.3780144558878353,-1.2646995822473617,0.6132591211622253,1,1,1,30,34,0.0002066337879636,0.0003050617897628,283,284,0.0005049290772444,0.0005031511579583,284,0,1
824,0,1,CADC0892,1,296,297,0.3043383396632996,0.1147572503939392,0.3387583953113771,-1.2298193141654443,0.6422376561142638,2,1,1,21,28,0.0001972042694503,0.0003581724259705,296,297,0.000387693413493,0.0003863880484644,297,0,1
825,0,1,CADC0892,1,284,285,0.2108394018596491,0.069528474300822,0.2636825255886746,-1.0168407358952116,0.8043811202467284,2,1,1,16,24,0.000124094602013,0.0001668971948378,284,285,0.0002448185714817,0.0002439595589502,285,0,1
826,0,1,CADC0892,1,262,263,0.2769620590874525,0.0856529388016392,0.292665233332624,-1.1611328385778608,0.6735126278040765,1,1,1,14,27,0.0001596629794318,0.0002162886705981,262,263,0.0003269196137467,0.0003256765733902,263,0,1
827,0,0,CADC0892,1,229,230,0.1744728165217391,0.0400534529544035,0.2001335877717769,-0.906681629540656,0.8459490204931168,1,1,1,23,36,0.0001164046365347,0.0001682798956194,229,230,0.0001749059080978,0.0001741454476278,230,0,0
828,0,0,CADC0892,1,244,245,0.2951086314285713,0.1187071727667764,0.3445390729173928,-1.1108256235845062,0.726608870184144,1,1,1,14,35,0.0001949288855128,0.0001689107381111,244,245,0.0004865048064212,0.0004845190725174,245,0,0
829,0,1,CADC0892,1,203,204,0.2461361564705882,0.0731704129358735,0.2705003011751992,-1.2099000515977951,0.6568068529333645,1,1,1,10,13,0.0001962304305746,0.0002612826821753,203,204,0.0003604453839205,0.0003586784947836,204,0,1
830,0,1,CADC0892,1,211,212,0.4025026346226415,0.1904208806773484,0.4363724105364,-1.2852450852952115,0.565844322084624,2,1,1,20,32,0.0002808752411293,0.0001400232395955,211,212,0.0009024686288025,0.0008982117013082,212,0,1
831,0,0,CADC0892,1,216,217,0.4191513962211982,0.1948795679950406,0.4414516598621424,-1.3090544368713035,0.53749868929475,2,1,1,19,29,0.0002863977902416,0.0001994342136626,216,217,0.0009022202221992,0.0008980625253227,217,0,0
832,0,1,CADC0892,1,203,204,0.2653647184803921,0.0926448755605656,0.3043762072839559,-1.2622234967629602,0.6319350227577271,1,1,1,20,25,0.0001744746888682,0.0001378898468903,203,204,0.0004563786973426,0.0004541415468655,204,0,1
833,0,1,CADC0892,1,222,223,0.3288652600896861,0.1485585659802325,0.3854329591254911,-1.1634571659668471,0.6801460096685555,1,1,1,14,25,0.0002997505603559,0.0003349798826144,222,223,0.0006691827296406,0.0006661819102252,223,0,1
834,0,1,CADC0892,1,199,200,0.1624576498,0.0411249730230839,0.2027929313932908,-1.0466672560323005,0.7848398626471818,2,1,1,13,31,9.34650755086814e-05,7.341009772526667e-05,199,200,0.0002066581558948,0.0002056248651154,200,0,1
835,0,0,CADC0892,1,235,236,0.2500696426694915,0.1005174031850103,0.3170447968111294,-1.014961799760182,0.8045973577270169,1,1,1,19,25,0.0001836078977075,0.0001723114804405,235,236,0.0004277336305745,0.0004259211999364,236,0,0
836,0,1,CADC0892,1,195,196,0.1200655459183673,0.0230415397744113,0.151794399680658,-0.972075273896762,0.8168642340554312,1,1,1,18,23,9.73195278393846e-05,0.0001674569719259,195,196,0.0001181617424328,0.0001175588764,196,0,1
837,0,1,CADC0892,1,235,236,0.2754308122033898,0.1162267016721871,0.3409203743870219,-1.062132233736695,0.7666920845088457,1,1,1,9,23,0.0001977494609108,0.0001618530975567,235,236,0.0004945817092433,0.0004924860240346,236,0,1
838,0,1,CADC0892,1,215,216,0.1174436726851851,0.0259111910942726,0.1609695346774433,-0.7219166264233459,0.9668898815099916,1,1,1,20,30,6.240670742790697e-05,4.5347636484299054e-05,215,216,0.0001205171678803,0.000119959218029,216,0,1
839,0,1,CADC0892,1,242,243,0.3290147843621399,0.1646863664213854,0.4058156803542533,-1.0434789397608069,0.772766568140762,1,1,1,16,22,0.0003033028640649,0.0003714293331445,242,243,0.0006805221752949,0.0006777216725159,243,0,1
840,0,1,CADC0892,1,200,201,0.2607738850746268,0.0878044372831622,0.2963181352586478,-1.2725994766403463,0.6178281976697774,1,1,1,14,23,0.0002082149127052,0.000238272753875,200,201,0.0004390221864158,0.0004368379964336,201,0,1
841,0,0,CADC0892,1,195,196,0.2694192612244898,0.0904384809581037,0.3007299136403025,-1.3166495811271313,0.5854362685249718,1,1,1,15,25,0.0001700252002071,0.0001103136165045,195,196,0.0004637870818364,0.0004614208212148,196,0,0
842,0,1,CADC0892,1,230,231,0.3280554354112553,0.1715861051608434,0.4142295319757434,-0.9794679540161256,0.8101859881232413,2,1,1,17,20,0.0003159427884848,0.0003018844920279,230,231,0.0007460265441775,0.0007427969920382,231,0,1
843,0,1,CADC0892,1,163,164,0.0243449170731707,0.0013955744739209,0.0373573884783308,-0.1046979918865624,1.1862675645678316,3,1,1,11,13,3.288739338343556e-05,7.810676731456786e-05,163,164,8.56180658847195e-06,8.509600450737365e-06,164,0,1
844,0,1,CADC0892,1,230,231,0.3118757585714286,0.1670227847200177,0.4086842114885498,-0.82803986820532,0.892861747501409,1,1,1,21,22,0.0003231483852251,0.0002930671853494,230,231,0.0007261860205218,0.0007230423580953,231,0,1
845,0,1,CADC0892,1,191,192,0.10729470796875,0.0210378670701669,0.1450443624211813,-0.7103771568838098,0.9597502333554137,2,1,1,18,27,0.000101432052161,0.0001637648068719,191,192,0.0001101459008909,0.0001095722243237,192,0,1
846,0,1,CADC0892,1,219,220,0.3538351444545455,0.1733787295947694,0.4163877154705329,-1.1371998750056873,0.7013903168623635,1,1,1,25,28,0.0002876248944803,0.0002251207852453,219,220,0.0007916836967797,0.0007880851345216,220,0,1
847,0,1,CADC0892,1,207,208,0.30721198125,0.1134387209787847,0.3368066522187244,-1.3061396151866,0.5861301651400266,1,1,1,17,35,0.0001994389520814,0.0001244541485557,207,208,0.000548013144825,0.0005453784662441,208,0,1
848,0,1,CADC0892,1,221,222,0.2974601572072072,0.107820447530763,0.3283602404840803,-1.273268117638128,0.6158717934385631,1,1,1,20,29,0.0001720608199533,0.0001299744839572,221,222,0.0004878753281934,0.00048567769158,222,0,1
849,0,1,CADC0892,1,228,229,0.3661452383406113,0.1834537046119072,0.4283149595938801,-1.036637405933435,0.7621331748843412,2,1,1,19,21,0.0002984349298236,0.0002317745581703,228,229,0.0008046215114557,0.0008011078804013,229,0,1
850,0,1,CADC0892,1,200,201,0.1462487089552239,0.0272091733136821,0.1649520333723782,-0.9371806024630818,0.8169551356971482,2,1,1,17,22,0.0001127785265337,0.0002066770170315,200,201,0.0001360458665684,0.0001353690214611,201,0,1
851,0,1,CADC0892,1,232,233,0.3696684227467811,0.175394714112,0.4188015211433694,-0.847584179527253,0.8658037142225026,1,1,1,16,21,0.000296770836506,0.0002082833360966,232,233,0.0007560116987586,0.0007527670133562,233,0,1
852,1,1,CADC0892,1,172,173,0.0640333413294797,0.0027820199372107,0.0527448569740288,-1.408737874998834,-0.0075191643429144,5,2,1,24,27,3.903862271489806e-05,8.809883726078364e-05,172,173,1.6174534518667227e-05,1.608104009948418e-05,173,1,1
853,0,0,CADC0892,1,229,230,0.3253460488260869,0.1600253131325685,0.4000316401643357,-0.8833339334875827,0.859714990602723,1,1,1,14,26,0.0002800007346009,0.000199850898179,229,230,0.0006988004940286,0.0006957622310111,230,0,0
854,1,1,CADC0892,1,161,162,0.055367374074074,0.0036848888047788,0.060703284958714,-0.6478760760792865,0.9406828021599412,1,1,1,19,15,4.768664677552718e-05,7.902069969944377e-05,161,162,2.2887508104216355e-05,2.27462271899928e-05,162,1,1
855,0,1,CADC0892,1,209,210,0.3592987903809523,0.1862531731590362,0.4315705888484944,-1.0610569351867187,0.7461563279976512,2,1,1,21,26,0.0003528599458321,0.0002508970442192,209,210,0.0008911635079379,0.0008869198721858,210,0,1
856,0,0,CADC0892,1,172,173,0.2841903343352601,0.0829313856505115,0.2879780992549807,-1.3478340238145452,0.5160151723217724,1,1,1,13,14,0.0002317360641705,0.0002171871520709,172,173,0.0004821592188983,0.0004793721713902,173,0,0
857,0,1,CADC0892,1,175,176,0.247941389375,0.0739239947737043,0.2718896739004707,-1.2765330446953538,0.5989647154928947,1,1,1,16,25,0.000161110463607,7.260149257058285e-05,175,176,0.0004224228272783,0.0004200226975778,176,0,1
858,0,1,CADC0892,1,196,197,0.3763089381725887,0.1840936989493939,0.4290614162907147,-1.2011443615512232,0.6447555300898594,1,1,1,11,21,0.0003101175722943,0.0001123869402397,196,197,0.0009392535660683,0.000934485781469,197,0,1
859,1,1,CADC0892,1,134,135,0.0500184452592592,0.0040888493975053,0.0639441115154893,-1.0109071714214173,0.788950826831794,1,1,1,11,17,5.334519255812388e-05,8.139858863771276e-05,134,135,3.051380147392044e-05,3.028777331485436e-05,135,1,1
860,0,0,CADC0892,1,211,212,0.3243162726415094,0.1754241336608648,0.4188366431687476,-0.8762235560428207,0.8648413453739207,1,1,1,12,31,0.0002982849994455,8.410255129390491e-05,211,212,0.0008313939983927,0.0008274723285889,212,0,0
861,1,0,CADC0892,1,145,146,0.0269048684931506,0.0015358164406711,0.0391894940088692,-0.7456910556557306,0.9674651253310228,2,1,1,12,17,3.962774783282758e-05,8.554872735861111e-05,145,146,1.059183752187034e-05,1.0519290689528764e-05,146,1,0
862,0,1,CADC0892,1,194,195,0.3648757374358974,0.1758650366677921,0.4193626553089725,-1.1991458152394474,0.6523545591697544,1,1,1,15,22,0.0003493483827835,0.0002463355920847,194,195,0.0009065208075659,0.0009018719829117,195,0,1
863,0,0,CADC0892,1,168,169,0.1256375094674556,0.0228033542131795,0.1510077952066699,-1.08917592807339,0.7387586232140368,1,1,1,16,24,0.0001002742970101,0.0001352140180984,168,169,0.0001357342512689,0.0001349310900188,169,0,0
864,0,1,CADC0892,1,195,196,0.3632029341836735,0.1508979855404654,0.3884558990934046,-1.3508242565757411,0.5274027508119103,1,1,1,13,29,0.0002262626196848,5.84928357152577e-05,195,196,0.0007738358232844,0.0007698876813289,196,0,1
865,0,0,CADC0892,1,175,176,0.3100197198863636,0.1003846130838292,0.3168353090863283,-1.4419294696650684,0.442252232096683,2,1,1,11,26,0.0002071627110642,0.0001179303720706,175,176,0.000573626360479,0.0005703671197944,176,0,0
866,0,1,CADC0892,1,159,160,0.20999029375,0.0481185318371119,0.2193593668779885,-1.3828738065597723,0.5027770737828995,1,1,1,17,27,0.000120871087232,6.367324836924059e-05,159,160,0.0003026322757051,0.0003007408239819,160,0,1
867,0,1,CADC0892,1,204,205,0.3334888542926829,0.1654578533710367,0.4067651083500609,-1.0915875238351498,0.7407654516429022,1,1,1,11,15,0.0002854322769506,0.0001114925987038,204,205,0.0008110679086815,0.0008071114798587,205,0,1
868,1,0,CADC0892,1,108,109,0.0118122070642201,0.0003569068058638,0.0188919772883578,-0.525035965957263,1.116307200201464,4,1,1,9,14,1.5524543917812966e-05,2.6075284187171968e-05,108,109,3.3046926468873145e-06,3.2743743657232107e-06,109,1,0
869,0,1,CADC0892,1,216,217,0.311809533640553,0.1635683865644175,0.4044358868404454,-0.8826397255895584,0.8663527232479731,1,1,1,19,26,0.0003072331692887,0.0001994218801575,216,217,0.0007572610489093,0.0007537713666563,217,0,1
870,1,0,CADC0892,1,126,127,0.0317755771653543,0.0015855691143497,0.0398192053455338,-1.1287458985243588,0.6975896393810567,4,1,1,15,19,5.665676360000001e-05,0.0001178727007572,126,127,1.2583881859918991e-05,1.2484796175982625e-05,127,1,0
871,0,0,CADC0892,1,190,191,0.3300602073298429,0.1394819554193078,0.3734728308984575,-1.248089667502935,0.6239989941456459,1,1,1,16,25,0.000273191418775,0.0001561977552634,190,191,0.0007341155548384,0.0007302720179021,191,0,0
872,0,1,CADC0892,1,181,182,0.2635639241758241,0.0733982425716003,0.2709211002701714,-1.2966706170218008,0.5580829338729842,2,1,1,15,28,0.0001848429833415,0.0001710191422948,181,182,0.0004055151523292,0.0004032870470967,182,0,1
873,0,1,CADC0892,1,148,149,0.1583697536912751,0.0260368414364865,0.1613593549704711,-1.2704684322137971,0.5358441325872896,1,1,1,21,27,0.0001671481990392,0.0003166150230376,148,149,0.0001759246043005,0.0001747439022582,149,0,1
874,0,1,CADC0892,1,200,201,0.3450052323383085,0.1672784275078165,0.4089968551319393,-1.1305118393778335,0.7077058993235829,1,1,1,20,27,0.0002987982959596,0.0001402346951715,200,201,0.000836392137539,0.0008322309826259,201,0,1
875,1,1,CADC0892,1,130,131,0.0092742990076335,0.0002921221922651,0.0170915824973927,0.3083194044487261,1.4375843304929,6,1,1,7,11,1.4120254113721536e-05,2.017269128593333e-05,130,131,2.2470937866552416e-06,2.2299403989708504e-06,131,1,1
876,0,1,CADC0892,1,241,242,0.2851573505371901,0.1651596776388026,0.4063984222887715,-0.4816022111114297,1.06814854634998,1,1,1,18,25,0.0003118282671951,0.0002043011200987,241,242,0.0006853098657211,0.0006824780067719,242,0,1
877,1,1,CADC0892,1,131,132,0.0224477993939393,0.0008245854115777,0.0287155952676901,-0.9054528418096086,0.8159361981640212,1,1,1,9,20,2.9523777429229982e-05,4.774115017447692e-05,131,132,6.294545126548019e-06,6.246859178619626e-06,132,1,1
878,0,1,CADC0892,1,222,223,0.3346082877130045,0.1612583257507638,0.4015698267434492,-0.9939176057620543,0.7967304572852115,1,1,1,26,31,0.0003490809499718,0.000392592622482,222,223,0.0007263888547331,0.0007231315056088,223,0,1
879,0,1,CADC0892,1,170,171,0.2082426681286549,0.0400994274765026,0.2002484144169503,-1.2971761964184936,0.5199273026288083,1,1,1,18,17,0.0002546972748495,0.0005268563152894,170,171,0.0002358789851558,0.0002344995758859,171,0,1
880,0,1,CADC0892,1,175,176,0.3146202021022727,0.0824094575393512,0.2870704748652345,-1.4452835281790386,0.3395231404996799,2,1,1,28,33,0.0002691842233243,0.0004244028367609,175,176,0.0004709111859391,0.0004682355542008,176,0,1
881,0,1,CADC0892,1,154,155,0.454437245032258,0.1389659322071014,0.372781346377607,-1.5269736392027065,0.2391080681861559,2,1,1,16,27,0.0004786735370231,0.0006498096620526,154,155,0.0009023761831629,0.0008965544013361,155,0,1
882,1,1,CADC0892,1,191,192,0.0823982205729166,0.0040947576834987,0.0639902936662952,-1.4090643775336635,-0.0621602977121008,4,1,1,37,42,9.096234388929424e-05,0.00022623628193,191,192,2.143852190313457e-05,2.132686293488908e-05,192,1,1
883,0,0,CADC0892,1,207,208,0.3733557318749999,0.1806190651456194,0.4249930177610209,-0.9940462231520608,0.7810172895096754,1,1,1,29,42,0.0003600727434563,0.0002623466018543,207,208,0.0008725558702686,0.0008683608901231,208,0,0
884,0,1,CADC0892,1,236,237,0.31473037,0.1762903430877166,0.4198694357627341,-0.6822464311222229,0.9629934262803984,2,1,1,25,34,0.0002986357892215,0.0001772004455219,236,237,0.0007469929791852,0.0007438411100747,237,0,1
885,1,1,CADC0892,1,126,127,0.11801639503937,0.0071953401572322,0.0848253509113414,-1.3823515417430696,0.3761384274158803,1,1,1,19,23,8.150756668165687e-05,0.0001543570902078,126,127,5.7105874263747785e-05,5.665622171048993e-05,127,1,1
886,0,1,CADC0892,1,179,180,0.2951701157222222,0.0909121189342015,0.3015163659475245,-1.290623036617246,0.5516427942404339,1,1,1,16,28,0.000214421064682,0.0001841070088292,179,180,0.0005078889325933,0.0005050673274122,180,0,1
887,0,1,CADC0892,1,168,169,0.3460275492899408,0.1106487320442016,0.3326390416716018,-1.441816917803286,0.400013611777073,1,1,1,20,23,0.0002798031777224,0.0002856236153447,168,169,0.000658623405025,0.0006547262251136,169,0,1
888,1,1,CADC0892,1,130,131,0.0565759653435114,0.0029392998157057,0.0542153097907385,-1.2022730894680629,0.4729141384731782,3,1,1,19,24,5.292307178243976e-05,0.0001017073682503,130,131,2.260999858235193e-05,2.243740317332634e-05,131,1,1
889,0,1,CADC0892,1,281,282,0.2406491174822695,0.1479093734595689,0.3845898769592992,0.0626228778924029,1.2943724849339444,1,1,1,19,27,0.0002279285537026,8.77320321215121e-05,281,282,0.0005263678770803,0.0005245013243247,282,0,1
890,0,1,CADC0892,1,290,291,0.2265481141924399,0.1393359144004602,0.3732772620994483,0.2619687051777246,1.367789986889267,1,1,1,16,27,0.0002428510544317,0.000161311740706,290,291,0.0004804686703464,0.0004788175752593,291,0,1
891,1,1,CADC0892,1,122,123,0.0708527306504065,0.0050712694496437,0.0712128460998696,-1.3271803556035426,0.4642453856665233,1,1,1,18,21,8.515663578494918e-05,0.0001810459939344,122,123,4.156778237412884e-05,4.122983292393267e-05,123,1,1
892,0,1,CADC0892,1,184,185,0.3386951908108108,0.1212143053736296,0.3481584486604191,-1.3948838756530804,0.4840886267941575,2,1,1,15,28,0.0002162602506363,9.424109404524594e-05,184,185,0.0006587733987697,0.000655212461479,185,0,1
893,0,1,CADC0892,1,165,166,0.2689956542168675,0.0690320127747992,0.262739438940558,-1.385982144975332,0.4628157476645718,2,1,1,17,22,0.0001836965767441,0.0001344071453462,165,166,0.0004183758349987,0.0004158554986433,166,0,1
894,0,1,CADC0892,1,155,156,0.1717850974358974,0.0272150129773234,0.1649697335189805,-1.4003846938644344,0.4547920183684911,1,1,1,19,20,0.0001383840658348,0.00024248775894,155,156,0.0001755807288859,0.000174455211393,156,0,1
895,0,0,CADC0892,1,255,256,0.25280476328125,0.1360603205804231,0.3688635527948283,-0.4514077345793437,1.090648094920838,1,1,1,13,20,0.0002607452088256,0.0002255201746344,255,256,0.0005335698846291,0.0005314856272672,256,0,0
896,0,1,CADC0892,1,240,241,0.2808877622406639,0.1523191549586773,0.3902808667596675,-0.6730703060016188,0.9881613152048534,1,1,1,19,31,0.0002481877696725,0.0001172274601243,240,241,0.0006346631456611,0.0006320296886252,241,0,1
897,1,1,CADC0892,1,104,105,0.0074997257142857,0.0001883170631881,0.0137228664348304,-0.0464637548755555,1.3536858600488548,5,1,1,6,9,1.333616109326923e-05,2.2022404462135926e-05,104,105,1.810740992194192e-06,1.7934958398875803e-06,105,1,1
898,0,1,CADC0892,1,196,197,0.3163333086294416,0.1268293479410408,0.3561310825258599,-1.266815694164766,0.6123543917049593,1,1,1,15,21,0.0002388888433349,0.0001412933834552,196,197,0.0006470885099032,0.000643803796655,197,0,1
899,0,1,CADC0892,1,153,154,0.227374767077922,0.0345976917332745,0.1860045476144993,-1.4293155887140578,0.1586435540304562,1,1,1,17,21,0.0001663889220469,0.0002936970204913,153,154,0.000226128704139,0.0002246603359303,154,0,1
900,0,1,CADC0892,1,154,155,0.1709995206451613,0.0253351290151994,0.1591701260136444,-1.4816964875584562,0.2557066824027758,2,1,1,16,18,0.0001470019553455,0.0003126530566717,154,155,0.000164513824774,0.0001634524452593,155,0,1
901,0,1,CADC0892,1,283,284,0.2217117204225352,0.1129728184095846,0.3361142936704487,-0.2434543172598,1.1811897742955932,1,1,1,18,24,0.0002089511445411,0.0002176247739428,283,284,0.0003991972381964,0.0003977916141182,284,0,1
902,0,1,CADC0892,1,301,302,0.2225919199006622,0.1346585080456684,0.3669584554764591,0.2323708414035401,1.3596595797095132,2,1,1,17,29,0.0002403742718096,0.0002153550747845,301,302,0.0004473704586234,0.0004458890994889,302,0,1
903,0,0,CADC0892,1,281,282,0.2264938643262411,0.1169080077711249,0.341918130217052,-0.2216540691982738,1.18818782489133,1,1,1,18,43,0.0001964988418228,0.0001561121784747,281,282,0.0004160427322815,0.0004145674034437,282,0,0
904,0,1,CADC0892,1,154,155,0.1664159774193548,0.0203911911844449,0.1427977282187814,-1.4311831451799593,0.1770837356378005,3,1,1,18,20,0.0001685048225113,0.0004099083721212,154,155,0.0001324103323665,0.0001315560721577,155,0,1
905,0,0,CADC0892,1,169,170,0.2600199137647058,0.0543166534095355,0.233059334525643,-1.460308853061433,0.2710292930368662,1,1,1,23,26,0.000184683497904,0.000276526900728,169,170,0.0003214003160327,0.0003195097259384,170,0,0
906,0,1,CADC0892,1,198,199,0.3259086037688442,0.1051736030369759,0.3243047995897933,-1.2901423663429314,0.5371786406780574,1,1,1,11,12,0.0004537975135081,0.0009514207991617,198,199,0.000531179813318,0.000528510568025,199,0,1
907,1,1,CADC0892,1,146,147,0.0381997561904761,0.0011264423660151,0.0335625142981748,-1.668169040115447,0.124028133336559,10,1,1,27,36,4.1249355846162166e-05,0.0001080577698818,146,147,7.715358671336932e-06,7.662873238198586e-06,147,1,1
908,0,1,CADC0892,1,178,179,0.4251941709497207,0.1563838255390769,0.3954539486957703,-1.3020628543772266,0.5674521056174975,1,1,1,25,30,0.000415162952201,0.000428219319298,178,179,0.0008785608176352,0.0008736526566428,179,0,1
909,0,1,CADC0892,1,215,216,0.3719937666203703,0.1658569278365083,0.4072553594939032,-1.0613317169405534,0.733980226955147,2,1,1,26,41,0.0003096911458499,0.0002699310124019,215,216,0.0007714275713325,0.0007678561473912,216,0,1
910,0,1,CADC0892,1,222,223,0.2802513061434977,0.092142856875832,0.3035504190012461,-1.027904926836141,0.7541139185840298,1,1,1,30,39,0.0001539799516278,9.99036337186598e-05,222,223,0.000415057913855,0.0004131966676046,223,0,1
911,1,1,CADC0892,1,277,278,0.2269197514748201,0.0360964242786429,0.1899905899739324,-0.96412891886244,0.4445424076235583,3,1,1,18,18,0.0001414785048808,0.0002852511934876,277,278,0.0001303120010059,0.0001298432528008,278,1,1
912,0,0,CADC0892,1,256,257,0.2504920416731517,0.119531879422394,0.3457338274198723,-0.6032605986049893,1.0194933006321123,1,1,1,16,28,0.0002289357421113,0.0002268809226101,256,257,0.0004669214039937,0.0004651045891921,257,0,0
913,0,1,CADC0892,1,272,273,0.2338444712820512,0.1302588988274353,0.3609139770463806,-0.1340706067643142,1.220099304447798,1,1,1,14,24,0.0002163915034606,0.0001164145647518,272,273,0.0004788930103949,0.0004771388235437,273,0,1
914,0,1,CADC0892,1,238,239,0.2476943191631799,0.1021960878627717,0.3196812285117344,-0.823712639782419,0.9017280557963264,1,1,1,10,22,0.000177863049892,0.0001389301661438,238,239,0.0004293953271545,0.0004275986939864,239,0,1
915,1,1,CADC0892,1,293,294,0.2183654574829931,0.0308158372578776,0.1755444025250525,-1.5014638863490053,-0.0179940796064289,2,2,2,20,35,9.41082264984983e-05,0.0001206477624318,293,294,0.0001051735059995,0.0001048157729859,294,1,1
916,0,1,CADC0892,1,251,252,0.2351061350396825,0.1041912313752045,0.3227866654234722,-0.6710240293780716,0.9875014108116474,3,1,1,16,28,0.0001873183946606,0.0001544859416905,251,252,0.0004151045074709,0.0004134572673619,252,0,1
917,0,1,CADC0892,1,279,280,0.2293026703571428,0.1303475602799518,0.361036785217174,-0.0742174993061723,1.2495065173444788,1,1,1,12,19,0.0002061782523117,0.0001012707441517,279,280,0.0004671955565589,0.0004655270009998,280,0,1
918,0,1,CADC0892,1,237,238,0.2736998865546218,0.1265303401248559,0.355711034584051,-0.906777353299662,0.8637724979210409,1,1,1,17,31,0.0001857862068275,7.805170669271185e-05,237,238,0.000533883291666,0.0005316400845582,238,0,1
919,1,1,CADC0892,1,311,312,0.187888653525641,0.0402365745229915,0.2005905643917268,-0.4203804427166648,0.9072173512513824,2,1,1,39,49,9.436122980231508e-05,0.0001328933303266,311,312,0.0001293780531285,0.0001289633798813,312,1,1
920,0,1,CADC0892,1,208,209,0.2654296966507177,0.0745664468003934,0.2730685752707429,-1.2207371430781344,0.6194953389911615,1,1,1,29,31,0.0001413253072301,0.0001167613473758,208,209,0.0003584925326941,0.0003567772574181,209,0,1
921,0,1,CADC0892,1,300,301,0.2098893365448505,0.1120133455019128,0.3346839486768269,-0.0004678978701813,1.27833389884409,2,1,1,19,24,0.0002117307103331,0.0002318134609824,300,301,0.0003733778183397,0.0003721373604714,301,0,1
922,0,1,CADC0892,1,261,262,0.2391201305343511,0.116237347387683,0.3409359872288096,-0.5557253998228826,1.0463585698568096,1,1,1,19,30,0.0001656653631888,6.936056652215387e-05,261,262,0.0004453538214087,0.0004436539976629,262,0,1
923,0,0,CADC0892,1,289,290,0.196571134137931,0.0538452180837098,0.232045724122876,-0.6250519096140339,0.929208873569442,1,1,1,27,41,9.394509989563184e-05,8.84371012773916e-05,289,290,0.0001863156335076,0.0001856731658058,290,0,0
924,0,1,CADC0892,1,283,284,0.2082984427112676,0.0451645349673374,0.2125194931467169,-0.8357681910626642,0.6925889237795303,2,1,1,19,43,7.315139528245159e-05,6.46768087962461e-05,283,284,0.000159591996351,0.0001590300527018,284,0,1
925,0,0,CADC0892,1,243,244,0.2654136487704918,0.1161318360047495,0.3407812142779433,-0.8688086256967935,0.8801083454866969,1,1,1,24,32,0.0001876214872116,0.0001394253220638,243,244,0.000477908790143,0.0004759501475604,244,0,0
926,1,1,CADC0892,1,283,284,0.2442516557042253,0.1163404046255532,0.3410870924346936,-0.1468435447254008,1.2089429265430802,1,1,1,14,17,0.0003330014464047,0.0005560121301789,283,284,0.0004110968361326,0.0004096493120618,284,1,1
927,1,0,CADC0892,1,218,219,0.3110472352511415,0.1063342507381218,0.3260893293840229,-1.1368463717396025,0.6883224954970987,1,1,1,8,13,0.0003733810872618,0.0005255569962131,218,219,0.0004877717923767,0.0004855445239183,219,1,0
928,0,1,CADC0892,1,313,314,0.2298843825796178,0.0381151898921737,0.1952311191694956,-1.5892654361810044,0.1045338537318737,3,1,1,46,51,0.0001687367575523,0.0004136970623047,313,314,0.0001217737696235,0.0001213859550706,314,0,1
929,0,0,CADC0892,1,245,246,0.2644081574796748,0.0798261758755747,0.2825352648353383,-0.9670393162585031,0.796740341824394,2,1,1,22,36,0.0001482579572114,0.0001629205965946,245,246,0.0003258211260227,0.0003244966499007,246,0,0
930,0,1,CADC0892,1,309,310,0.2371447328387097,0.1110085617322666,0.3331794737559122,-0.1980698082539382,1.1931948004040298,1,1,1,32,59,0.0001622155315555,0.0001436828701831,309,310,0.0003592510088422,0.0003580921346202,310,0,1
931,0,1,CADC0892,1,248,249,0.2671450081124498,0.111880985188594,0.3344861509668137,-0.9727882937086324,0.8159156992897917,2,1,1,15,23,0.0001761427146868,0.0001514853285146,248,249,0.0004511330047927,0.000449321225657,249,0,1
932,0,1,CADC0892,1,273,274,0.2152622482846715,0.0511912824078268,0.2262549058204635,-1.1952693430987442,0.5693138598076143,2,1,1,27,37,7.885793452882858e-05,9.757334106903018e-05,273,274,0.0001875138549737,0.0001868294978387,274,0,1
933,0,1,CADC0892,1,264,265,0.2302552127169811,0.0539710372554139,0.2323166745100616,-1.1241602659628804,0.5990942820836026,1,1,1,20,45,8.35796855584841e-05,8.064393918215966e-05,264,265,0.0002044357471795,0.0002036642915298,265,0,1
934,0,1,CADC0892,1,265,266,0.2294583894736842,0.1050561028276673,0.3241235919023287,-0.5589632706518981,1.0396874179794653,1,1,1,16,19,0.0002001713588336,0.0002122447067734,265,266,0.0003964381238779,0.0003949477549912,266,0,1
935,0,1,CADC0892,1,238,239,0.2655993769874477,0.1230770984338787,0.3508234576448369,-0.8551180758527974,0.8930379665218324,2,1,1,19,25,0.0002042932851039,0.0001435000292539,238,239,0.0005171306656885,0.0005149669390538,239,0,1
936,0,1,CADC0892,1,272,273,0.2386762013553113,0.0734675173960903,0.2710489206694805,-0.8575665370899133,0.8452430068614618,4,1,1,32,42,0.0001103134983721,9.126092149047747e-05,272,273,0.0002701011668973,0.0002691117853336,273,0,1
937,1,0,CADC0892,1,310,311,0.1942896508038585,0.0284987838217067,0.1688158281136776,-1.3146718647116955,0.1678912319281415,2,2,1,38,44,5.665833127800001e-05,7.219404171080906e-05,310,311,9.193156071518304e-05,9.163596084150078e-05,311,1,0
938,0,1,CADC0892,1,290,291,0.2136705781099656,0.0977055280841241,0.3125788349906693,-0.4201751659741779,1.1067563369648292,2,1,1,13,17,0.0001694997669118,0.0001878272744443,290,291,0.0003369156140831,0.0003357578284677,291,0,1
939,0,1,CADC0892,1,321,322,0.2076521332298136,0.1107162396069358,0.3327404988980689,0.0054049087728476,1.2832302295511206,1,1,1,12,18,0.0001614390378613,0.0001279878705929,321,322,0.0003449104037599,0.0003438392534376,322,0,1
940,0,1,CADC0892,1,304,305,0.2068272413114754,0.0871307151644967,0.2951791238629466,-0.4929643140966138,1.072514777692344,2,1,1,19,27,0.0001184314766261,0.0001015779746827,304,305,0.00028661419462,0.0002856744759491,305,0,1
941,0,1,CADC0892,1,282,283,0.2099117632508834,0.0290404501377978,0.1704125879675497,-1.7629017871591968,-0.1822424927677005,1,1,1,37,47,5.074030520744681e-05,7.281874707814949e-05,282,283,0.0001029803196375,0.0001026164315823,283,0,1
942,0,1,CADC0892,1,282,283,0.2304465699646643,0.0853871010761896,0.2922107134863292,-0.7932771288360598,0.9053025135901436,1,1,1,21,25,0.000118441336394,0.0001019416669368,282,283,0.000302791138568,0.0003017212052162,283,0,1
943,0,1,CADC0892,1,279,280,0.2472217263571429,0.1248977476606877,0.3534087543633968,-0.5391833370055954,1.0516207421581871,1,1,1,20,27,0.0001753358545031,0.0001118449158289,279,280,0.0004476621779952,0.0004460633845024,280,0,1
944,0,0,CADC0892,1,257,258,0.2555216937984496,0.1218045365195362,0.3490050666101228,-0.7007965982945232,0.9703865331890158,1,1,1,13,25,0.0001712857853491,8.789670781164062e-05,257,258,0.0004739476129164,0.0004721106066648,258,0,0
945,1,1,CADC0892,1,348,349,0.2143792146131805,0.066049138944233,0.2570002703193774,-0.1905632799986061,1.1170644855942395,1,1,1,49,75,8.532917969293105e-05,7.144711599919314e-05,348,349,0.0001897963762765,0.0001892525471181,349,1,1
946,1,1,CADC0892,1,349,350,0.227076624,0.0366209757154057,0.1913660777551909,-1.2162229372773934,0.260888017061804,3,2,2,36,50,8.219951480126075e-05,9.160387923086204e-05,349,350,0.0001049311625083,0.0001046313591868,350,1,1
947,0,1,CADC0892,1,281,282,0.2447244737588652,0.112735081781972,0.3357604529749924,-0.6723173280983805,0.9850111455801684,1,1,1,12,17,0.0001821956796376,0.0002091800603997,281,282,0.0004011924618575,0.000399769793553,282,0,1
948,0,1,CADC0892,1,368,369,0.2036828972357723,0.1228851796443552,0.3505498247672579,0.4758368793550795,1.4473674998401154,1,1,1,14,24,0.0001473238294146,9.354968546858414e-05,368,369,0.0003339271185987,0.0003330221670578,369,0,1
949,0,0,CADC0892,1,312,313,0.2421826932907348,0.1331146533984137,0.3648488089584694,-0.2883644707703472,1.1623856779371204,1,1,1,23,35,0.0001616716516482,0.0001010449585909,312,313,0.0004266495301231,0.0004252864325827,313,0,0
950,1,1,CADC0892,1,336,337,0.20929979,0.0675770286063003,0.2599558204893677,-0.2078925294818234,1.1446999452025175,2,1,1,44,51,0.0001076674850627,0.0001151940926582,336,337,0.0002011221089473,0.000200525307437,337,1,1
951,1,1,CADC0892,1,333,334,0.2249691826646706,0.0492161187273104,0.2218470615701512,-0.5895276060192178,0.7522621927288948,2,1,1,21,24,0.0001059814634431,0.0001626293965785,333,334,0.0001477961523342,0.0001473536488841,334,1,1
952,0,0,CADC0892,1,301,302,0.2634317146688741,0.1369111941367832,0.3700151269026487,-0.5402603495519069,1.0422484898993896,1,1,1,18,30,0.0001825727562312,0.0001712616788998,301,302,0.0004548544655707,0.0004533483249562,302,0,0
953,0,0,CADC0892,1,322,323,0.2523416769349845,0.1435165874804997,0.3788358318328662,0.067557863824049,1.2904482016629144,1,1,1,24,32,0.0002148061586851,0.0002154324211414,322,323,0.0004457036878276,0.0004443238002492,323,0,0
954,0,0,CADC0892,1,296,297,0.3310542034343434,0.1303799231345682,0.361081601766925,-0.6028801227944887,1.0015368665552673,2,1,1,31,49,0.0001883729619477,0.00021038763634,296,297,0.0004404727132924,0.0004389896401837,297,0,0
955,1,1,CADC0892,1,400,401,0.2778585702493765,0.0860725614025041,0.2933812560517528,-0.1501552937846866,1.070467556435933,3,2,2,55,81,0.0001147861409816,0.0001352805681356,400,401,0.0002151814035062,0.0002146447915274,401,1,1
956,1,0,CADC0892,1,382,383,0.2863912119843342,0.0521727752615561,0.2284136056839788,-1.2730397407582448,0.2105741035750443,3,2,2,33,58,0.000103895605636,0.0001271179394803,382,383,0.0001365779457108,0.0001362213453304,383,1,0
957,0,0,CADC0892,1,253,254,0.3409650186220472,0.1694810882444737,0.4116808086909975,-1.0694626935017753,0.747795100401333,1,1,1,22,38,0.0002307521110613,0.0001756510516654,253,254,0.0006698857242864,0.0006672483789152,254,0,0
958,0,1,CADC0892,1,370,371,0.2240835544474393,0.1422966340757638,0.3772222608433439,0.3996712377337221,1.4125699562284713,1,1,1,23,24,0.000181255166827,0.0001639071167147,370,371,0.000384585497502,0.0003835488789104,371,0,1
959,0,1,CADC0892,1,358,359,0.2327653421727019,0.1392030689140445,0.3730992748774038,0.1096262392053741,1.3106972108546804,1,1,1,22,35,0.0001479636148347,8.51231953937243e-05,358,359,0.000388835388028,0.0003877522810976,359,0,1
960,1,1,CADC0892,1,183,184,0.0830906228260869,0.0085490870470541,0.0924612732286017,-1.1716588151682945,0.645290614529935,2,1,1,23,36,4.989789253224046e-05,8.709442776791216e-05,183,184,4.671632266149811e-05,4.646242960355519e-05,184,1,1
961,0,0,CADC0892,1,278,279,0.3441605046594982,0.1596748522501684,0.3995933586161918,-1.1403215622756453,0.6927356034866042,1,1,1,23,24,0.0001625557312028,0.0001266525234225,278,279,0.0005743699721229,0.0005723112983877,279,0,0
962,1,1,CADC0892,1,202,203,0.0896146555172413,0.0108772775645713,0.1042941875876665,-1.0866592470948977,0.7188496783844716,4,1,1,22,32,8.252791363174157e-05,0.000184629853397,202,203,5.38479087355019e-05,5.358264810133687e-05,203,1,1
963,0,1,CADC0892,1,265,266,0.3813107030075188,0.1673356484648621,0.4090668019588758,-1.275882851133204,0.5649679419724294,1,1,1,26,38,0.0001699291623739,0.0001308805763154,265,266,0.0006314552772258,0.0006290813852062,266,0,1
964,1,1,CADC0892,1,183,184,0.0477521472826086,0.0035162723679158,0.0592981649624662,-1.0095960739553966,0.768774762662173,2,1,1,17,28,3.713939684863388e-05,7.513913140714283e-05,183,184,1.921460310336537e-05,1.911017591258621e-05,184,1,1
965,0,0,CADC0892,1,277,278,0.3643875084532375,0.1743849077079594,0.4175941902229476,-1.1784277501460436,0.6616854002307091,1,1,1,17,28,0.0001720871167457,0.0001153556687327,277,278,0.0006295484032778,0.0006272838406761,278,0,0
966,1,1,CADC0892,1,185,186,0.0448529241935483,0.003215355891743,0.0567041082439625,-0.977159214906421,0.7820198968789203,2,1,1,17,27,3.073036526637836e-05,5.320819188782605e-05,185,186,1.738030211752982e-05,1.728685963302697e-05,186,1,1
967,0,1,CADC0892,1,253,254,0.3886581389763779,0.181868288469972,0.4264601839210456,-1.2498520935040232,0.5951583458919123,1,1,1,14,34,0.0001890445265449,9.999819393420644e-05,253,254,0.0007188469899998,0.00071601688374,254,0,1
968,0,1,CADC0892,1,195,196,0.164280156122449,0.0249186274877363,0.1578563507995048,-1.31460141846448,0.4836909968039397,1,1,1,23,35,8.668510448703327e-05,0.0001451577290817,195,196,0.0001277878332704,0.0001271358545292,196,0,1
969,0,1,CADC0892,1,237,238,0.3971944607142856,0.1484991422459018,0.3853558644239138,-1.367856369103989,0.4658875114489423,1,1,1,23,37,0.0001784597586964,0.0001463870345753,237,238,0.0006265786592654,0.0006239459758231,238,0,1
970,0,0,CADC0892,1,214,215,0.2787487015348838,0.0603343614305796,0.2456305384730889,-1.4468724605651828,0.2834672709238096,2,1,1,19,23,0.0001485847295524,0.0002563043635408,214,215,0.0002819362683671,0.0002806249368864,215,0,0
971,0,0,CADC0892,1,285,286,0.4186407860139859,0.1596916499089035,0.3996143765042789,-1.2193736899387368,0.584306267345674,1,1,1,40,48,0.0001490891360125,0.0001333955794868,285,286,0.0005603215786277,0.0005583624122688,286,0,0
972,1,1,CADC0892,1,188,189,0.0650250148148147,0.0017343648222442,0.0416457059280332,-1.1453537547406063,-0.7440926871781989,6,2,2,26,33,4.591552004865635e-05,0.0001073137522324,188,189,9.225344799171412e-06,9.176533451027648e-06,189,1,1
973,0,1,CADC0892,1,303,304,0.3814893374999999,0.1202338959530694,0.3467475968958825,-1.1829965488743217,0.652355700751362,2,1,1,16,22,0.0001320970677661,0.0001518579763495,303,304,0.0003968115377989,0.0003955062366877,304,0,1
974,0,0,CADC0892,1,316,317,0.1845627706309148,0.0381222029001248,0.1952490791274696,-1.2455180491782447,0.6301329086475027,2,1,1,43,59,6.026369507542756e-05,9.22277749684958e-05,316,317,0.0001206398825953,0.0001202593151423,317,0,0
975,1,1,CADC0892,1,273,274,0.0594630747080291,0.0055273016353644,0.074345824599398,-0.5026293798373165,1.00656234179534,3,1,1,33,37,5.898424295276486e-05,0.0001243749535949,273,274,2.0246526136866136e-05,2.017263370570969e-05,274,1,1
976,0,1,CADC0892,1,469,470,0.261269421,0.1455720494437605,0.3815390536285382,-0.1761723312640075,1.1889289115711676,2,1,1,36,71,9.32349758353476e-05,7.262974486895936e-05,469,470,0.0003103881651252,0.0003097277647739,470,0,1
977,0,0,CADC0892,1,419,420,0.2663434373809524,0.1444384637291046,0.3800506068000742,-0.458668228737769,1.0730508064149011,1,1,1,27,35,0.0001126095475646,0.0001110203914015,419,420,0.0003447218704751,0.0003439011041169,420,0,0
978,1,1,CADC0892,1,194,195,0.0290851309743589,0.001566862297267,0.0395836114732727,-0.689644716872424,0.9413026349412728,2,1,1,18,24,2.275982326172372e-05,4.596614065560209e-05,194,195,8.07660977972686e-06,8.035191268035954e-06,195,1,1
979,0,0,CADC0892,1,362,363,0.3334710148209366,0.1678702141669936,0.4097196775442859,-0.9876507828551144,0.7914385583283149,1,1,1,24,27,0.0001441120231685,0.000173032468891,362,363,0.0004637298733894,0.0004624523806253,363,0,0
980,0,0,CADC0892,1,292,293,0.1732517215017064,0.0436627492527657,0.2089563333636138,-1.096905297548782,0.747767646469582,2,1,1,32,42,6.648398813315067e-05,9.486027612171817e-05,292,293,0.0001495299631944,0.000149019622023,293,0,0
981,0,1,CADC0892,1,289,290,0.3813856436896551,0.1593335608599984,0.3991660818005438,-1.3607315623280558,0.5012921004013161,1,1,1,26,32,0.0001520320260727,0.000144506680073,289,290,0.0005513272002076,0.000549426071931,290,0,1
982,0,1,CADC0892,1,308,309,0.2778907165048543,0.0880254349199272,0.2966908069353132,-1.376424068068807,0.5179886110832347,1,1,1,25,31,8.752065715928573e-05,0.0001039931365635,308,309,0.0002857968666231,0.0002848719576696,309,0,1
983,0,1,CADC0892,1,282,283,0.388829109893993,0.1606134749514472,0.4007661100335796,-1.388789445132344,0.4700913902177945,2,1,1,18,25,0.0001639518746448,0.0001756801285716,282,283,0.000569551329615,0.0005675387807471,283,0,1
984,0,1,CADC0892,1,287,288,0.2707335982638889,0.0828462120174824,0.2878301791290872,-1.3983175204571252,0.5041663622133606,2,1,1,37,53,7.293343477344948e-05,5.464714882524475e-05,287,288,0.0002886627596427,0.000287660458394,288,0,1
985,0,1,CADC0892,1,288,289,0.412252037716263,0.1819682807825132,0.4265774030378464,-1.3629467665655026,0.4846477468524475,1,1,1,19,22,0.0002400914140857,0.0003905502254073,288,289,0.0006318343082726,0.0006296480303893,289,0,1
986,0,1,CADC0892,1,255,256,0.1946513700390625,0.0494121163449157,0.2222883630443027,-1.249577249485169,0.6386165201337345,3,1,1,25,36,7.879685522991921e-05,9.73820203071732e-05,255,256,0.0001937730052741,0.0001930160794723,256,0,1
987,0,1,CADC0892,1,313,314,0.4115958685987261,0.1921432866875632,0.4383415183251105,-1.2576239322412637,0.5651719328907381,2,1,1,31,33,0.0001635249947669,0.0001771125024984,313,314,0.0006138763152957,0.0006119212951833,314,0,1
988,0,1,CADC0892,1,283,284,0.2280848898943662,0.0670246645604352,0.2588912214819869,-1.2222867933711326,0.6545375468878828,1,1,1,31,37,7.854965773279787e-05,7.771801016587731e-05,283,284,0.0002368362705315,0.0002360023400015,284,0,1
989,0,0,CADC0892,1,323,324,0.4213974404320988,0.1788007628886492,0.4228483923212305,-1.2610080298427049,0.556893828714558,1,1,1,24,31,0.0001813299757548,0.0002594593850182,323,324,0.0005535627334013,0.0005518542064464,324,0,0
990,0,1,CADC0892,1,391,392,0.395074245127551,0.1776393209514935,0.4214727997765616,-1.1892247029722178,0.6329495805554068,2,1,1,47,46,0.0001130178241819,0.0001389030941596,391,392,0.0004543205139424,0.0004531615330395,392,0,1
991,0,1,CADC0892,1,331,332,0.3279656896686747,0.1111128157226943,0.3333358902409015,-1.3667790245205205,0.5253925501095804,2,1,1,28,39,9.749058072341284e-05,0.000104786101315,331,332,0.0003356882650232,0.0003346771557912,332,0,1
992,0,0,CADC0892,1,375,376,0.3958830245478723,0.1674209707501835,0.4091710776071344,-1.2924243654906395,0.5616604136396982,1,1,1,14,28,0.0001037065087462,0.0001006180458621,375,376,0.0004464559220004,0.0004452685392292,376,0,0
993,0,1,CADC0892,1,292,293,0.2405416635836177,0.0758613010008812,0.2754293030904324,-1.2570967711230134,0.6278777530289924,1,1,1,13,22,8.448286446580071e-05,7.74610097553313e-05,292,293,0.0002597989760304,0.0002589122901053,293,0,1
994,0,1,CADC0892,1,319,320,0.374943506,0.1845002708659472,0.4295349471998142,-1.1436556292528868,0.6800012274325201,1,1,1,12,17,0.000145490341162,0.000108388693387,319,320,0.0005783707550656,0.000576563346456,320,0,1
995,0,1,CADC0892,1,316,317,0.4001667465930599,0.1854652146055722,0.4306567247885167,-1.2862377726720562,0.5517796995771505,1,1,1,17,25,0.0001535814866586,0.0001528865116919,316,317,0.0005869152360935,0.0005850637684718,317,0,1
996,0,1,CADC0892,1,316,317,0.2874640047318612,0.110334389062182,0.3321662069840669,-1.2540158777385275,0.6400894980397693,2,1,1,26,32,7.925875626113926e-05,4.026208618057147e-05,316,317,0.0003491594590575,0.0003480580096598,317,0,1
997,0,1,CADC0892,1,365,366,0.3009124603825137,0.1335659878430155,0.3654668081276541,-1.099522125995264,0.7368106359285184,1,1,1,33,42,9.828556449873972e-05,9.391801293214286e-05,365,366,0.0003659342132685,0.0003649343930137,366,0,1
998,0,1,CADC0892,1,445,446,0.3050501223318385,0.135084072963992,0.3675378524233824,-1.1447191792109002,0.716079545480789,2,1,1,38,55,6.738305711435413e-05,6.21661394748711e-05,445,446,0.0003035597145258,0.0003028790873632,446,0,1
999,0,1,CADC0892,1,349,350,0.2748677017142857,0.1030055190173029,0.3209447289134111,-1.2361231345706638,0.650029293126617,1,1,1,19,30,7.824724814699138e-05,7.832015090787355e-05,349,350,0.0002951447536312,0.0002943014829065,350,0,1
1000,0,1,CADC0892,1,418,419,0.2152755603341288,0.0856438106605582,0.292649638066679,-0.8280335986119653,0.9254474407431168,1,1,1,40,52,6.090345645887274e-05,6.263426317119043e-05,418,419,0.0002048894991879,0.0002044005027698,419,0,1
1001,0,0,CADC0892,1,354,355,0.210461858028169,0.0704061639734904,0.2653415986487803,-1.0129920045798015,0.8013024478893411,1,1,1,24,41,6.719188902360339e-05,7.733597274239886e-05,354,355,0.0001988874688516,0.0001983272224605,355,0,0
1002,0,1,CADC0892,1,274,275,0.120534286,0.0259071665885382,0.1609570333615098,-0.7956204710983603,0.9245172561484832,1,1,1,32,36,6.629255503180804e-05,0.000120506325923,274,275,9.455170287787664e-05,9.420787850377527e-05,275,0,1
1003,0,0,CADC0892,1,342,343,0.1664615560932944,0.0463356655163602,0.2152572078151165,-0.8874647086155751,0.8823878003158024,2,1,1,28,52,7.153770051570819e-05,8.92807201344487e-05,342,343,0.0001354844020946,0.0001350894038377,343,0,0
1004,0,0,CADC0892,1,405,406,0.2165752122413793,0.0820532144882544,0.2864493227226318,-0.7950716291332527,0.9316898051093032,1,1,1,53,60,6.836692164708226e-05,8.30135443274679e-05,405,406,0.0002026005296006,0.0002021015135178,406,0,0
1005,0,0,CADC0892,1,431,432,0.2035223828472222,0.0637240926081121,0.2524363139647545,-0.7836838732155469,0.9279333742566775,1,1,1,15,27,9.259001099260602e-05,0.0001715632010154,431,432,0.0001478517229886,0.0001475094736298,432,0,0
1006,0,0,CADC0892,1,430,431,0.2216656075638051,0.0705732947761302,0.2656563471406814,-1.156901066421329,0.7154332497430275,3,1,1,54,72,4.490559534834418e-05,5.04515732376564e-05,430,431,0.0001641239413398,0.000163743143332,431,0,0
1007,0,1,CADC0892,1,378,379,0.2268074221899736,0.0758421155221707,0.275394472570113,-1.0329597095620506,0.7927694464818101,2,1,1,15,40,7.06358944465777e-05,8.774499806404353e-05,378,379,0.0002006405172544,0.0002001111227497,379,0,1
1008,0,1,CADC0892,1,266,267,0.0733308958426966,0.0094574270468077,0.0972493035800657,-0.5607779707214209,1.020023511986499,1,1,1,35,52,5.3408805668369165e-05,0.0001226186633758,266,267,3.5554237018074376e-05,3.5421075081677094e-05,267,0,1
1009,0,1,CADC0892,1,367,368,0.1523639964402174,0.0447357017210907,0.2115081599397307,-0.7020630296838317,0.9807000360037422,1,1,1,15,23,7.470169958322344e-05,0.0001151032451351,367,368,0.0001218956450165,0.0001215644068507,368,0,1
1010,0,1,CADC0892,1,331,332,0.1300254048192771,0.0335233660606288,0.183093872264008,-0.6151142115145376,1.019665623648268,2,1,1,21,34,4.925789155480364e-05,6.266548197624247e-05,331,332,0.0001012790515426,0.0001009739941585,332,0,1
1011,0,1,CADC0892,1,350,351,0.1888403512820513,0.0586125581132189,0.2421003058924521,-1.0112580954796129,0.8121545668728407,2,1,1,16,19,0.000123920923402,0.0002509533029573,350,351,0.000167464451752,0.0001669873450519,351,0,1
1012,0,1,CADC0892,1,372,373,0.1624353126809651,0.0462347235574993,0.2150226117353691,-0.8531651929715336,0.8974672204648209,1,1,1,26,32,5.271550532592957e-05,7.854455501567491e-05,372,373,0.0001242868912836,0.0001239536824597,373,0,1
1095,0,1,CADC0894,5,302,61,0.2330032737704918,0.0757388914526177,0.2752069974630327,-1.204082625156031,0.6674134701256351,1,1,1,1,6,0.0013487077685876,0.0003557944403074,1528,305,0.0002507910313,0.0012416211713543,61,0,1
1096,0,1,CADC0894,5,273,55,0.2381388347272727,0.0710831612119944,0.2666142554553196,-1.3693331949696508,0.5502445707429108,1,1,1,2,8,0.0013624307694805,0.000161453973467,1387,275,0.0002603778798974,0.0012924211129453,55,0,1
1097,0,1,CADC0894,5,265,54,0.2204436075925926,0.0593509374860935,0.2436204783799866,-1.3692201722628852,0.5372883762719842,1,1,1,1,4,0.0013244661887469,0.0005403280096849,1325,270,0.0002239658018343,0.0010990914349276,54,0,1
1098,0,1,CADC0894,5,260,53,0.2017891775471698,0.0553712803523233,0.2353110289644822,-1.1784575829149753,0.688292599840082,1,1,1,3,5,0.0016388286408717,0.0012754529889527,1300,265,0.0002129664628935,0.001044741138723,53,0,1
1099,0,1,CADC0894,5,270,55,0.2134071329090908,0.0566426160644499,0.237997092554615,-1.196112860031468,0.6856998300446929,1,1,1,2,6,0.001265822199214,0.0004481679525471,1350,275,0.0002097874669053,0.0010298657466263,55,0,1
1100,0,1,CADC0894,5,261,53,0.2217121394339622,0.0529621390041561,0.2301350451455757,-1.3594883437423106,0.589233365102825,1,1,1,1,7,0.0013052448056407,0.0004183589973648,1311,265,0.0002029200728128,0.0009992856415878,53,0,1
1101,0,1,CADC0894,5,235,48,0.2188495633333333,0.0513007863534433,0.2264967689691032,-1.3170351158093188,0.5534952183653996,1,1,1,2,5,0.001448359720018,0.0007611797318201,1175,240,0.0002183012185252,0.0010687663823634,48,0,1
1102,0,0,CADC0894,5,275,56,0.2113780367857143,0.0537228046090184,0.2317818038781699,-1.2404562979527476,0.6441366369837643,1,1,1,2,6,0.0010907294471847,0.0002430811867477,1375,280,0.0001953556531237,0.0009593357965896,56,0,0
1103,0,1,CADC0894,5,250,51,0.2518327,0.0589132881339305,0.2427205968473433,-1.5512038211010328,0.390218780676739,1,1,1,3,4,0.0016312104325182,0.0013545825276421,1250,255,0.0002356531525357,0.00115516251243,51,0,1
1104,0,1,CADC0894,5,285,58,0.2465020525862069,0.0701151941472038,0.264792738093785,-1.3012241391984831,0.5645665583250877,1,1,1,3,2,0.0014392469090354,0.0008487032082961,1425,290,0.0002460182250779,0.0012088826577104,58,0,1
1105,0,0,CADC0894,5,287,58,0.2840168031034482,0.0860272074228004,0.2933039505748268,-1.3768446556858231,0.4677268898080498,1,1,1,4,11,0.0013204116954145,0.0001548465451109,1447,290,0.0002997463673268,0.0014832277141862,58,0,0
1106,0,1,CADC0894,5,285,58,0.293870161724138,0.0898934510437554,0.2998223658164204,-1.4944291894821502,0.4203713464141894,1,1,1,2,16,0.0013968602318967,0.0001596636746403,1425,290,0.0003154156176973,0.0015498870869613,58,0,1
1107,1,1,CADC0894,5,435,88,0.4392512988636364,0.107308252549828,0.3275793835848466,-1.6980839078701928,-0.3320659989231767,1,1,1,2,18,0.002110077400591,0.0005099748749047,2175,440,0.0002466856380455,0.0012194119607935,88,1,1
1108,0,1,CADC0894,5,225,46,0.1242570195652174,0.0275740940156054,0.166054491103389,-0.7958643899542257,0.9318635834101866,1,1,1,3,7,0.0010759517204435,0.0004051859601795,1125,230,0.0001225515289582,0.0005994368264262,46,0,1
1109,0,1,CADC0894,5,210,43,0.1226738697674418,0.0239736162173858,0.154834157140425,-1.0526647995041711,0.7783493272318244,1,1,1,1,7,0.000908479911078,0.0001850220768819,1050,215,0.0001141600772256,0.0005575259585438,43,0,1
1110,0,1,CADC0894,5,185,38,0.1237801752631579,0.0217613049575772,0.1475171344541956,-1.371130041247458,0.5884232230373078,1,1,1,2,5,0.0014341812166235,0.0016080713337646,925,190,0.0001176286754463,0.0005726659199362,38,0,1
1111,0,1,CADC0894,5,215,44,0.1063501522727272,0.020833792620605,0.1443391583064175,-0.6350325819213443,1.0204535203067358,1,1,1,3,6,0.0010644245323166,0.0005823606815823,1075,220,9.690136102607e-05,0.0004734952868319,44,0,1
1112,0,0,CADC0894,5,205,42,0.1264803723809524,0.0206332019988973,0.1436426190199041,-0.8543493547447132,0.8557889794013774,1,1,1,2,11,0.0008460127879791,0.0001916230203832,1025,210,0.0001006497658482,0.0004912667142594,42,0,0
1113,0,1,CADC0894,5,216,44,0.1104463899999999,0.017353199256987,0.1317315423768621,-0.8999190086939715,0.9085069928385968,1,1,1,2,6,0.0008856136945731,0.0005422056685714,1086,220,8.033888544901401e-05,0.0003943908922042,44,0,1
1114,0,1,CADC0894,5,190,39,0.1131577307692308,0.0193795526478452,0.1392104617040156,-0.9810697333210312,0.8634137445646084,1,1,1,3,4,0.0019378366723891,0.002926283558613,950,195,0.0001019976455149,0.000496911606355,39,0,1
1115,0,1,CADC0894,5,205,42,0.1219656521428571,0.0187335082947556,0.136870406935742,-0.7705952227536428,0.8905519695307216,1,1,1,3,5,0.0008236873874904,0.0002008242970387,1025,210,9.138296729149086e-05,0.0004460359117798,42,0,1
1116,0,0,CADC0894,5,210,43,0.1263420872093023,0.0195759293578246,0.1399140070108231,-1.0338082063697411,0.7833751724552107,1,1,1,1,7,0.0007608929298306,0.0002067401552467,1050,215,9.321871122773648e-05,0.0004552541711122,43,0,0
1117,0,1,CADC0894,5,195,40,0.1459565245,0.0256562974401617,0.1601758328842454,-1.409056558502187,0.5616183350526626,1,1,1,1,3,0.0016276281496866,0.0016520664941388,975,200,0.0001315707561033,0.000641407436004,40,0,1
1118,0,1,CADC0894,5,210,43,0.1556395386046511,0.0333883584366959,0.1827248161490275,-1.1126487756262662,0.7343943887757269,1,1,1,3,5,0.0012835560160296,0.000557375641553,1050,215,0.0001589921830318,0.0007764734520161,43,0,1
1119,0,1,CADC0894,5,240,49,0.1598501081632652,0.0401017974028591,0.2002543317954923,-1.1244708865196789,0.7460524655307917,1,1,1,2,5,0.0012851599748841,0.0006730174336982,1200,245,0.0001670908225119,0.0008184040286297,49,0,1
1120,0,0,CADC0894,5,220,45,0.1851662646666666,0.0434810697174338,0.2085211493288723,-1.3535601089179916,0.5576154896328243,1,1,1,1,4,0.0014728053389195,0.0007252444636941,1100,225,0.0001976412259883,0.0009662459937207,45,0,0
1121,0,1,CADC0894,5,215,44,0.1765342497727272,0.0405258727357322,0.2013103890407353,-1.3523027584377736,0.5755867247738757,1,1,1,1,6,0.0013677170186441,0.0003955916109409,1075,220,0.0001884924313289,0.0009210425621757,44,0,1
1122,0,1,CADC0894,5,220,45,0.148004324,0.0338308655065855,0.1839316870650229,-1.0554326120966937,0.770127354084024,1,1,1,3,5,0.0012128059446798,0.000393425856109,1100,225,0.0001537766613935,0.0007517970112574,45,0,1
1123,0,0,CADC0894,5,220,45,0.1263320533333333,0.0258813231689282,0.1608767328389294,-1.026368390673112,0.7989694185988464,1,1,1,1,5,0.000942233740369,0.0002875734794511,1100,225,0.0001176423780405,0.000575140514865,45,0,0
1124,0,1,CADC0894,5,175,36,0.1301511666666666,0.0223359897621388,0.1494522992868925,-1.4555528115520089,0.4939636084471476,1,1,1,2,5,0.0014892034342285,0.0012645571419411,875,180,0.0001276342272122,0.0006204441600594,36,0,1
1125,0,1,CADC0894,5,210,43,0.0981468223255814,0.0193137167167736,0.1389737986700142,-0.6273900043000489,1.0311572203755612,1,1,1,2,5,0.0010349605933859,0.0005206100480298,1050,215,9.197007960368408e-05,0.0004491562027156,43,0,1
1126,0,0,CADC0894,5,215,44,0.0994580024999999,0.0177597868883917,0.1332658504208476,-0.788347455223374,0.9158476482101584,1,1,1,2,5,0.0007108456888041,0.0001221818374684,1075,220,8.260365994600802e-05,0.0004036315201907,44,0,0
1127,0,1,CADC0894,5,200,41,0.1105411587804878,0.0197311004122722,0.1404674354157299,-1.2218488196066646,0.7123475590055027,1,1,1,2,4,0.0012314933040954,0.0013700840453849,1000,205,9.865550206136126e-05,0.0004812463515188,41,0,1
1128,0,1,CADC0894,5,205,42,0.1718659642857142,0.0416766603528287,0.2041486231960154,-0.9751469036472752,0.7895014360094207,1,1,1,1,9,0.0014836610032069,0.000134987867745,1025,210,0.0002033007822089,0.0009923014369721,42,0,1
1129,0,1,CADC0894,5,215,44,0.2418588977272727,0.0628675026004102,0.2507339279004942,-1.453169242687934,0.4351124165486443,1,1,1,3,6,0.0017972622135865,0.0005501787662933,1075,220,0.0002924069888391,0.001428806877282,44,0,1
1130,0,1,CADC0894,5,225,46,0.2142123456521739,0.0540797261238042,0.2325504808075102,-1.3405351747324084,0.5311303267054102,1,1,1,2,6,0.0014106744808475,0.0002161913104086,1125,230,0.000240354338328,0.0011756462200827,46,0,1
1131,0,1,CADC0894,5,205,42,0.2107124464285714,0.0476008933810399,0.2181762896857491,-1.5143489393283474,0.4197090099629351,1,1,1,1,7,0.0014599030874011,0.000184119733811,1025,210,0.0002321994799075,0.0011333546043104,42,0,1
1132,0,0,CADC0894,5,210,43,0.187144043488372,0.0449069536425417,0.2119126085029906,-1.1926236030504362,0.6558692370583993,1,1,1,3,4,0.0016666389289411,0.0009672511328608,1050,215,0.000213842636393,0.0010443477591288,43,0,0
1133,0,0,CADC0894,5,205,42,0.1916816695238095,0.0438987404123613,0.2095202625341076,-1.3493385365925854,0.563706740661842,1,1,1,2,3,0.001661747650038,0.0009749423941907,1025,210,0.0002141401971334,0.0010452081050562,42,0,0
1134,1,1,CADC0894,5,220,21,0.0285457028571428,0.0027802306256092,0.0527278922924982,6.36860453909374,2.8087235736316587,1,1,1,1,2,0.0033779692030725,0.0076860028319158,16100,105,1.2637411934587713e-05,0.0001323919345528,21,1,1
1135,0,1,CADC0894,5,195,40,0.2029238739999999,0.0398910943857419,0.1997275503923831,-1.3879555304324078,0.4915048786897114,1,1,1,4,8,0.0014744581993674,0.0003986245118968,975,200,0.0002045697147986,0.0009972773596435,40,0,1
1136,0,1,CADC0894,5,205,42,0.2086640042857142,0.0443382477824824,0.2105664925444751,-1.3706109486867657,0.5188543089012573,1,1,1,3,7,0.0014510187760295,0.0003615618025055,1025,210,0.0002162841355243,0.0010556725662495,42,0,1
1137,0,1,CADC0894,5,215,44,0.2273274654545454,0.0490941547458239,0.2215720080376218,-1.427021604863266,0.4370234988485548,1,1,1,1,9,0.0013167420879953,0.0001923590114785,1075,220,0.0002283449057945,0.0011157762442232,44,0,1
1138,0,1,CADC0894,5,215,44,0.2548784047727273,0.0581011146310935,0.2410417279872793,-1.5479481958771972,0.3676301367048711,1,1,1,4,12,0.0015589722969875,0.0002437861976856,1075,220,0.0002702377424702,0.0013204798779793,44,0,1
1139,0,1,CADC0894,5,225,46,0.2796552180434782,0.0704052426683561,0.2653398625694152,-1.4352681759395485,0.3517694642655073,1,1,1,2,5,0.0016997328182291,0.0004337372591533,1125,230,0.0003129121896371,0.0015305487536599,46,0,1
1140,0,1,CADC0894,5,245,50,0.2786502455999999,0.0801562315023625,0.2831187586550254,-1.41734252239162,0.4406079040541606,1,1,1,3,11,0.0016830784756392,0.0003137232134972,1225,250,0.0003271682918463,0.0016031246300472,50,0,1
1141,0,1,CADC0894,5,215,44,0.3219742313636363,0.0795105006988235,0.2819760640530035,-1.5477785298748328,0.1950612065618694,1,1,1,2,7,0.0019819880766979,0.0004386574866921,1075,220,0.0003698162823201,0.0018070568340641,44,0,1
1142,0,1,CADC0894,5,225,46,0.2930981734782608,0.0749032767672541,0.273684630126089,-1.4824678026084197,0.3313514309806169,1,1,1,3,7,0.0017592562878328,0.0003964719580459,1125,230,0.0003329034522989,0.0016283321036359,46,0,1
1143,0,1,CADC0894,5,220,45,0.2717618844444444,0.0731494852417835,0.2704616150986744,-1.487269601297868,0.3782150255405814,1,1,1,3,4,0.0020079703152804,0.0008690995101497,1100,225,0.0003324976601899,0.001625544116484,45,0,1
1144,0,1,CADC0894,5,220,45,0.2547181328888889,0.0651486667014556,0.2552423685469471,-1.4649374883266362,0.375778659063553,1,1,1,1,3,0.0017851569320196,0.0006129992452995,1100,225,0.0002961303031884,0.0014477481489212,45,0,1
1145,0,1,CADC0894,5,215,44,0.2399835845454545,0.0587814972941038,0.2424489581212999,-1.509409281484691,0.4161021993743364,1,1,1,1,9,0.0016021747268065,0.0002198164636076,1075,220,0.0002734023129958,0.0013359431203205,44,0,1
1146,0,1,CADC0894,5,205,42,0.2298076757142857,0.0559401507881876,0.2365167029792771,-1.3866767194337035,0.4603706220310977,1,1,1,2,4,0.0018088637719881,0.0007268753179504,1025,210,0.0002728787843326,0.0013319083520997,42,0,1
1147,0,1,CADC0894,5,220,45,0.2162670511111111,0.0529750856568362,0.2301631718082548,-1.3849572633879816,0.4985929230925803,1,1,1,2,8,0.0013881062638227,0.0001652177565093,1100,225,0.0002407958438947,0.0011772241257074,45,0,1
1148,0,1,CADC0894,5,225,46,0.2209572882608695,0.0552133413479726,0.2349751930480591,-1.4597882603752592,0.4714169022878874,1,1,1,1,10,0.0014220076752913,0.0001544250869224,1125,230,0.0002453926282132,0.0012002900293037,46,0,1
1149,0,1,CADC0894,5,240,49,0.3319349655102041,0.1680938173986113,0.4099924601728809,-1.0648133427309296,0.7589704516518769,1,1,1,1,8,0.0045286232504212,0.0003984546395612,1200,245,0.0007003909058275,0.0034304860693594,49,0,1
1150,0,1,CADC0894,5,265,54,0.378057962962963,0.2394401943382209,0.4893262657350624,-0.8200214203417562,0.8693407469739924,1,1,1,1,4,0.0061721572135471,0.0014102484212307,1325,270,0.000903547903163,0.00443407767293,54,0,1
1151,0,1,CADC0894,5,240,49,0.3552066020408164,0.2077407711882638,0.4557858830506534,-0.8541982618280426,0.8631890190109527,1,1,1,1,2,0.0058919897457229,0.0004113452806046,1200,245,0.0008655865466177,0.0042396075752706,49,0,1
1152,1,1,CADC0894,5,320,65,0.4541684613846155,0.1881480129579487,0.433760317408069,-1.8588134788229729,0.1254413191886094,1,1,1,2,3,0.0042276400468654,0.0008685887829187,1600,325,0.0005879625404935,0.0028945848147376,65,1,1
1153,0,1,CADC0894,5,215,44,0.2549064340909091,0.1144038702502254,0.3382364117747015,-1.0007254736784716,0.8309298439342435,1,1,1,1,3,0.0048000331089074,0.0015800153461633,1075,220,0.0005321110244196,0.0026000879602323,44,0,1
1154,0,1,CADC0894,5,200,41,0.2548970243902439,0.1185440856234384,0.3443023171915031,-0.9034945841171012,0.8771982713353376,1,1,1,1,3,0.0057857977027999,0.0018248263028717,1000,205,0.0005927204281171,0.0028913191615472,41,0,1
1155,0,1,CADC0894,5,215,44,0.2284386968181818,0.1069560144029434,0.3270413038179481,-0.5748468141665657,1.03691545012979,1,1,1,1,2,0.0046381465193191,0.0005597730334061,1075,220,0.0004974698344322,0.0024308185091578,44,0,1
1156,0,0,CADC0894,5,205,42,0.2322993407142857,0.1009791093715229,0.31777210288432,-0.8117921945419551,0.9270579210440056,1,1,1,1,4,0.0044990126288885,0.0007217096227664,1025,210,0.0004925810213245,0.0024042645088457,42,0,0
1157,0,1,CADC0894,5,200,41,0.2451616658536585,0.098893877308808,0.3144739692070046,-1.0254237235266463,0.8114717890239227,1,1,1,1,7,0.004057129256264,0.0004595145258825,1000,205,0.000494469386544,0.0024120457880197,41,0,1
1158,0,0,CADC0894,5,225,46,0.2288256904347826,0.1014908032292991,0.3185762125917425,-0.7082596695592289,0.9794201520761318,1,1,1,1,4,0.0038428514245237,0.0004297279746319,1125,230,0.0004510702365746,0.0022063218093325,46,0,0
1159,0,1,CADC0894,5,190,39,0.2679335046153846,0.1130102325811946,0.3361699459814851,-1.0139278964001828,0.7942815975456751,1,1,1,1,2,0.004894841238718,0.000522371186436,950,195,0.0005947906977957,0.0028976982713126,39,0,1
1160,0,1,CADC0894,5,230,47,0.2256087138297872,0.103211992144625,0.3212662324998148,-0.5497859235054348,1.0480229763794515,1,1,1,1,3,0.0041595043682142,0.0008794581886045,1150,235,0.0004487477919331,0.0021959998328643,47,0,1
1161,0,1,CADC0894,5,195,40,0.277833734,0.1050796342705981,0.3241598899780757,-1.1073730104424735,0.7372257293475085,1,1,1,1,2,0.0044082595727991,0.0007222614205399,975,200,0.0005388699193364,0.0026269908567649,40,0,1
1162,0,1,CADC0894,5,235,48,0.248648635,0.0942122776521769,0.3069401857889854,-0.7806617544978467,0.947211739428416,1,1,1,2,3,0.0039080797446464,0.0017763310852918,1175,240,0.0004009033091581,0.0019627557844203,48,0,1
1163,1,1,CADC0894,5,225,23,0.058783464347826,0.0017047618719236,0.0412887620536583,-1.676428010653943,-0.0404633188625185,1,1,1,1,1,0.0004021197422514,0.0007213289377808,14925,115,7.576719430771626e-06,7.41200813879833e-05,23,1,1
1164,0,1,CADC0894,5,200,41,0.3197443021951219,0.1036171565316648,0.321896189060487,-1.0251352502263444,0.7498698733713326,1,1,1,1,5,0.0046652457768052,0.0009048363396295,1000,205,0.0005180857826583,0.0025272477202845,41,0,1
1165,0,1,CADC0894,5,210,43,0.3079936972093023,0.1053690908532156,0.3246060548622217,-0.8120965278186154,0.8630135212754183,1,1,1,1,5,0.0042580390822353,0.0004661691516158,1050,215,0.0005017575754915,0.0024504439733305,43,0,1
1166,0,0,CADC0894,5,200,41,0.2871995214634146,0.0978704937857128,0.3128426022550523,-0.9961783333108708,0.7795692445404092,1,1,1,1,5,0.0039645049034948,0.0004652601511762,1000,205,0.0004893524689285,0.0023870852142856,41,0,0
1167,0,1,CADC0894,5,230,47,0.2233631938297872,0.0802844917467529,0.2833451812661598,-0.6215524200700342,1.01623499573158,1,1,1,1,5,0.0030338645543846,0.0003333730623725,1150,235,0.0003490630075945,0.0017081806754628,47,0,1
1168,0,0,CADC0894,5,215,44,0.2136711827272727,0.0771357269792342,0.2777331938736064,-0.8100082080738122,0.9268728301841808,1,1,1,1,7,0.0030068108866081,0.0003551482025021,1075,220,0.0003587708231592,0.0017530847040735,44,0,0
1169,0,1,CADC0894,5,235,48,0.173880518125,0.0661970945228879,0.2572879603146792,-0.4484799828174677,1.1078817109846746,1,1,1,1,5,0.0026129109714582,0.0003187825001371,1175,240,0.0002816897639271,0.0013791061358934,48,0,1
1170,0,0,CADC0894,5,205,42,0.1919683685714285,0.0706265728759042,0.265756604576263,-0.8052094659750324,0.9385077793737404,1,1,1,1,3,0.0033493574799249,0.0008765826126163,1025,210,0.0003445198676873,0.0016815850684739,42,0,0
1728,0,0,CADC0894,1,547,548,0.2487628397262773,0.1052402653907297,0.3244075606251028,-0.9393027772301896,0.8504386308654269,2,1,1,65,94,2.8404652478553206e-05,1.1722255220465224e-05,547,548,0.000192395366345,0.00019204427991,548,0,0
1729,0,1,CADC0894,1,526,527,0.2956128407020872,0.1414799015392273,0.3761381415640101,-0.93926565471238,0.8307755192814376,1,1,1,85,109,4.271598735022598e-05,2.7970914939489204e-05,526,527,0.0002689731968426,0.0002684628112698,527,0,1
1730,0,1,CADC0894,1,439,440,0.2758211395681818,0.0865253981032218,0.2941519982988759,-1.3321418999931387,0.5718801253961031,1,1,1,28,76,4.506577763181704e-05,3.231232358980138e-05,439,440,0.0001970965788228,0.0001966486320527,440,0,1
1731,0,1,CADC0894,1,517,518,0.1654488806949806,0.0444833601003155,0.2109107870648524,-0.621464587438362,1.0073598308256952,1,1,1,20,64,2.963566827409052e-05,1.9832423590057652e-05,517,518,8.604131547449814e-05,8.58752125488717e-05,518,0,1
1732,0,0,CADC0894,1,508,509,0.1259203588015717,0.0289827372884172,0.1702431710478198,-0.5239894564079175,1.0571640306151724,3,1,1,98,131,1.6078953822176272e-05,2.0759023263243385e-05,508,509,5.705263245751423e-05,5.694054477095723e-05,509,0,0
1733,0,1,CADC0894,1,452,453,0.1209882908830022,0.0301802591937693,0.1737246648975595,-0.6122791543274979,1.0295855620100398,3,1,1,25,49,2.2383721828290715e-05,1.4830097584432389e-05,452,453,6.677048494196762e-05,6.662308872796768e-05,453,0,1
1734,0,0,CADC0894,1,473,474,0.1224669864556962,0.0285277932451167,0.1689017265900995,-0.9815839069060076,0.8584241738638637,2,2,1,2,28,3.047642614284313e-05,2.468561460835256e-05,473,474,6.031245929200153e-05,6.0185217816701945e-05,474,0,0
1735,0,0,CADC0894,1,454,455,0.1055348254725274,0.0239923525379745,0.1548946498042283,-0.606419708941127,1.0436648008880167,2,1,1,39,46,1.6244055179477536e-05,1.372236031297175e-05,454,455,5.284659149333596e-05,5.2730445138405545e-05,455,0,0
1736,0,1,CADC0894,1,477,478,0.056000191004184,0.0097461051335405,0.0987223638976525,0.2964840894583038,1.4171672369773636,4,1,1,11,49,1.4965122180847384e-05,9.574160846286568e-06,477,478,2.043208623383761e-05,2.038934128355761e-05,478,0,1
1737,1,1,CADC0894,1,452,453,0.0137168389403973,0.0009005286529049,0.0300088095882682,3.676077196237887,2.207968777845431,2,2,2,8,36,1.2051229478820796e-05,9.467052018828384e-06,452,453,1.992320028550748e-06,1.9879219710925784e-06,453,1,1
1738,1,0,CADC0894,1,437,438,0.0145889735388127,0.0009009191695722,0.0300153155834199,1.7233954825432534,1.83087684528794,3,2,1,2,9,1.0492150234087415e-05,1.4395685843105046e-05,437,438,2.0615999303713747e-06,2.0568930812152755e-06,438,1,0
1739,1,1,CADC0894,1,494,495,0.0305966228484848,0.0038573019958948,0.0621071815162695,1.5216641614514357,1.798133755551808,2,2,1,16,44,1.0640899365974087e-05,6.119725884676269e-06,494,495,7.808303635414692e-06,7.792529284636075e-06,495,1,1
1740,0,1,CADC0894,1,462,463,0.0493830895896328,0.0065345131348013,0.0808363354859762,0.3327987106306613,1.3789274408085146,1,1,1,48,56,5.293271626822078e-06,4.289304601232105e-06,462,463,1.4143967824245249e-05,1.4113419297627006e-05,463,0,1
1741,0,1,CADC0894,1,410,411,0.050124161459854,0.0046107367804513,0.0679024062935276,-0.1134755423107227,1.2446709422780768,1,1,1,18,54,1.7337593442429553e-05,2.0901538391592656e-05,410,411,1.1245699464515366e-05,1.1218337665331627e-05,411,0,1
1742,1,1,CADC0894,1,434,435,0.0558026168735632,0.0028689062512964,0.0535621718314004,-0.2387912765837208,0.8549693517030266,5,2,2,35,89,6.182602290641769e-06,8.788053905224474e-06,434,435,6.610383067503385e-06,6.595186784589584e-06,435,1,1
1743,1,1,CADC0894,1,429,430,0.0264482610697674,0.0009459002794484,0.030755491858341,0.5420640732132198,1.1929384606901472,3,2,2,12,45,1.5911989109412123e-05,1.8707024395367595e-05,429,430,2.204895756290168e-06,2.1997680917406563e-06,430,1,1
1744,1,0,CADC0894,1,388,389,0.0144868138303341,0.0004084152538358,0.020209286326733,5.278897727533565,2.0933690366620645,3,3,1,21,69,1.3493682204236084e-05,1.82171820475323e-05,388,389,1.0526166335976266e-06,1.0499106782413346e-06,389,1,0
1745,0,1,CADC0894,1,328,329,0.0140064567477203,0.0006258388121806,0.0250167706185399,1.0583544692774574,1.6238957268887086,1,1,1,38,43,2.516063839237194e-06,4.363676530934553e-06,328,329,1.9080451590873285e-06,1.9022456297284005e-06,329,0,1
1746,0,1,CADC0894,1,368,369,0.0200705771544715,0.001806994012555,0.0425087521876969,1.9245109974414785,1.9010738043783624,3,1,1,6,16,1.347562519860598e-05,1.648974353940872e-05,368,369,4.910309816725631e-06,4.897002744051577e-06,369,0,1
1747,1,1,CADC0894,1,354,355,0.015136826112676,0.0011064633168869,0.0332635433603658,2.261875073757928,1.995336791104324,2,1,1,4,21,1.4896891926112995e-05,1.109838299464193e-05,354,355,3.1256025900761043e-06,3.1167980757378617e-06,355,1,1
1748,1,0,CADC0894,1,361,362,0.0019561374585635,3.0503966722732216e-05,0.0055230396271194,11.27666974468313,3.371883022056913,7,2,2,21,21,2.3982927769617725e-06,4.072985470676666e-06,361,362,8.449852277765157e-08,8.426510144401164e-08,362,1,0
1749,0,1,CADC0894,1,289,290,0.0025328346551724,2.800882388252213e-05,0.0052923363349774,2.0480905118760404,1.8873628900642243,15,2,1,22,25,1.8360055417993083e-06,5.236260600814584e-06,289,290,9.691634561426342e-08,9.658215131904183e-08,290,0,1
1750,0,1,CADC0894,1,300,301,0.0014483429900332,1.2861338574183088e-05,0.0035862708450677,4.055220229824239,2.337499145320605,7,1,1,14,17,9.308225763826664e-07,2.7084142410836115e-06,300,301,4.2871128580610296e-08,4.2728699582003616e-08,301,0,1
1751,1,0,CADC0894,1,341,342,0.0008884300877192,6.905906807051749e-06,0.0026279092082969,8.145684999064907,2.9975585551584496,10,2,2,13,15,1.5558733407214077e-06,3.408355783763529e-06,341,342,2.0251926120386362e-08,2.0192709962139617e-08,342,1,0
1752,0,1,CADC0894,1,362,363,0.0047092451790633,2.503527805612635e-05,0.0050035265619487,-1.3094623542063522,0.4846273813574575,47,1,1,59,69,3.16275135690221e-06,9.47583663169806e-06,362,363,6.915822667438218e-08,6.896770814359875e-08,363,0,1
1753,0,1,CADC0894,1,438,439,0.0241365539863325,0.0004921221297815,0.0221838258598813,-1.4533534419544392,0.2924174938369938,12,1,1,82,94,3.1608217829429216e-06,8.672923437457205e-06,438,439,1.1235665063505492e-06,1.121007129342917e-06,439,0,1
1754,0,1,CADC0894,1,441,442,0.0170100012669683,0.0003091107926187,0.0175815469347467,-1.366378163479271,0.4809900761006832,13,1,1,71,86,2.123022858980046e-06,5.8437086147090925e-06,441,442,7.009315025367384e-07,6.993456846576959e-07,442,0,1
1755,0,1,CADC0894,1,453,454,0.0069024162555066,7.867110141594502e-05,0.0088696731290361,-0.7757522297933437,0.8916003737077699,26,1,1,63,84,2.2195194257227378e-06,6.549791892099559e-06,453,454,1.73666890542925e-07,1.732843643523018e-07,454,0,1
1756,0,0,CADC0894,1,288,289,0.0010056391695501,3.771275930835297e-06,0.0019419773250054,1.955150505546948,1.7757485233755204,15,1,1,20,25,1.5997390750055556e-06,4.670002520554008e-06,288,289,1.3094708093178114e-08,1.30493976845512e-08,289,0,0
1757,0,0,CADC0894,1,392,393,0.0067836747582697,6.470604684972213e-05,0.0080440068902085,-1.2601894965859133,0.6264848910401246,33,1,1,43,58,1.8879748574178567e-06,5.035608191360101e-06,392,393,1.6506644604520954e-07,1.6464642964305886e-07,393,0,0
1758,0,1,CADC0894,1,416,417,0.0198691726378896,0.0004177297388489,0.0204384377790718,-1.3946600903449955,0.4472767283804079,9,1,2,71,80,2.6880122305293274e-06,7.410407693977833e-06,416,417,1.0041580260793025e-06,1.0017499732589682e-06,417,0,1
1759,0,0,CADC0894,1,361,362,0.0092844292541436,9.979812288441904e-05,0.0099899010447761,-1.4518869157932284,0.4571888250193378,17,1,1,58,71,3.0948076147612182e-06,8.961081104458335e-06,361,362,2.7644909386265664e-07,2.7568542233264934e-07,362,0,0
1760,0,1,CADC0894,1,318,319,0.0058061053918495,3.795942216403236e-05,0.0061611218267481,-1.4183006386479506,0.456636419778863,37,1,1,48,65,2.414923776414465e-06,6.739055136939431e-06,318,319,1.193692520881521e-07,1.189950538057441e-07,319,0,1
1761,0,0,CADC0894,1,383,384,0.0136530186197916,0.0002263734103888,0.0150457106973674,-1.244681164585733,0.580399499944089,15,1,1,64,66,3.3195859080214097e-06,9.802047141248166e-06,383,384,5.910532908325757e-07,5.895140895543659e-07,384,0,0
1762,0,1,CADC0894,1,376,377,0.0201402549602122,0.0003977744909759,0.0199442846694468,-1.519431610150907,0.3459255931753845,15,2,1,80,82,4.646645304512233e-06,1.397737157139093e-05,376,377,1.0579108802551343e-06,1.0551047505992853e-06,377,0,1
1763,0,0,CADC0894,1,381,382,0.0125481630104712,0.0001921585145405,0.0138621251812476,-1.384597426719372,0.5252180935153629,20,1,2,68,80,3.593061317738584e-06,1.0954672829335268e-05,381,382,5.043530565369573e-07,5.030327605774365e-07,382,0,0
1764,0,0,CADC0894,1,292,293,0.0053113311945392,3.1568660888938166e-05,0.0056185995487254,-1.2625628102752349,0.5062466581173669,41,1,2,52,64,3.777504662102739e-06,1.1947242107331268e-05,292,293,1.0811185235937729e-07,1.0774286992811661e-07,293,0,0
1765,0,1,CADC0894,1,353,354,0.0042542876836158,2.840117861695113e-05,0.0053292756184073,-0.9422392906544044,0.7956672621718277,34,1,1,49,60,2.2545406097813023e-06,6.425841215060795e-06,353,354,8.045659664858678e-08,8.02293181269806e-08,354,0,1
1766,0,1,CADC0894,1,502,503,0.015177822445328,0.0002674729277935,0.0163545995913557,-1.4206048495491284,0.4814792078256347,16,1,1,79,97,2.8673234159127483e-06,8.479900277849898e-06,502,503,5.328145971983529e-07,5.317553236452746e-07,503,0,1
1767,0,1,CADC0894,1,472,473,0.0134972847145877,0.0002047668943782,0.0143096783464294,-1.3513433056098154,0.5009595483644288,20,2,1,74,90,2.959756817051272e-06,8.542093675934184e-06,472,473,4.338281660556634e-07,4.329109817722477e-07,473,0,1
1768,1,1,CADC0894,1,352,353,0.0059516542776203,0.0001741676869847,0.0131972605863774,3.136704599804367,2.1360547250641617,5,2,1,7,20,1.0318367543568753e-05,1.444565506959886e-05,352,353,4.947945652975908e-07,4.933928809766345e-07,353,1,1
1769,0,1,CADC0894,1,565,566,0.0296299917491166,0.0040061225463965,0.0632939376749193,2.3706972179766144,1.979185030208043,3,1,1,42,46,4.341238896772035e-06,3.4241713888471597e-06,565,566,7.090482383002798e-06,7.077955028969224e-06,566,0,1
1770,0,1,CADC0894,1,426,427,0.055519689320843,0.0083169743197939,0.0911974468929582,0.1107984339480894,1.3268528373698936,5,1,1,15,41,7.79001599571221e-06,5.400344761799534e-06,426,427,1.95234138962299e-05,1.947769161544248e-05,427,0,1
1771,0,0,CADC0894,1,431,432,0.0366314707175925,0.004607717928683,0.0678801733106439,0.8109464878351038,1.5772147920938602,4,1,1,20,45,6.81715597072761e-06,5.058189246154414e-06,431,432,1.069076085541312e-05,1.0666013723803368e-05,432,0,0
1772,1,1,CADC0894,1,422,423,0.0251077328368794,0.0018975210978149,0.0435605451964847,1.1015607888192598,1.6105038334748891,6,1,1,32,45,1.231558797550664e-05,1.3905708298078389e-05,422,423,4.496495492452593e-06,4.485865479468072e-06,423,1,1
1773,1,1,CADC0894,1,404,405,0.0422031018518518,0.0031337293785815,0.0559797229234079,0.4142055675310878,1.3880933048380923,2,1,1,38,77,1.0676775672485604e-05,1.0152919050263044e-05,404,405,7.756755887578041e-06,7.737603403905008e-06,405,1,1
1774,1,1,CADC0894,1,533,534,0.0872241507677902,0.0134383291296256,0.1159238074324063,0.6458721370897269,1.4407521972007058,2,1,1,83,126,1.5321184120174488e-05,1.544535390507895e-05,533,534,2.5212625008678467e-05,2.516541035510416e-05,534,1,1
1775,0,1,CADC0894,1,323,324,0.1671471267901234,0.0255824325238986,0.1599450922157309,-1.3837644023355482,0.5359707222750054,2,1,1,84,99,2.0696882268515013e-05,1.7038992314641005e-05,323,324,7.920257747337053e-05,7.895812507376136e-05,324,0,1
1776,1,1,CADC0894,1,356,357,0.1546062842577031,0.0328883465591848,0.181351444877577,-1.2093152568628651,0.6891624235406623,2,1,1,22,86,3.119086542059258e-05,1.7605906354007656e-05,356,357,9.238299595276644e-05,9.21242200537391e-05,357,1,1
1777,0,1,CADC0894,1,504,505,0.0609375347128712,0.0083526255508445,0.0913926996583674,0.0683274710279788,1.3100831721486468,1,1,1,47,91,8.069420307290418e-06,9.84643103458011e-06,504,505,1.6572669743739183e-05,1.6539852575929796e-05,505,0,1
1778,0,1,CADC0894,1,488,489,0.0853414383435582,0.0174414843017791,0.1320662118097554,-0.2569863926452651,1.1903254998520012,2,1,1,11,33,1.977779979740901e-05,1.7922004170262425e-05,488,489,3.574074652003933e-05,3.566765705885316e-05,489,0,1
1779,1,1,CADC0894,1,471,472,0.0554463810381355,0.0081879163137146,0.0904871057870384,-0.1325529870044373,1.2656108133992885,3,2,1,23,56,1.3252857618459448e-05,7.64705425436128e-06,471,472,1.7384111069457933e-05,1.7347280325666707e-05,472,1,1
1780,0,1,CADC0894,1,438,439,0.0658991900683371,0.0089597546027105,0.094655980279698,-0.6476176213539806,1.0163103430125142,3,1,1,31,57,1.01326347881274e-05,8.232411937131814e-06,438,439,2.045606073678217e-05,2.040946378749565e-05,439,0,1
1781,1,1,CADC0894,1,457,458,0.1062420029475982,0.0191630611418877,0.1384307088108985,-0.8963981234648655,0.865647938486684,2,1,1,19,45,1.4848986790241577e-05,1.4626195894651315e-05,457,458,4.193230009165815e-05,4.184074485128335e-05,458,1,1
1782,0,0,CADC0894,1,573,574,0.0978481568815331,0.0212521517928223,0.1457811777727917,-0.3758599610422024,1.1288897954756294,2,1,1,76,77,9.11753926972461e-06,9.82407639840596e-06,573,574,3.708927014454155e-05,3.702465469132807e-05,574,0,0
1783,0,1,CADC0894,1,452,453,0.1459227029801324,0.0326932072537183,0.1808126302383723,-1.0689472954389707,0.7718678524936796,1,1,1,24,87,1.9554508344628327e-05,1.3775108977801468e-05,452,453,7.233010454362465e-05,7.217043543867184e-05,453,0,1
1784,0,1,CADC0894,1,509,510,0.1278679831568627,0.0223953863137669,0.1496508814333111,-0.8925752122077646,0.8602233524893466,1,2,1,115,122,1.046346704078426e-05,1.2399135616385115e-05,509,510,4.3998794329601065e-05,4.391252218385675e-05,510,0,1
1785,0,1,CADC0894,1,619,620,0.1931284041290322,0.065181508865305,0.2553066956922692,-0.9191629850526296,0.86943367176638,3,1,1,97,172,1.7877509729930233e-05,1.2950843748733704e-05,619,620,0.000105301306729,0.0001051314659117,620,0,1
1786,0,1,CADC0894,1,615,616,0.1866269634090909,0.0606114342655318,0.2461938956707332,-0.903169031446322,0.872781325289002,2,1,1,96,105,1.473784611581138e-05,9.67175953506358e-06,615,616,9.855517766753148e-05,9.839518549599328e-05,616,0,1
1787,0,1,CADC0894,1,736,737,0.1133664913704206,0.0245416182282454,0.1566576465680672,-0.6809965219583227,0.9857321188331712,5,1,1,112,114,6.51707321435217e-06,8.601531144472373e-06,736,737,3.334458998402918e-05,3.329934630698165e-05,737,0,1
1788,0,0,CADC0894,1,657,658,0.1720172841033434,0.043728083904914,0.2091126105831833,-1.170670561786698,0.7073004535804556,2,1,2,58,116,1.1130279066071236e-05,1.1415794358067383e-05,657,658,6.655720533472464e-05,6.645605456673874e-05,658,0,0
1789,0,1,CADC0894,1,826,827,0.2191326145828295,0.0732016341921716,0.2705580052265533,-1.102868214822334,0.7479213703975356,5,2,1,139,144,1.009549233612494e-05,9.73514217339636e-06,826,827,8.86218331624354e-05,8.851467254192459e-05,827,0,1
1790,0,1,CADC0894,1,707,708,0.237624665240113,0.0894192002535675,0.2990304336577927,-1.053026429328979,0.7751822285621829,4,1,1,46,100,1.7737588622909478e-05,9.85440940208357e-06,707,708,0.0001264769451959,0.0001262983054428,708,0,1
1791,0,1,CADC0894,1,738,739,0.2495836479566982,0.0894689619130556,0.299113627093544,-1.271971333092437,0.644151017088956,3,1,1,60,146,2.306313426704308e-05,1.9854071697083275e-05,738,739,0.0001212316557087,0.0001210676074601,739,0,1
1792,0,1,CADC0894,1,810,811,0.3029258830579531,0.1374417376311468,0.3707313550687975,-1.0574396165972462,0.7488743619810497,1,1,1,36,113,2.5405973892003583e-05,1.880498861035828e-05,810,811,0.0001696811575693,0.0001694719329607,811,0,1
1793,1,0,CADC0894,1,629,630,0.2147262847301587,0.0609475278553346,0.2468755310988406,-1.3228339964852194,0.6025396940366631,5,1,1,39,92,1.915308884249297e-05,1.584993959665543e-05,629,630,9.68959107398007e-05,9.674210770688038e-05,630,1,0
1794,0,1,CADC0894,1,710,711,0.2371555612798875,0.0865830897783407,0.2942500463523171,-1.1471626269711277,0.7355793312690079,1,1,1,33,102,2.3695362151592104e-05,1.8111231866748332e-05,710,711,0.0001219480137723,0.0001217764975785,711,0,1
1795,0,0,CADC0894,1,740,741,0.2334343359109311,0.0913261390795794,0.3022021493629379,-0.9786933695990364,0.8256536378653349,2,1,1,32,99,1.899623814943541e-05,1.0478514495343177e-05,740,741,0.0001234137014588,0.0001232471512544,741,0,0
